  Agent 0 seq_id=0 first_task_release=0 tasks=44
  Agent 4 seq_id=1 first_task_release=0 tasks=54
  Agent 8 seq_id=2 first_task_release=0 tasks=49
  Agent 3 seq_id=3 first_task_release=0 tasks=49
  Agent 1 seq_id=4 first_task_release=0 tasks=53
  Agent 2 seq_id=5 first_task_release=0 tasks=50
  Agent 5 seq_id=6 first_task_release=0 tasks=46
  Agent 7 seq_id=7 first_task_release=0 tasks=51
  Agent 6 seq_id=8 first_task_release=0 tasks=52
  Agent 9 seq_id=9 first_task_release=0 tasks=52
  CostFlow: agents=9 tasks=9 maxlen=19 global_makespan=1015
  CostFlow: agents=1 tasks=1 maxlen=1 global_makespan=1016
  CostFlow: agents=5 tasks=5 maxlen=20 global_makespan=1016
  CostFlow: agents=2 tasks=2 maxlen=6 global_makespan=1016
Agent 0 and 1 collide at location 216 at time 43
Warning: TestConstraints found future collision at timestep 2 (will be re-planned)
Agent 0 and 1 collide at location 216 at time 43
Warning: TestConstraints found future collision at end of timestep 2
  CostFlow: agents=1 tasks=1 maxlen=6 global_makespan=1016
Agent 0 and 1 collide at location 216 at time 43
Warning: TestConstraints found future collision at timestep 3 (will be re-planned)
Agent 0 and 1 collide at location 216 at time 43
Warning: TestConstraints found future collision at end of timestep 3
  CostFlow: agents=1 tasks=1 maxlen=6 global_makespan=1016
Agent 0 and 1 collide at location 216 at time 43
Warning: TestConstraints found future collision at timestep 4 (will be re-planned)
Agent 0 and 1 collide at location 216 at time 43
Warning: TestConstraints found future collision at end of timestep 4
  CostFlow: agents=0 tasks=0 maxlen=0 global_makespan=1016
Agent 0 and 1 collide at location 216 at time 43
Warning: TestConstraints found future collision at timestep 5 (will be re-planned)
Agent 0 and 1 collide at location 216 at time 43
Warning: TestConstraints found future collision at end of timestep 5
  CostFlow: agents=0 tasks=0 maxlen=0 global_makespan=1016
Agent 0 and 1 collide at location 216 at time 43
Warning: TestConstraints found future collision at timestep 6 (will be re-planned)
Agent 0 and 1 collide at location 216 at time 43
Warning: TestConstraints found future collision at end of timestep 6
  CostFlow: agents=0 tasks=0 maxlen=0 global_makespan=1016
Agent 0 and 1 collide at location 216 at time 43
Warning: TestConstraints found future collision at timestep 7 (will be re-planned)
Agent 0 and 1 collide at location 216 at time 43
Warning: TestConstraints found future collision at end of timestep 7
  CostFlow: agents=0 tasks=0 maxlen=0 global_makespan=1016
Agent 0 and 1 collide at location 216 at time 43
Warning: TestConstraints found future collision at timestep 8 (will be re-planned)
Agent 0 and 1 collide at location 216 at time 43
Warning: TestConstraints found future collision at end of timestep 8
  CostFlow: agents=0 tasks=0 maxlen=0 global_makespan=1016
Agent 0 and 1 collide at location 216 at time 43
Warning: TestConstraints found future collision at timestep 9 (will be re-planned)
Agent 0 and 1 collide at location 216 at time 43
Warning: TestConstraints found future collision at end of timestep 9
  CostFlow: agents=0 tasks=0 maxlen=0 global_makespan=1016
Agent 0 and 1 collide at location 216 at time 43
Warning: TestConstraints found future collision at timestep 10 (will be re-planned)
Agent 0 and 1 collide at location 216 at time 43
Warning: TestConstraints found future collision at end of timestep 10
  CostFlow: agents=0 tasks=0 maxlen=0 global_makespan=1016
Agent 0 and 1 collide at location 216 at time 43
Warning: TestConstraints found future collision at timestep 11 (will be re-planned)
Agent 0 and 1 collide at location 216 at time 43
Warning: TestConstraints found future collision at end of timestep 11
  CostFlow: agents=0 tasks=0 maxlen=0 global_makespan=1016
Agent 0 and 1 collide at location 216 at time 43
Warning: TestConstraints found future collision at timestep 12 (will be re-planned)
Agent 0 and 1 collide at location 216 at time 43
Warning: TestConstraints found future collision at end of timestep 12
  CostFlow: agents=0 tasks=0 maxlen=0 global_makespan=1016
Agent 0 and 1 collide at location 216 at time 43
Warning: TestConstraints found future collision at timestep 13 (will be re-planned)
Agent 0 and 1 collide at location 216 at time 43
Warning: TestConstraints found future collision at end of timestep 13
  CostFlow: agents=0 tasks=0 maxlen=0 global_makespan=1016
Agent 0 and 1 collide at location 216 at time 43
Warning: TestConstraints found future collision at timestep 14 (will be re-planned)
Agent 0 and 1 collide at location 216 at time 43
Warning: TestConstraints found future collision at end of timestep 14
  CostFlow: agents=0 tasks=0 maxlen=0 global_makespan=1016
Agent 0 and 1 collide at location 216 at time 43
Warning: TestConstraints found future collision at timestep 15 (will be re-planned)
Agent 0 and 1 collide at location 216 at time 43
Warning: TestConstraints found future collision at end of timestep 15
  CostFlow: agents=1 tasks=1 maxlen=18 global_makespan=1016
Agent 0 and 1 collide at location 216 at time 43
Warning: TestConstraints found future collision at timestep 16 (will be re-planned)
Agent 0 and 1 collide at location 216 at time 43
Warning: TestConstraints found future collision at end of timestep 16
  CostFlow: agents=0 tasks=0 maxlen=0 global_makespan=1016
Agent 0 and 1 collide at location 216 at time 43
Warning: TestConstraints found future collision at timestep 17 (will be re-planned)
Agent 0 and 1 collide at location 216 at time 43
Warning: TestConstraints found future collision at end of timestep 17
  CostFlow: agents=0 tasks=0 maxlen=0 global_makespan=1016
Agent 0 and 1 collide at location 216 at time 43
Warning: TestConstraints found future collision at timestep 18 (will be re-planned)
Agent 0 and 1 collide at location 216 at time 43
Warning: TestConstraints found future collision at end of timestep 18
  CostFlow: agents=1 tasks=1 maxlen=24 global_makespan=1016
Agent 2 and 6 collide at location 81 at time 24
Warning: TestConstraints found future collision at timestep 19 (will be re-planned)
Agent 2 and 6 collide at location 81 at time 24
Warning: TestConstraints found future collision at end of timestep 19
  CostFlow: agents=0 tasks=0 maxlen=0 global_makespan=1016
Agent 2 and 6 collide at location 225 at time 62
Warning: TestConstraints found future collision at timestep 20 (will be re-planned)
Agent 2 and 6 collide at location 225 at time 62
Warning: TestConstraints found future collision at end of timestep 20
  CostFlow: agents=0 tasks=0 maxlen=0 global_makespan=1016
Agent 2 and 6 collide at location 225 at time 62
Warning: TestConstraints found future collision at timestep 21 (will be re-planned)
Agent 2 and 6 collide at location 225 at time 62
Warning: TestConstraints found future collision at end of timestep 21
  CostFlow: agents=0 tasks=0 maxlen=0 global_makespan=1016
Agent 2 and 6 collide at location 225 at time 62
Warning: TestConstraints found future collision at timestep 22 (will be re-planned)
Agent 2 and 6 collide at location 225 at time 62
Warning: TestConstraints found future collision at end of timestep 22
  CostFlow: agents=1 tasks=1 maxlen=38 global_makespan=1016
Agent 2 and 6 collide at location 225 at time 62
Warning: TestConstraints found future collision at timestep 23 (will be re-planned)
Agent 2 and 6 collide at location 225 at time 62
Warning: TestConstraints found future collision at end of timestep 23
  CostFlow: agents=1 tasks=1 maxlen=38 global_makespan=1016
Agent 2 and 6 collide at location 225 at time 62
Warning: TestConstraints found future collision at timestep 24 (will be re-planned)
Agent 2 and 6 collide at location 225 at time 62
Warning: TestConstraints found future collision at end of timestep 24
  CostFlow: agents=0 tasks=0 maxlen=0 global_makespan=1016
Agent 2 and 6 collide at location 225 at time 62
Warning: TestConstraints found future collision at timestep 25 (will be re-planned)
Agent 2 and 6 collide at location 225 at time 62
Warning: TestConstraints found future collision at end of timestep 25
  CostFlow: agents=0 tasks=0 maxlen=0 global_makespan=1016
Agent 2 and 6 collide at location 225 at time 62
Warning: TestConstraints found future collision at timestep 26 (will be re-planned)
Agent 2 and 6 collide at location 225 at time 62
Warning: TestConstraints found future collision at end of timestep 26
  CostFlow: agents=0 tasks=0 maxlen=0 global_makespan=1016
Agent 2 and 6 collide at location 225 at time 62
Warning: TestConstraints found future collision at timestep 27 (will be re-planned)
Agent 2 and 6 collide at location 225 at time 62
Warning: TestConstraints found future collision at end of timestep 27
  CostFlow: agents=0 tasks=0 maxlen=0 global_makespan=1016
Agent 2 and 6 collide at location 225 at time 62
Warning: TestConstraints found future collision at timestep 28 (will be re-planned)
Agent 2 and 6 collide at location 225 at time 62
Warning: TestConstraints found future collision at end of timestep 28
  CostFlow: agents=0 tasks=0 maxlen=0 global_makespan=1016
Agent 2 and 6 collide at location 225 at time 62
Warning: TestConstraints found future collision at timestep 29 (will be re-planned)
Agent 2 and 6 collide at location 225 at time 62
Warning: TestConstraints found future collision at end of timestep 29
  CostFlow: agents=0 tasks=0 maxlen=0 global_makespan=1016
Agent 2 and 6 collide at location 225 at time 62
Warning: TestConstraints found future collision at timestep 30 (will be re-planned)
Agent 2 and 6 collide at location 225 at time 62
Warning: TestConstraints found future collision at end of timestep 30
  CostFlow: agents=0 tasks=0 maxlen=0 global_makespan=1016
Agent 2 and 6 collide at location 225 at time 62
Warning: TestConstraints found future collision at timestep 31 (will be re-planned)
Agent 2 and 6 collide at location 225 at time 62
Warning: TestConstraints found future collision at end of timestep 31
  CostFlow: agents=0 tasks=0 maxlen=0 global_makespan=1016
Agent 2 and 6 collide at location 225 at time 62
Warning: TestConstraints found future collision at timestep 32 (will be re-planned)
Agent 2 and 6 collide at location 225 at time 62
Warning: TestConstraints found future collision at end of timestep 32
  CostFlow: agents=0 tasks=0 maxlen=0 global_makespan=1016
Agent 2 and 6 collide at location 225 at time 62
Warning: TestConstraints found future collision at timestep 33 (will be re-planned)
Agent 2 and 6 collide at location 225 at time 62
Warning: TestConstraints found future collision at end of timestep 33
  CostFlow: agents=3 tasks=3 maxlen=56 global_makespan=1016
Agent 2 and 6 collide at location 225 at time 62
Warning: TestConstraints found future collision at timestep 34 (will be re-planned)
Agent 2 and 6 collide at location 225 at time 62
Warning: TestConstraints found future collision at end of timestep 34
  CostFlow: agents=1 tasks=1 maxlen=56 global_makespan=1016
Agent 2 and 6 collide at location 225 at time 62
Warning: TestConstraints found future collision at timestep 35 (will be re-planned)
Agent 2 and 6 collide at location 225 at time 62
Warning: TestConstraints found future collision at end of timestep 35
  CostFlow: agents=1 tasks=1 maxlen=56 global_makespan=1016
Agent 2 and 6 collide at location 225 at time 62
Warning: TestConstraints found future collision at timestep 36 (will be re-planned)
Agent 2 and 6 collide at location 225 at time 62
Warning: TestConstraints found future collision at end of timestep 36
  CostFlow: agents=1 tasks=1 maxlen=56 global_makespan=1016
Agent 2 and 6 collide at location 225 at time 62
Warning: TestConstraints found future collision at timestep 37 (will be re-planned)
Agent 2 and 6 collide at location 225 at time 62
Warning: TestConstraints found future collision at end of timestep 37
  CostFlow: agents=0 tasks=0 maxlen=0 global_makespan=1016
Agent 2 and 6 collide at location 225 at time 62
Warning: TestConstraints found future collision at timestep 38 (will be re-planned)
Agent 2 and 6 collide at location 225 at time 62
Warning: TestConstraints found future collision at end of timestep 38
  CostFlow: agents=1 tasks=1 maxlen=41 global_makespan=1016
  CostFlow: agents=1 tasks=1 maxlen=52 global_makespan=1016
Agent 6 and 8 collide at location 610 at time 63
Warning: TestConstraints found future collision at timestep 40 (will be re-planned)
Agent 6 and 8 collide at location 610 at time 63
Warning: TestConstraints found future collision at end of timestep 40
  CostFlow: agents=0 tasks=0 maxlen=0 global_makespan=1016
Agent 0 and 7 collide at location 549 at time 62
Warning: TestConstraints found future collision at timestep 41 (will be re-planned)
Agent 0 and 7 collide at location 549 at time 62
Warning: TestConstraints found future collision at end of timestep 41
  CostFlow: agents=0 tasks=0 maxlen=0 global_makespan=1016
Agent 0 and 7 collide at location 549 at time 62
Warning: TestConstraints found future collision at timestep 42 (will be re-planned)
Agent 0 and 7 collide at location 549 at time 62
Warning: TestConstraints found future collision at end of timestep 42
  CostFlow: agents=1 tasks=1 maxlen=48 global_makespan=1016
Agent 6 and 8 collide at location 610 at time 63
Warning: TestConstraints found future collision at timestep 43 (will be re-planned)
Agent 6 and 8 collide at location 610 at time 63
Warning: TestConstraints found future collision at end of timestep 43
  CostFlow: agents=1 tasks=1 maxlen=48 global_makespan=1016
  CostFlow: agents=1 tasks=1 maxlen=52 global_makespan=1016
Agent 0 and 7 collide at location 549 at time 62
Warning: TestConstraints found future collision at timestep 44 (will be re-planned)
Agent 0 and 7 collide at location 549 at time 62
Warning: TestConstraints found future collision at end of timestep 44
  CostFlow: agents=1 tasks=1 maxlen=52 global_makespan=1016
Agent 4 and 7 collide at edge 240-277 at time 57
Warning: TestConstraints found future collision at timestep 45 (will be re-planned)
Agent 4 and 7 collide at edge 240-277 at time 57
Warning: TestConstraints found future collision at end of timestep 45
  CostFlow: agents=1 tasks=1 maxlen=52 global_makespan=1016
Agent 4 and 7 collide at edge 240-277 at time 57
Warning: TestConstraints found future collision at timestep 46 (will be re-planned)
Agent 4 and 7 collide at edge 240-277 at time 57
Warning: TestConstraints found future collision at end of timestep 46
  CostFlow: agents=1 tasks=1 maxlen=52 global_makespan=1016
Agent 4 and 7 collide at edge 240-277 at time 57
Warning: TestConstraints found future collision at timestep 47 (will be re-planned)
Agent 4 and 7 collide at edge 240-277 at time 57
Warning: TestConstraints found future collision at end of timestep 47
  CostFlow: agents=1 tasks=1 maxlen=52 global_makespan=1016
Agent 4 and 7 collide at edge 240-277 at time 57
Warning: TestConstraints found future collision at timestep 48 (will be re-planned)
Agent 4 and 7 collide at edge 240-277 at time 57
Warning: TestConstraints found future collision at end of timestep 48
  CostFlow: agents=1 tasks=1 maxlen=52 global_makespan=1016
Agent 4 and 7 collide at edge 240-277 at time 57
Warning: TestConstraints found future collision at timestep 49 (will be re-planned)
Agent 4 and 7 collide at edge 240-277 at time 57
Warning: TestConstraints found future collision at end of timestep 49
  CostFlow: agents=1 tasks=1 maxlen=52 global_makespan=1016
Agent 4 and 7 collide at edge 240-277 at time 57
Warning: TestConstraints found future collision at timestep 50 (will be re-planned)
Agent 4 and 7 collide at edge 240-277 at time 57
Warning: TestConstraints found future collision at end of timestep 50
  CostFlow: agents=1 tasks=1 maxlen=52 global_makespan=1016
Agent 4 and 7 collide at edge 240-277 at time 57
Warning: TestConstraints found future collision at timestep 51 (will be re-planned)
Agent 4 and 7 collide at edge 240-277 at time 57
Warning: TestConstraints found future collision at end of timestep 51
  CostFlow: agents=0 tasks=0 maxlen=0 global_makespan=1016
Agent 2 and 3 collide at location 461 at time 74
Warning: TestConstraints found future collision at timestep 52 (will be re-planned)
Agent 2 and 3 collide at location 461 at time 74
Warning: TestConstraints found future collision at end of timestep 52
  CostFlow: agents=0 tasks=0 maxlen=0 global_makespan=1016
Agent 2 and 3 collide at location 461 at time 74
Warning: TestConstraints found future collision at timestep 53 (will be re-planned)
Agent 2 and 3 collide at location 461 at time 74
Warning: TestConstraints found future collision at end of timestep 53
  CostFlow: agents=0 tasks=0 maxlen=0 global_makespan=1016
Agent 2 and 3 collide at location 461 at time 74
Warning: TestConstraints found future collision at timestep 54 (will be re-planned)
Agent 2 and 3 collide at location 461 at time 74
Warning: TestConstraints found future collision at end of timestep 54
  CostFlow: agents=1 tasks=1 maxlen=57 global_makespan=1016
Agent 2 and 3 collide at location 461 at time 74
Warning: TestConstraints found future collision at timestep 55 (will be re-planned)
Agent 2 and 3 collide at location 461 at time 74
Warning: TestConstraints found future collision at end of timestep 55
  CostFlow: agents=0 tasks=0 maxlen=0 global_makespan=1016
Agent 2 and 3 collide at location 461 at time 74
Warning: TestConstraints found future collision at timestep 56 (will be re-planned)
Agent 2 and 3 collide at location 461 at time 74
Warning: TestConstraints found future collision at end of timestep 56
  CostFlow: agents=0 tasks=0 maxlen=0 global_makespan=1016
Agent 2 and 3 collide at location 461 at time 74
Warning: TestConstraints found future collision at timestep 57 (will be re-planned)
Agent 2 and 3 collide at location 461 at time 74
Warning: TestConstraints found future collision at end of timestep 57
  CostFlow: agents=0 tasks=0 maxlen=0 global_makespan=1016
Agent 2 and 3 collide at location 461 at time 74
Warning: TestConstraints found future collision at timestep 58 (will be re-planned)
Agent 2 and 3 collide at location 461 at time 74
Warning: TestConstraints found future collision at end of timestep 58
  CostFlow: agents=0 tasks=0 maxlen=0 global_makespan=1016
Agent 2 and 3 collide at location 461 at time 74
Warning: TestConstraints found future collision at timestep 59 (will be re-planned)
Agent 2 and 3 collide at location 461 at time 74
Warning: TestConstraints found future collision at end of timestep 59
  CostFlow: agents=0 tasks=0 maxlen=0 global_makespan=1016
Agent 2 and 3 collide at location 461 at time 74
Warning: TestConstraints found future collision at timestep 60 (will be re-planned)
Agent 2 and 3 collide at location 461 at time 74
Warning: TestConstraints found future collision at end of timestep 60
  CostFlow: agents=1 tasks=1 maxlen=66 global_makespan=1016
Agent 2 and 7 collide at location 425 at time 74
Warning: TestConstraints found future collision at timestep 61 (will be re-planned)
Agent 2 and 7 collide at location 425 at time 74
Warning: TestConstraints found future collision at end of timestep 61
  CostFlow: agents=0 tasks=0 maxlen=0 global_makespan=1016
Agent 2 and 7 collide at location 425 at time 74
Warning: TestConstraints found future collision at timestep 62 (will be re-planned)
Agent 2 and 7 collide at location 425 at time 74
Warning: TestConstraints found future collision at end of timestep 62
  CostFlow: agents=1 tasks=1 maxlen=64 global_makespan=1016
  CostFlow: agents=0 tasks=0 maxlen=0 global_makespan=1016
  CostFlow: agents=0 tasks=0 maxlen=0 global_makespan=1016
  CostFlow: agents=1 tasks=1 maxlen=85 global_makespan=1016
  CostFlow: agents=1 tasks=1 maxlen=88 global_makespan=1019
  CostFlow: agents=2 tasks=2 maxlen=88 global_makespan=1019
  CostFlow: agents=2 tasks=2 maxlen=88 global_makespan=1019
  CostFlow: agents=2 tasks=2 maxlen=88 global_makespan=1019
  CostFlow: agents=3 tasks=3 maxlen=88 global_makespan=1019
  CostFlow: agents=2 tasks=2 maxlen=88 global_makespan=1019
  CostFlow: agents=2 tasks=2 maxlen=88 global_makespan=1019
  CostFlow: agents=2 tasks=2 maxlen=88 global_makespan=1019
  CostFlow: agents=2 tasks=2 maxlen=88 global_makespan=1019
  CostFlow: agents=2 tasks=2 maxlen=88 global_makespan=1019
  CostFlow: agents=2 tasks=2 maxlen=88 global_makespan=1019
  CostFlow: agents=4 tasks=4 maxlen=104 global_makespan=1019
  CostFlow: agents=3 tasks=3 maxlen=104 global_makespan=1019
  CostFlow: agents=2 tasks=2 maxlen=104 global_makespan=1019
Agent 0 and 1 collide at location 216 at time 123
Warning: TestConstraints found future collision at timestep 80 (will be re-planned)
Agent 0 and 1 collide at location 216 at time 123
Warning: TestConstraints found future collision at end of timestep 80
  CostFlow: agents=2 tasks=2 maxlen=104 global_makespan=1019
Agent 0 and 1 collide at location 216 at time 123
Warning: TestConstraints found future collision at timestep 81 (will be re-planned)
Agent 0 and 1 collide at location 216 at time 123
Warning: TestConstraints found future collision at end of timestep 81
  CostFlow: agents=2 tasks=2 maxlen=104 global_makespan=1019
Agent 0 and 1 collide at location 216 at time 123
Warning: TestConstraints found future collision at timestep 82 (will be re-planned)
Agent 0 and 1 collide at location 216 at time 123
Warning: TestConstraints found future collision at end of timestep 82
  CostFlow: agents=2 tasks=2 maxlen=104 global_makespan=1019
Agent 0 and 1 collide at location 216 at time 123
Warning: TestConstraints found future collision at timestep 83 (will be re-planned)
Agent 0 and 1 collide at location 216 at time 123
Warning: TestConstraints found future collision at end of timestep 83
  CostFlow: agents=2 tasks=2 maxlen=104 global_makespan=1019
Agent 0 and 1 collide at location 216 at time 123
Warning: TestConstraints found future collision at timestep 84 (will be re-planned)
Agent 0 and 1 collide at location 216 at time 123
Warning: TestConstraints found future collision at end of timestep 84
  CostFlow: agents=1 tasks=1 maxlen=88 global_makespan=1019
Agent 0 and 1 collide at location 216 at time 123
Warning: TestConstraints found future collision at timestep 85 (will be re-planned)
Agent 0 and 1 collide at location 216 at time 123
Warning: TestConstraints found future collision at end of timestep 85
  CostFlow: agents=1 tasks=1 maxlen=88 global_makespan=1019
Agent 0 and 1 collide at location 216 at time 123
Warning: TestConstraints found future collision at timestep 86 (will be re-planned)
Agent 0 and 1 collide at location 216 at time 123
Warning: TestConstraints found future collision at end of timestep 86
  CostFlow: agents=2 tasks=2 maxlen=91 global_makespan=1019
Agent 0 and 1 collide at location 216 at time 123
Warning: TestConstraints found future collision at timestep 87 (will be re-planned)
Agent 0 and 1 collide at location 216 at time 123
Warning: TestConstraints found future collision at end of timestep 87
  CostFlow: agents=0 tasks=0 maxlen=0 global_makespan=1019
Agent 0 and 1 collide at location 216 at time 123
Warning: TestConstraints found future collision at timestep 88 (will be re-planned)
Agent 0 and 1 collide at location 216 at time 123
Warning: TestConstraints found future collision at end of timestep 88
  CostFlow: agents=1 tasks=1 maxlen=102 global_makespan=1019
Agent 0 and 1 collide at location 216 at time 123
Warning: TestConstraints found future collision at timestep 89 (will be re-planned)
Agent 0 and 1 collide at location 216 at time 123
Warning: TestConstraints found future collision at end of timestep 89
  CostFlow: agents=1 tasks=1 maxlen=102 global_makespan=1019
Agent 0 and 1 collide at location 216 at time 123
Warning: TestConstraints found future collision at timestep 90 (will be re-planned)
Agent 0 and 1 collide at location 216 at time 123
Warning: TestConstraints found future collision at end of timestep 90
  CostFlow: agents=1 tasks=1 maxlen=102 global_makespan=1019
Agent 0 and 1 collide at location 216 at time 123
Warning: TestConstraints found future collision at timestep 91 (will be re-planned)
Agent 0 and 1 collide at location 216 at time 123
Warning: TestConstraints found future collision at end of timestep 91
  CostFlow: agents=1 tasks=1 maxlen=102 global_makespan=1019
Agent 0 and 1 collide at location 216 at time 123
Warning: TestConstraints found future collision at timestep 92 (will be re-planned)
Agent 0 and 1 collide at location 216 at time 123
Warning: TestConstraints found future collision at end of timestep 92
  CostFlow: agents=2 tasks=2 maxlen=102 global_makespan=1019
Agent 0 and 1 collide at location 216 at time 123
Warning: TestConstraints found future collision at timestep 93 (will be re-planned)
Agent 0 and 1 collide at location 216 at time 123
Warning: TestConstraints found future collision at end of timestep 93
  CostFlow: agents=2 tasks=2 maxlen=105 global_makespan=1019
Agent 0 and 1 collide at location 216 at time 123
Warning: TestConstraints found future collision at timestep 94 (will be re-planned)
Agent 0 and 1 collide at location 216 at time 123
Warning: TestConstraints found future collision at end of timestep 94
  CostFlow: agents=2 tasks=2 maxlen=105 global_makespan=1019
  CostFlow: agents=2 tasks=2 maxlen=105 global_makespan=1019
  CostFlow: agents=2 tasks=2 maxlen=105 global_makespan=1019
  CostFlow: agents=1 tasks=1 maxlen=102 global_makespan=1019
  CostFlow: agents=0 tasks=0 maxlen=0 global_makespan=1019
Agent 0 and 8 collide at location 327 at time 120
Warning: TestConstraints found future collision at timestep 99 (will be re-planned)
Agent 0 and 8 collide at location 327 at time 120
Warning: TestConstraints found future collision at end of timestep 99
  CostFlow: agents=1 tasks=1 maxlen=128 global_makespan=1019
  CostFlow: agents=1 tasks=1 maxlen=128 global_makespan=1019
  CostFlow: agents=1 tasks=1 maxlen=128 global_makespan=1019
  CostFlow: agents=1 tasks=1 maxlen=128 global_makespan=1019
  CostFlow: agents=1 tasks=1 maxlen=128 global_makespan=1019
  CostFlow: agents=2 tasks=2 maxlen=128 global_makespan=1019
  CostFlow: agents=1 tasks=1 maxlen=128 global_makespan=1019
Agent 4 and 7 collide at location 551 at time 145
Warning: TestConstraints found future collision at timestep 106 (will be re-planned)
Agent 4 and 7 collide at location 551 at time 145
Warning: TestConstraints found future collision at end of timestep 106
  CostFlow: agents=1 tasks=1 maxlen=128 global_makespan=1019
Agent 4 and 7 collide at location 551 at time 145
Warning: TestConstraints found future collision at timestep 107 (will be re-planned)
Agent 4 and 7 collide at location 551 at time 145
Warning: TestConstraints found future collision at end of timestep 107
  CostFlow: agents=1 tasks=1 maxlen=128 global_makespan=1019
  CostFlow: agents=1 tasks=1 maxlen=128 global_makespan=1019
  CostFlow: agents=1 tasks=1 maxlen=128 global_makespan=1019
Agent 3 and 4 collide at location 366 at time 153
Warning: TestConstraints found future collision at timestep 110 (will be re-planned)
Agent 3 and 4 collide at location 366 at time 153
Warning: TestConstraints found future collision at end of timestep 110
  CostFlow: agents=1 tasks=1 maxlen=128 global_makespan=1019
Agent 3 and 4 collide at location 366 at time 153
Warning: TestConstraints found future collision at timestep 111 (will be re-planned)
Agent 3 and 4 collide at location 366 at time 153
Warning: TestConstraints found future collision at end of timestep 111
  CostFlow: agents=1 tasks=1 maxlen=128 global_makespan=1019
Agent 3 and 4 collide at location 366 at time 153
Warning: TestConstraints found future collision at timestep 112 (will be re-planned)
Agent 3 and 4 collide at location 366 at time 153
Warning: TestConstraints found future collision at end of timestep 112
  CostFlow: agents=1 tasks=1 maxlen=128 global_makespan=1019
Agent 3 and 4 collide at location 366 at time 153
Warning: TestConstraints found future collision at timestep 113 (will be re-planned)
Agent 3 and 4 collide at location 366 at time 153
Warning: TestConstraints found future collision at end of timestep 113
  CostFlow: agents=1 tasks=1 maxlen=124 global_makespan=1019
Agent 3 and 4 collide at location 366 at time 153
Warning: TestConstraints found future collision at timestep 114 (will be re-planned)
Agent 3 and 4 collide at location 366 at time 153
Warning: TestConstraints found future collision at end of timestep 114
  CostFlow: agents=3 tasks=3 maxlen=127 global_makespan=1019
Agent 0 and 8 collide at location 153 at time 142
Warning: TestConstraints found future collision at timestep 115 (will be re-planned)
Agent 0 and 8 collide at location 153 at time 142
Warning: TestConstraints found future collision at end of timestep 115
  CostFlow: agents=3 tasks=3 maxlen=127 global_makespan=1019
Agent 0 and 8 collide at location 153 at time 142
Warning: TestConstraints found future collision at timestep 116 (will be re-planned)
Agent 0 and 8 collide at location 153 at time 142
Warning: TestConstraints found future collision at end of timestep 116
  CostFlow: agents=3 tasks=3 maxlen=127 global_makespan=1019
Agent 0 and 8 collide at location 153 at time 142
Warning: TestConstraints found future collision at timestep 117 (will be re-planned)
Agent 0 and 8 collide at location 153 at time 142
Warning: TestConstraints found future collision at end of timestep 117
  CostFlow: agents=2 tasks=2 maxlen=127 global_makespan=1019
Agent 0 and 8 collide at location 153 at time 142
Warning: TestConstraints found future collision at timestep 118 (will be re-planned)
Agent 0 and 8 collide at location 153 at time 142
Warning: TestConstraints found future collision at end of timestep 118
  CostFlow: agents=2 tasks=2 maxlen=127 global_makespan=1019
Agent 0 and 8 collide at location 153 at time 142
Warning: TestConstraints found future collision at timestep 119 (will be re-planned)
Agent 0 and 8 collide at location 153 at time 142
Warning: TestConstraints found future collision at end of timestep 119
  CostFlow: agents=2 tasks=2 maxlen=140 global_makespan=1019
Agent 0 and 8 collide at location 153 at time 142
Warning: TestConstraints found future collision at timestep 120 (will be re-planned)
Agent 0 and 8 collide at location 153 at time 142
Warning: TestConstraints found future collision at end of timestep 120
  CostFlow: agents=2 tasks=2 maxlen=127 global_makespan=1019
Agent 0 and 8 collide at location 153 at time 142
Warning: TestConstraints found future collision at timestep 121 (will be re-planned)
Agent 0 and 8 collide at location 153 at time 142
Warning: TestConstraints found future collision at end of timestep 121
  CostFlow: agents=1 tasks=1 maxlen=127 global_makespan=1019
Agent 0 and 8 collide at location 153 at time 142
Warning: TestConstraints found future collision at timestep 122 (will be re-planned)
Agent 0 and 8 collide at location 153 at time 142
Warning: TestConstraints found future collision at end of timestep 122
  CostFlow: agents=1 tasks=1 maxlen=127 global_makespan=1019
Agent 0 and 8 collide at location 153 at time 142
Warning: TestConstraints found future collision at timestep 123 (will be re-planned)
Agent 0 and 8 collide at location 153 at time 142
Warning: TestConstraints found future collision at end of timestep 123
  CostFlow: agents=2 tasks=2 maxlen=129 global_makespan=1019
Agent 0 and 8 collide at location 153 at time 142
Warning: TestConstraints found future collision at timestep 124 (will be re-planned)
Agent 0 and 8 collide at location 153 at time 142
Warning: TestConstraints found future collision at end of timestep 124
  CostFlow: agents=1 tasks=1 maxlen=129 global_makespan=1019
Agent 0 and 8 collide at location 153 at time 142
Warning: TestConstraints found future collision at timestep 125 (will be re-planned)
Agent 0 and 8 collide at location 153 at time 142
Warning: TestConstraints found future collision at end of timestep 125
  CostFlow: agents=1 tasks=1 maxlen=129 global_makespan=1019
Agent 0 and 8 collide at location 153 at time 142
Warning: TestConstraints found future collision at timestep 126 (will be re-planned)
Agent 0 and 8 collide at location 153 at time 142
Warning: TestConstraints found future collision at end of timestep 126
  CostFlow: agents=1 tasks=1 maxlen=129 global_makespan=1019
Agent 0 and 8 collide at location 153 at time 142
Warning: TestConstraints found future collision at timestep 127 (will be re-planned)
Agent 0 and 8 collide at location 153 at time 142
Warning: TestConstraints found future collision at end of timestep 127
  CostFlow: agents=1 tasks=1 maxlen=129 global_makespan=1019
Agent 0 and 8 collide at location 153 at time 142
Warning: TestConstraints found future collision at timestep 128 (will be re-planned)
Agent 0 and 8 collide at location 153 at time 142
Warning: TestConstraints found future collision at end of timestep 128
  CostFlow: agents=1 tasks=1 maxlen=133 global_makespan=1019
Agent 0 and 8 collide at location 153 at time 142
Warning: TestConstraints found future collision at timestep 129 (will be re-planned)
Agent 0 and 8 collide at location 153 at time 142
Warning: TestConstraints found future collision at end of timestep 129
  CostFlow: agents=1 tasks=1 maxlen=133 global_makespan=1019
Agent 0 and 8 collide at location 153 at time 142
Warning: TestConstraints found future collision at timestep 130 (will be re-planned)
Agent 0 and 8 collide at location 153 at time 142
Warning: TestConstraints found future collision at end of timestep 130
  CostFlow: agents=0 tasks=0 maxlen=0 global_makespan=1019
Agent 0 and 8 collide at location 153 at time 142
Warning: TestConstraints found future collision at timestep 131 (will be re-planned)
Agent 0 and 8 collide at location 153 at time 142
Warning: TestConstraints found future collision at end of timestep 131
  CostFlow: agents=0 tasks=0 maxlen=0 global_makespan=1019
Agent 0 and 8 collide at location 153 at time 142
Warning: TestConstraints found future collision at timestep 132 (will be re-planned)
Agent 0 and 8 collide at location 153 at time 142
Warning: TestConstraints found future collision at end of timestep 132
  CostFlow: agents=0 tasks=0 maxlen=0 global_makespan=1019
Agent 0 and 8 collide at location 153 at time 142
Warning: TestConstraints found future collision at timestep 133 (will be re-planned)
Agent 0 and 8 collide at location 153 at time 142
Warning: TestConstraints found future collision at end of timestep 133
  CostFlow: agents=0 tasks=0 maxlen=0 global_makespan=1019
Agent 0 and 8 collide at location 153 at time 142
Warning: TestConstraints found future collision at timestep 134 (will be re-planned)
Agent 0 and 8 collide at location 153 at time 142
Warning: TestConstraints found future collision at end of timestep 134
  CostFlow: agents=0 tasks=0 maxlen=0 global_makespan=1019
Agent 0 and 8 collide at location 153 at time 142
Warning: TestConstraints found future collision at timestep 135 (will be re-planned)
Agent 0 and 8 collide at location 153 at time 142
Warning: TestConstraints found future collision at end of timestep 135
  CostFlow: agents=0 tasks=0 maxlen=0 global_makespan=1019
Agent 0 and 8 collide at location 153 at time 142
Warning: TestConstraints found future collision at timestep 136 (will be re-planned)
Agent 0 and 8 collide at location 153 at time 142
Warning: TestConstraints found future collision at end of timestep 136
  CostFlow: agents=0 tasks=0 maxlen=0 global_makespan=1019
Agent 0 and 8 collide at location 153 at time 142
Warning: TestConstraints found future collision at timestep 137 (will be re-planned)
Agent 0 and 8 collide at location 153 at time 142
Warning: TestConstraints found future collision at end of timestep 137
  CostFlow: agents=0 tasks=0 maxlen=0 global_makespan=1019
Agent 0 and 8 collide at location 153 at time 142
Warning: TestConstraints found future collision at timestep 138 (will be re-planned)
Agent 0 and 8 collide at location 153 at time 142
Warning: TestConstraints found future collision at end of timestep 138
  CostFlow: agents=0 tasks=0 maxlen=0 global_makespan=1019
Agent 0 and 8 collide at location 153 at time 142
Warning: TestConstraints found future collision at timestep 139 (will be re-planned)
Agent 0 and 8 collide at location 153 at time 142
Warning: TestConstraints found future collision at end of timestep 139
  CostFlow: agents=3 tasks=3 maxlen=156 global_makespan=1019
Agent 1 and 6 collide at edge 529-530 at time 146
Warning: TestConstraints found future collision at timestep 140 (will be re-planned)
Agent 1 and 6 collide at edge 529-530 at time 146
Warning: TestConstraints found future collision at end of timestep 140
  CostFlow: agents=4 tasks=4 maxlen=161 global_makespan=1019
Agent 1 and 6 collide at edge 529-530 at time 146
Warning: TestConstraints found future collision at timestep 141 (will be re-planned)
Agent 1 and 6 collide at edge 529-530 at time 146
Warning: TestConstraints found future collision at end of timestep 141
  CostFlow: agents=1 tasks=1 maxlen=145 global_makespan=1019
Agent 0 and 1 collide at location 216 at time 191
Warning: TestConstraints found future collision at timestep 142 (will be re-planned)
Agent 0 and 1 collide at location 216 at time 191
Warning: TestConstraints found future collision at end of timestep 142
  CostFlow: agents=0 tasks=0 maxlen=0 global_makespan=1019
Agent 0 and 1 collide at location 216 at time 191
Warning: TestConstraints found future collision at timestep 143 (will be re-planned)
Agent 0 and 1 collide at location 216 at time 191
Warning: TestConstraints found future collision at end of timestep 143
  CostFlow: agents=1 tasks=1 maxlen=153 global_makespan=1019
Agent 0 and 1 collide at location 216 at time 191
Warning: TestConstraints found future collision at timestep 144 (will be re-planned)
Agent 0 and 1 collide at location 216 at time 191
Warning: TestConstraints found future collision at end of timestep 144
  CostFlow: agents=1 tasks=1 maxlen=153 global_makespan=1019
Agent 0 and 1 collide at location 216 at time 191
Warning: TestConstraints found future collision at timestep 145 (will be re-planned)
Agent 0 and 1 collide at location 216 at time 191
Warning: TestConstraints found future collision at end of timestep 145
  CostFlow: agents=1 tasks=1 maxlen=153 global_makespan=1019
Agent 0 and 1 collide at location 216 at time 191
Warning: TestConstraints found future collision at timestep 146 (will be re-planned)
Agent 0 and 1 collide at location 216 at time 191
Warning: TestConstraints found future collision at end of timestep 146
  CostFlow: agents=0 tasks=0 maxlen=0 global_makespan=1019
Agent 0 and 1 collide at location 216 at time 191
Warning: TestConstraints found future collision at timestep 147 (will be re-planned)
Agent 0 and 1 collide at location 216 at time 191
Warning: TestConstraints found future collision at end of timestep 147
  CostFlow: agents=1 tasks=1 maxlen=150 global_makespan=1019
Agent 0 and 1 collide at location 216 at time 191
Warning: TestConstraints found future collision at timestep 148 (will be re-planned)
Agent 0 and 1 collide at location 216 at time 191
Warning: TestConstraints found future collision at end of timestep 148
  CostFlow: agents=1 tasks=1 maxlen=150 global_makespan=1019
Agent 0 and 1 collide at location 216 at time 191
Warning: TestConstraints found future collision at timestep 149 (will be re-planned)
Agent 0 and 1 collide at location 216 at time 191
Warning: TestConstraints found future collision at end of timestep 149
  CostFlow: agents=1 tasks=1 maxlen=156 global_makespan=1019
Agent 0 and 1 collide at location 216 at time 191
Warning: TestConstraints found future collision at timestep 150 (will be re-planned)
Agent 0 and 1 collide at location 216 at time 191
Warning: TestConstraints found future collision at end of timestep 150
  CostFlow: agents=2 tasks=2 maxlen=162 global_makespan=1020
Agent 0 and 1 collide at location 216 at time 191
Warning: TestConstraints found future collision at timestep 151 (will be re-planned)
Agent 0 and 1 collide at location 216 at time 191
Warning: TestConstraints found future collision at end of timestep 151
  CostFlow: agents=3 tasks=3 maxlen=162 global_makespan=1020
Agent 0 and 1 collide at location 216 at time 191
Warning: TestConstraints found future collision at timestep 152 (will be re-planned)
Agent 0 and 1 collide at location 216 at time 191
Warning: TestConstraints found future collision at end of timestep 152
  CostFlow: agents=3 tasks=3 maxlen=162 global_makespan=1020
Agent 0 and 1 collide at location 216 at time 191
Warning: TestConstraints found future collision at timestep 153 (will be re-planned)
Agent 0 and 1 collide at location 216 at time 191
Warning: TestConstraints found future collision at end of timestep 153
  CostFlow: agents=2 tasks=2 maxlen=162 global_makespan=1020
Agent 0 and 1 collide at location 216 at time 191
Warning: TestConstraints found future collision at timestep 154 (will be re-planned)
Agent 0 and 1 collide at location 216 at time 191
Warning: TestConstraints found future collision at end of timestep 154
  CostFlow: agents=2 tasks=2 maxlen=162 global_makespan=1020
Agent 0 and 1 collide at location 216 at time 191
Warning: TestConstraints found future collision at timestep 155 (will be re-planned)
Agent 0 and 1 collide at location 216 at time 191
Warning: TestConstraints found future collision at end of timestep 155
  CostFlow: agents=2 tasks=2 maxlen=162 global_makespan=1020
Agent 0 and 1 collide at location 216 at time 191
Warning: TestConstraints found future collision at timestep 156 (will be re-planned)
Agent 0 and 1 collide at location 216 at time 191
Warning: TestConstraints found future collision at end of timestep 156
  CostFlow: agents=1 tasks=1 maxlen=162 global_makespan=1020
Agent 0 and 1 collide at location 216 at time 191
Warning: TestConstraints found future collision at timestep 157 (will be re-planned)
Agent 0 and 1 collide at location 216 at time 191
Warning: TestConstraints found future collision at end of timestep 157
  CostFlow: agents=2 tasks=2 maxlen=179 global_makespan=1020
Agent 0 and 1 collide at location 216 at time 191
Warning: TestConstraints found future collision at timestep 158 (will be re-planned)
Agent 0 and 1 collide at location 216 at time 191
Warning: TestConstraints found future collision at end of timestep 158
  CostFlow: agents=1 tasks=1 maxlen=162 global_makespan=1020
Agent 0 and 1 collide at location 216 at time 191
Warning: TestConstraints found future collision at timestep 159 (will be re-planned)
Agent 0 and 1 collide at location 216 at time 191
Warning: TestConstraints found future collision at end of timestep 159
  CostFlow: agents=0 tasks=0 maxlen=0 global_makespan=1020
Agent 0 and 1 collide at location 216 at time 191
Warning: TestConstraints found future collision at timestep 160 (will be re-planned)
Agent 0 and 1 collide at location 216 at time 191
Warning: TestConstraints found future collision at end of timestep 160
  CostFlow: agents=0 tasks=0 maxlen=0 global_makespan=1020
Agent 0 and 1 collide at location 216 at time 191
Warning: TestConstraints found future collision at timestep 161 (will be re-planned)
Agent 0 and 1 collide at location 216 at time 191
Warning: TestConstraints found future collision at end of timestep 161
  CostFlow: agents=0 tasks=0 maxlen=0 global_makespan=1020
Agent 0 and 1 collide at location 216 at time 191
Warning: TestConstraints found future collision at timestep 162 (will be re-planned)
Agent 0 and 1 collide at location 216 at time 191
Warning: TestConstraints found future collision at end of timestep 162
  CostFlow: agents=1 tasks=1 maxlen=179 global_makespan=1020
Agent 3 and 4 collide at location 366 at time 209
Warning: TestConstraints found future collision at timestep 163 (will be re-planned)
Agent 3 and 4 collide at location 366 at time 209
Warning: TestConstraints found future collision at end of timestep 163
  CostFlow: agents=1 tasks=1 maxlen=179 global_makespan=1020
Agent 3 and 4 collide at location 366 at time 209
Warning: TestConstraints found future collision at timestep 164 (will be re-planned)
Agent 3 and 4 collide at location 366 at time 209
Warning: TestConstraints found future collision at end of timestep 164
  CostFlow: agents=1 tasks=1 maxlen=179 global_makespan=1020
Agent 3 and 4 collide at location 366 at time 209
Warning: TestConstraints found future collision at timestep 165 (will be re-planned)
Agent 3 and 4 collide at location 366 at time 209
Warning: TestConstraints found future collision at end of timestep 165
  CostFlow: agents=2 tasks=2 maxlen=179 global_makespan=1020
Agent 3 and 4 collide at location 366 at time 209
Warning: TestConstraints found future collision at timestep 166 (will be re-planned)
Agent 3 and 4 collide at location 366 at time 209
Warning: TestConstraints found future collision at end of timestep 166
  CostFlow: agents=2 tasks=2 maxlen=179 global_makespan=1020
Agent 3 and 4 collide at location 366 at time 209
Warning: TestConstraints found future collision at timestep 167 (will be re-planned)
Agent 3 and 4 collide at location 366 at time 209
Warning: TestConstraints found future collision at end of timestep 167
  CostFlow: agents=1 tasks=1 maxlen=179 global_makespan=1020
Agent 2 and 6 collide at location 225 at time 216
Warning: TestConstraints found future collision at timestep 168 (will be re-planned)
Agent 2 and 6 collide at location 225 at time 216
Warning: TestConstraints found future collision at end of timestep 168
  CostFlow: agents=1 tasks=1 maxlen=179 global_makespan=1020
Agent 2 and 6 collide at location 225 at time 216
Warning: TestConstraints found future collision at timestep 169 (will be re-planned)
Agent 2 and 6 collide at location 225 at time 216
Warning: TestConstraints found future collision at end of timestep 169
  CostFlow: agents=1 tasks=1 maxlen=179 global_makespan=1020
Agent 2 and 6 collide at location 225 at time 216
Warning: TestConstraints found future collision at timestep 170 (will be re-planned)
Agent 2 and 6 collide at location 225 at time 216
Warning: TestConstraints found future collision at end of timestep 170
  CostFlow: agents=2 tasks=2 maxlen=179 global_makespan=1020
Agent 3 and 4 collide at location 366 at time 209
Warning: TestConstraints found future collision at timestep 171 (will be re-planned)
Agent 3 and 4 collide at location 366 at time 209
Warning: TestConstraints found future collision at end of timestep 171
  CostFlow: agents=2 tasks=2 maxlen=179 global_makespan=1020
Agent 3 and 4 collide at location 366 at time 209
Warning: TestConstraints found future collision at timestep 172 (will be re-planned)
Agent 3 and 4 collide at location 366 at time 209
Warning: TestConstraints found future collision at end of timestep 172
  CostFlow: agents=1 tasks=1 maxlen=179 global_makespan=1020
Agent 0 and 1 collide at location 216 at time 191
Warning: TestConstraints found future collision at timestep 173 (will be re-planned)
Agent 0 and 1 collide at location 216 at time 191
Warning: TestConstraints found future collision at end of timestep 173
  CostFlow: agents=1 tasks=1 maxlen=179 global_makespan=1020
Agent 0 and 1 collide at location 216 at time 191
Warning: TestConstraints found future collision at timestep 174 (will be re-planned)
Agent 0 and 1 collide at location 216 at time 191
Warning: TestConstraints found future collision at end of timestep 174
  CostFlow: agents=1 tasks=1 maxlen=179 global_makespan=1020
Agent 0 and 1 collide at location 216 at time 191
Warning: TestConstraints found future collision at timestep 175 (will be re-planned)
Agent 0 and 1 collide at location 216 at time 191
Warning: TestConstraints found future collision at end of timestep 175
  CostFlow: agents=1 tasks=1 maxlen=179 global_makespan=1020
Agent 0 and 1 collide at location 216 at time 191
Warning: TestConstraints found future collision at timestep 176 (will be re-planned)
Agent 0 and 1 collide at location 216 at time 191
Warning: TestConstraints found future collision at end of timestep 176
  CostFlow: agents=0 tasks=0 maxlen=0 global_makespan=1020
Agent 0 and 1 collide at location 216 at time 191
Warning: TestConstraints found future collision at timestep 177 (will be re-planned)
Agent 0 and 1 collide at location 216 at time 191
Warning: TestConstraints found future collision at end of timestep 177
  CostFlow: agents=0 tasks=0 maxlen=0 global_makespan=1020
Agent 0 and 1 collide at location 216 at time 191
Warning: TestConstraints found future collision at timestep 178 (will be re-planned)
Agent 0 and 1 collide at location 216 at time 191
Warning: TestConstraints found future collision at end of timestep 178
  CostFlow: agents=1 tasks=1 maxlen=191 global_makespan=1020
Agent 0 and 1 collide at location 216 at time 191
Warning: TestConstraints found future collision at timestep 179 (will be re-planned)
Agent 0 and 1 collide at location 216 at time 191
Warning: TestConstraints found future collision at end of timestep 179
  CostFlow: agents=1 tasks=1 maxlen=192 global_makespan=1021
Agent 0 and 1 collide at location 216 at time 191
Warning: TestConstraints found future collision at timestep 180 (will be re-planned)
Agent 0 and 1 collide at location 216 at time 191
Warning: TestConstraints found future collision at end of timestep 180
  CostFlow: agents=2 tasks=2 maxlen=200 global_makespan=1021
Agent 2 and 6 collide at location 225 at time 216
Warning: TestConstraints found future collision at timestep 181 (will be re-planned)
Agent 2 and 6 collide at location 225 at time 216
Warning: TestConstraints found future collision at end of timestep 181
  CostFlow: agents=2 tasks=2 maxlen=200 global_makespan=1021
Agent 2 and 6 collide at location 225 at time 216
Warning: TestConstraints found future collision at timestep 182 (will be re-planned)
Agent 2 and 6 collide at location 225 at time 216
Warning: TestConstraints found future collision at end of timestep 182
  CostFlow: agents=2 tasks=2 maxlen=200 global_makespan=1021
Agent 2 and 6 collide at location 225 at time 216
Warning: TestConstraints found future collision at timestep 183 (will be re-planned)
Agent 2 and 6 collide at location 225 at time 216
Warning: TestConstraints found future collision at end of timestep 183
  CostFlow: agents=1 tasks=1 maxlen=192 global_makespan=1021
Agent 0 and 1 collide at location 216 at time 203
Warning: TestConstraints found future collision at timestep 184 (will be re-planned)
Agent 0 and 1 collide at location 216 at time 203
Warning: TestConstraints found future collision at end of timestep 184
  CostFlow: agents=3 tasks=3 maxlen=193 global_makespan=1021
Agent 0 and 7 collide at location 551 at time 192
Warning: TestConstraints found future collision at timestep 185 (will be re-planned)
Agent 0 and 7 collide at location 551 at time 192
Warning: TestConstraints found future collision at end of timestep 185
  CostFlow: agents=2 tasks=2 maxlen=192 global_makespan=1021
Agent 2 and 6 collide at location 225 at time 216
Warning: TestConstraints found future collision at timestep 186 (will be re-planned)
Agent 2 and 6 collide at location 225 at time 216
Warning: TestConstraints found future collision at end of timestep 186
  CostFlow: agents=2 tasks=2 maxlen=192 global_makespan=1021
Agent 2 and 6 collide at location 225 at time 216
Warning: TestConstraints found future collision at timestep 187 (will be re-planned)
Agent 2 and 6 collide at location 225 at time 216
Warning: TestConstraints found future collision at end of timestep 187
  CostFlow: agents=1 tasks=1 maxlen=192 global_makespan=1021
Agent 2 and 6 collide at location 225 at time 216
Warning: TestConstraints found future collision at timestep 188 (will be re-planned)
Agent 2 and 6 collide at location 225 at time 216
Warning: TestConstraints found future collision at end of timestep 188
  CostFlow: agents=2 tasks=2 maxlen=195 global_makespan=1021
Agent 2 and 6 collide at location 225 at time 216
Warning: TestConstraints found future collision at timestep 189 (will be re-planned)
Agent 2 and 6 collide at location 225 at time 216
Warning: TestConstraints found future collision at end of timestep 189
  CostFlow: agents=2 tasks=2 maxlen=195 global_makespan=1021
Agent 2 and 6 collide at location 225 at time 216
Warning: TestConstraints found future collision at timestep 190 (will be re-planned)
Agent 2 and 6 collide at location 225 at time 216
Warning: TestConstraints found future collision at end of timestep 190
  CostFlow: agents=3 tasks=3 maxlen=212 global_makespan=1021
Agent 2 and 6 collide at location 225 at time 216
Warning: TestConstraints found future collision at timestep 191 (will be re-planned)
Agent 2 and 6 collide at location 225 at time 216
Warning: TestConstraints found future collision at end of timestep 191
  CostFlow: agents=3 tasks=3 maxlen=212 global_makespan=1021
Agent 3 and 4 collide at location 403 at time 227
Warning: TestConstraints found future collision at timestep 192 (will be re-planned)
Agent 3 and 4 collide at location 403 at time 227
Warning: TestConstraints found future collision at end of timestep 192
  CostFlow: agents=2 tasks=2 maxlen=212 global_makespan=1021
Agent 3 and 4 collide at location 403 at time 227
Warning: TestConstraints found future collision at timestep 193 (will be re-planned)
Agent 3 and 4 collide at location 403 at time 227
Warning: TestConstraints found future collision at end of timestep 193
  CostFlow: agents=1 tasks=1 maxlen=212 global_makespan=1021
Agent 3 and 4 collide at location 403 at time 227
Warning: TestConstraints found future collision at timestep 194 (will be re-planned)
Agent 3 and 4 collide at location 403 at time 227
Warning: TestConstraints found future collision at end of timestep 194
  CostFlow: agents=2 tasks=2 maxlen=217 global_makespan=1021
  CostFlow: agents=0 tasks=0 maxlen=0 global_makespan=1021
Agent 0 and 1 collide at location 216 at time 269
Warning: TestConstraints found future collision at timestep 196 (will be re-planned)
Agent 0 and 1 collide at location 216 at time 269
Warning: TestConstraints found future collision at end of timestep 196
  CostFlow: agents=0 tasks=0 maxlen=0 global_makespan=1021
Agent 0 and 1 collide at location 216 at time 269
Warning: TestConstraints found future collision at timestep 197 (will be re-planned)
Agent 0 and 1 collide at location 216 at time 269
Warning: TestConstraints found future collision at end of timestep 197
  CostFlow: agents=0 tasks=0 maxlen=0 global_makespan=1021
Agent 0 and 1 collide at location 216 at time 269
Warning: TestConstraints found future collision at timestep 198 (will be re-planned)
Agent 0 and 1 collide at location 216 at time 269
Warning: TestConstraints found future collision at end of timestep 198
  CostFlow: agents=0 tasks=0 maxlen=0 global_makespan=1021
Agent 0 and 1 collide at location 216 at time 269
Warning: TestConstraints found future collision at timestep 199 (will be re-planned)
Agent 0 and 1 collide at location 216 at time 269
Warning: TestConstraints found future collision at end of timestep 199
  CostFlow: agents=0 tasks=0 maxlen=0 global_makespan=1021
Agent 0 and 1 collide at location 216 at time 269
Warning: TestConstraints found future collision at timestep 200 (will be re-planned)
Agent 0 and 1 collide at location 216 at time 269
Warning: TestConstraints found future collision at end of timestep 200
  CostFlow: agents=0 tasks=0 maxlen=0 global_makespan=1021
Agent 0 and 1 collide at location 216 at time 269
Warning: TestConstraints found future collision at timestep 201 (will be re-planned)
Agent 0 and 1 collide at location 216 at time 269
Warning: TestConstraints found future collision at end of timestep 201
  CostFlow: agents=0 tasks=0 maxlen=0 global_makespan=1021
Agent 0 and 1 collide at location 216 at time 269
Warning: TestConstraints found future collision at timestep 202 (will be re-planned)
Agent 0 and 1 collide at location 216 at time 269
Warning: TestConstraints found future collision at end of timestep 202
  CostFlow: agents=0 tasks=0 maxlen=0 global_makespan=1021
Agent 0 and 1 collide at location 216 at time 269
Warning: TestConstraints found future collision at timestep 203 (will be re-planned)
Agent 0 and 1 collide at location 216 at time 269
Warning: TestConstraints found future collision at end of timestep 203
  CostFlow: agents=0 tasks=0 maxlen=0 global_makespan=1021
Agent 0 and 1 collide at location 216 at time 269
Warning: TestConstraints found future collision at timestep 204 (will be re-planned)
Agent 0 and 1 collide at location 216 at time 269
Warning: TestConstraints found future collision at end of timestep 204
  CostFlow: agents=0 tasks=0 maxlen=0 global_makespan=1021
Agent 0 and 1 collide at location 216 at time 269
Warning: TestConstraints found future collision at timestep 205 (will be re-planned)
Agent 0 and 1 collide at location 216 at time 269
Warning: TestConstraints found future collision at end of timestep 205
  CostFlow: agents=0 tasks=0 maxlen=0 global_makespan=1021
Agent 0 and 1 collide at location 216 at time 269
Warning: TestConstraints found future collision at timestep 206 (will be re-planned)
Agent 0 and 1 collide at location 216 at time 269
Warning: TestConstraints found future collision at end of timestep 206
  CostFlow: agents=0 tasks=0 maxlen=0 global_makespan=1021
Agent 0 and 1 collide at location 216 at time 269
Warning: TestConstraints found future collision at timestep 207 (will be re-planned)
Agent 0 and 1 collide at location 216 at time 269
Warning: TestConstraints found future collision at end of timestep 207
  CostFlow: agents=0 tasks=0 maxlen=0 global_makespan=1021
Agent 0 and 1 collide at location 216 at time 269
Warning: TestConstraints found future collision at timestep 208 (will be re-planned)
Agent 0 and 1 collide at location 216 at time 269
Warning: TestConstraints found future collision at end of timestep 208
  CostFlow: agents=1 tasks=1 maxlen=209 global_makespan=1021
Agent 0 and 1 collide at location 216 at time 269
Warning: TestConstraints found future collision at timestep 209 (will be re-planned)
Agent 0 and 1 collide at location 216 at time 269
Warning: TestConstraints found future collision at end of timestep 209
  CostFlow: agents=0 tasks=0 maxlen=0 global_makespan=1024
Agent 0 and 1 collide at location 216 at time 269
Warning: TestConstraints found future collision at timestep 210 (will be re-planned)
Agent 0 and 1 collide at location 216 at time 269
Warning: TestConstraints found future collision at end of timestep 210
  CostFlow: agents=1 tasks=1 maxlen=218 global_makespan=1024
Agent 0 and 1 collide at location 216 at time 269
Warning: TestConstraints found future collision at timestep 211 (will be re-planned)
Agent 0 and 1 collide at location 216 at time 269
Warning: TestConstraints found future collision at end of timestep 211
  CostFlow: agents=1 tasks=1 maxlen=218 global_makespan=1024
Agent 0 and 1 collide at location 216 at time 269
Warning: TestConstraints found future collision at timestep 212 (will be re-planned)
Agent 0 and 1 collide at location 216 at time 269
Warning: TestConstraints found future collision at end of timestep 212
  CostFlow: agents=1 tasks=1 maxlen=218 global_makespan=1024
Agent 0 and 1 collide at location 216 at time 269
Warning: TestConstraints found future collision at timestep 213 (will be re-planned)
Agent 0 and 1 collide at location 216 at time 269
Warning: TestConstraints found future collision at end of timestep 213
  CostFlow: agents=2 tasks=2 maxlen=226 global_makespan=1024
Agent 0 and 1 collide at location 216 at time 269
Warning: TestConstraints found future collision at timestep 214 (will be re-planned)
Agent 0 and 1 collide at location 216 at time 269
Warning: TestConstraints found future collision at end of timestep 214
  CostFlow: agents=1 tasks=1 maxlen=218 global_makespan=1024
Agent 0 and 1 collide at location 216 at time 269
Warning: TestConstraints found future collision at timestep 215 (will be re-planned)
Agent 0 and 1 collide at location 216 at time 269
Warning: TestConstraints found future collision at end of timestep 215
  CostFlow: agents=1 tasks=1 maxlen=224 global_makespan=1024
Agent 0 and 1 collide at location 216 at time 269
Warning: TestConstraints found future collision at timestep 216 (will be re-planned)
Agent 0 and 1 collide at location 216 at time 269
Warning: TestConstraints found future collision at end of timestep 216
  CostFlow: agents=1 tasks=1 maxlen=224 global_makespan=1024
Agent 0 and 1 collide at location 216 at time 269
Warning: TestConstraints found future collision at timestep 217 (will be re-planned)
Agent 0 and 1 collide at location 216 at time 269
Warning: TestConstraints found future collision at end of timestep 217
  CostFlow: agents=0 tasks=0 maxlen=0 global_makespan=1024
Agent 0 and 1 collide at location 216 at time 269
Warning: TestConstraints found future collision at timestep 218 (will be re-planned)
Agent 0 and 1 collide at location 216 at time 269
Warning: TestConstraints found future collision at end of timestep 218
  CostFlow: agents=0 tasks=0 maxlen=0 global_makespan=1024
Agent 0 and 1 collide at location 216 at time 269
Warning: TestConstraints found future collision at timestep 219 (will be re-planned)
Agent 0 and 1 collide at location 216 at time 269
Warning: TestConstraints found future collision at end of timestep 219
  CostFlow: agents=0 tasks=0 maxlen=0 global_makespan=1024
Agent 0 and 1 collide at location 216 at time 269
Warning: TestConstraints found future collision at timestep 220 (will be re-planned)
Agent 0 and 1 collide at location 216 at time 269
Warning: TestConstraints found future collision at end of timestep 220
  CostFlow: agents=1 tasks=1 maxlen=230 global_makespan=1024
Agent 0 and 1 collide at location 216 at time 269
Warning: TestConstraints found future collision at timestep 221 (will be re-planned)
Agent 0 and 1 collide at location 216 at time 269
Warning: TestConstraints found future collision at end of timestep 221
  CostFlow: agents=1 tasks=1 maxlen=230 global_makespan=1024
Agent 0 and 1 collide at location 216 at time 269
Warning: TestConstraints found future collision at timestep 222 (will be re-planned)
Agent 0 and 1 collide at location 216 at time 269
Warning: TestConstraints found future collision at end of timestep 222
  CostFlow: agents=0 tasks=0 maxlen=0 global_makespan=1024
Agent 0 and 1 collide at location 216 at time 269
Warning: TestConstraints found future collision at timestep 223 (will be re-planned)
Agent 0 and 1 collide at location 216 at time 269
Warning: TestConstraints found future collision at end of timestep 223
  CostFlow: agents=1 tasks=1 maxlen=233 global_makespan=1024
Agent 0 and 1 collide at location 216 at time 269
Warning: TestConstraints found future collision at timestep 224 (will be re-planned)
Agent 0 and 1 collide at location 216 at time 269
Warning: TestConstraints found future collision at end of timestep 224
  CostFlow: agents=0 tasks=0 maxlen=0 global_makespan=1024
Agent 0 and 1 collide at location 216 at time 269
Warning: TestConstraints found future collision at timestep 225 (will be re-planned)
Agent 0 and 1 collide at location 216 at time 269
Warning: TestConstraints found future collision at end of timestep 225
  CostFlow: agents=0 tasks=0 maxlen=0 global_makespan=1024
Agent 0 and 1 collide at location 216 at time 269
Warning: TestConstraints found future collision at timestep 226 (will be re-planned)
Agent 0 and 1 collide at location 216 at time 269
Warning: TestConstraints found future collision at end of timestep 226
  CostFlow: agents=0 tasks=0 maxlen=0 global_makespan=1024
Agent 0 and 1 collide at location 216 at time 269
Warning: TestConstraints found future collision at timestep 227 (will be re-planned)
Agent 0 and 1 collide at location 216 at time 269
Warning: TestConstraints found future collision at end of timestep 227
  CostFlow: agents=1 tasks=1 maxlen=236 global_makespan=1024
Agent 3 and 7 collide at location 551 at time 253
Warning: TestConstraints found future collision at timestep 228 (will be re-planned)
Agent 3 and 7 collide at location 551 at time 253
Warning: TestConstraints found future collision at end of timestep 228
  CostFlow: agents=0 tasks=0 maxlen=0 global_makespan=1024
Agent 3 and 7 collide at location 551 at time 253
Warning: TestConstraints found future collision at timestep 229 (will be re-planned)
Agent 3 and 7 collide at location 551 at time 253
Warning: TestConstraints found future collision at end of timestep 229
  CostFlow: agents=0 tasks=0 maxlen=0 global_makespan=1024
Agent 3 and 7 collide at location 551 at time 253
Warning: TestConstraints found future collision at timestep 230 (will be re-planned)
Agent 3 and 7 collide at location 551 at time 253
Warning: TestConstraints found future collision at end of timestep 230
  CostFlow: agents=1 tasks=1 maxlen=233 global_makespan=1024
Agent 3 and 7 collide at location 551 at time 253
Warning: TestConstraints found future collision at timestep 231 (will be re-planned)
Agent 3 and 7 collide at location 551 at time 253
Warning: TestConstraints found future collision at end of timestep 231
  CostFlow: agents=1 tasks=1 maxlen=233 global_makespan=1024
Agent 3 and 7 collide at location 551 at time 253
Warning: TestConstraints found future collision at timestep 232 (will be re-planned)
Agent 3 and 7 collide at location 551 at time 253
Warning: TestConstraints found future collision at end of timestep 232
  CostFlow: agents=0 tasks=0 maxlen=0 global_makespan=1024
Agent 3 and 7 collide at location 551 at time 253
Warning: TestConstraints found future collision at timestep 233 (will be re-planned)
Agent 3 and 7 collide at location 551 at time 253
Warning: TestConstraints found future collision at end of timestep 233
  CostFlow: agents=1 tasks=1 maxlen=237 global_makespan=1024
  CostFlow: agents=0 tasks=0 maxlen=0 global_makespan=1024
  CostFlow: agents=1 tasks=1 maxlen=257 global_makespan=1024
  CostFlow: agents=1 tasks=1 maxlen=257 global_makespan=1024
  CostFlow: agents=1 tasks=1 maxlen=247 global_makespan=1024
Agent 0 and 1 collide at location 216 at time 295
Warning: TestConstraints found future collision at timestep 238 (will be re-planned)
Agent 0 and 1 collide at location 216 at time 295
Warning: TestConstraints found future collision at end of timestep 238
  CostFlow: agents=0 tasks=0 maxlen=0 global_makespan=1024
Agent 0 and 1 collide at location 216 at time 295
Warning: TestConstraints found future collision at timestep 239 (will be re-planned)
Agent 0 and 1 collide at location 216 at time 295
Warning: TestConstraints found future collision at end of timestep 239
  CostFlow: agents=0 tasks=0 maxlen=0 global_makespan=1024
Agent 0 and 1 collide at location 216 at time 295
Warning: TestConstraints found future collision at timestep 240 (will be re-planned)
Agent 0 and 1 collide at location 216 at time 295
Warning: TestConstraints found future collision at end of timestep 240
  CostFlow: agents=0 tasks=0 maxlen=0 global_makespan=1024
Agent 0 and 1 collide at location 216 at time 295
Warning: TestConstraints found future collision at timestep 241 (will be re-planned)
Agent 0 and 1 collide at location 216 at time 295
Warning: TestConstraints found future collision at end of timestep 241
  CostFlow: agents=1 tasks=1 maxlen=251 global_makespan=1024
Agent 0 and 1 collide at location 216 at time 295
Warning: TestConstraints found future collision at timestep 242 (will be re-planned)
Agent 0 and 1 collide at location 216 at time 295
Warning: TestConstraints found future collision at end of timestep 242
  CostFlow: agents=1 tasks=1 maxlen=251 global_makespan=1024
Agent 0 and 1 collide at location 216 at time 295
Warning: TestConstraints found future collision at timestep 243 (will be re-planned)
Agent 0 and 1 collide at location 216 at time 295
Warning: TestConstraints found future collision at end of timestep 243
  CostFlow: agents=1 tasks=1 maxlen=272 global_makespan=1024
Agent 0 and 1 collide at location 216 at time 295
Warning: TestConstraints found future collision at timestep 244 (will be re-planned)
Agent 0 and 1 collide at location 216 at time 295
Warning: TestConstraints found future collision at end of timestep 244
  CostFlow: agents=1 tasks=1 maxlen=272 global_makespan=1024
Agent 0 and 1 collide at location 216 at time 295
Warning: TestConstraints found future collision at timestep 245 (will be re-planned)
Agent 0 and 1 collide at location 216 at time 295
Warning: TestConstraints found future collision at end of timestep 245
  CostFlow: agents=2 tasks=2 maxlen=272 global_makespan=1024
Agent 3 and 5 collide at edge 87-88 at time 264
Warning: TestConstraints found future collision at timestep 246 (will be re-planned)
Agent 3 and 5 collide at edge 87-88 at time 264
Warning: TestConstraints found future collision at end of timestep 246
  CostFlow: agents=2 tasks=2 maxlen=272 global_makespan=1024
Agent 3 and 5 collide at edge 87-88 at time 264
Warning: TestConstraints found future collision at timestep 247 (will be re-planned)
Agent 3 and 5 collide at edge 87-88 at time 264
Warning: TestConstraints found future collision at end of timestep 247
  CostFlow: agents=0 tasks=0 maxlen=0 global_makespan=1024
Agent 1 and 7 collide at location 523 at time 273
Warning: TestConstraints found future collision at timestep 248 (will be re-planned)
Agent 1 and 7 collide at location 523 at time 273
Warning: TestConstraints found future collision at end of timestep 248
  CostFlow: agents=0 tasks=0 maxlen=0 global_makespan=1024
Agent 1 and 7 collide at location 523 at time 273
Warning: TestConstraints found future collision at timestep 249 (will be re-planned)
Agent 1 and 7 collide at location 523 at time 273
Warning: TestConstraints found future collision at end of timestep 249
  CostFlow: agents=0 tasks=0 maxlen=0 global_makespan=1024
Agent 1 and 7 collide at location 523 at time 273
Warning: TestConstraints found future collision at timestep 250 (will be re-planned)
Agent 1 and 7 collide at location 523 at time 273
Warning: TestConstraints found future collision at end of timestep 250
  CostFlow: agents=0 tasks=0 maxlen=0 global_makespan=1024
Agent 1 and 7 collide at location 523 at time 273
Warning: TestConstraints found future collision at timestep 251 (will be re-planned)
Agent 1 and 7 collide at location 523 at time 273
Warning: TestConstraints found future collision at end of timestep 251
  CostFlow: agents=0 tasks=0 maxlen=0 global_makespan=1024
Agent 1 and 7 collide at location 523 at time 273
Warning: TestConstraints found future collision at timestep 252 (will be re-planned)
Agent 1 and 7 collide at location 523 at time 273
Warning: TestConstraints found future collision at end of timestep 252
  CostFlow: agents=0 tasks=0 maxlen=0 global_makespan=1024
Agent 1 and 7 collide at location 523 at time 273
Warning: TestConstraints found future collision at timestep 253 (will be re-planned)
Agent 1 and 7 collide at location 523 at time 273
Warning: TestConstraints found future collision at end of timestep 253
  CostFlow: agents=0 tasks=0 maxlen=0 global_makespan=1024
Agent 1 and 7 collide at location 523 at time 273
Warning: TestConstraints found future collision at timestep 254 (will be re-planned)
Agent 1 and 7 collide at location 523 at time 273
Warning: TestConstraints found future collision at end of timestep 254
  CostFlow: agents=1 tasks=1 maxlen=266 global_makespan=1024
Agent 1 and 7 collide at location 523 at time 273
Warning: TestConstraints found future collision at timestep 255 (will be re-planned)
Agent 1 and 7 collide at location 523 at time 273
Warning: TestConstraints found future collision at end of timestep 255
  CostFlow: agents=2 tasks=2 maxlen=266 global_makespan=1024
Agent 1 and 7 collide at location 523 at time 273
Warning: TestConstraints found future collision at timestep 256 (will be re-planned)
Agent 1 and 7 collide at location 523 at time 273
Warning: TestConstraints found future collision at end of timestep 256
  CostFlow: agents=3 tasks=3 maxlen=266 global_makespan=1024
Agent 1 and 7 collide at location 523 at time 273
Warning: TestConstraints found future collision at timestep 257 (will be re-planned)
Agent 1 and 7 collide at location 523 at time 273
Warning: TestConstraints found future collision at end of timestep 257
  CostFlow: agents=0 tasks=0 maxlen=0 global_makespan=1024
Agent 1 and 7 collide at location 523 at time 273
Warning: TestConstraints found future collision at timestep 258 (will be re-planned)
Agent 1 and 7 collide at location 523 at time 273
Warning: TestConstraints found future collision at end of timestep 258
  CostFlow: agents=0 tasks=0 maxlen=0 global_makespan=1024
Agent 1 and 7 collide at location 523 at time 273
Warning: TestConstraints found future collision at timestep 259 (will be re-planned)
Agent 1 and 7 collide at location 523 at time 273
Warning: TestConstraints found future collision at end of timestep 259
  CostFlow: agents=0 tasks=0 maxlen=0 global_makespan=1024
Agent 1 and 7 collide at location 523 at time 273
Warning: TestConstraints found future collision at timestep 260 (will be re-planned)
Agent 1 and 7 collide at location 523 at time 273
Warning: TestConstraints found future collision at end of timestep 260
  CostFlow: agents=0 tasks=0 maxlen=0 global_makespan=1024
Agent 1 and 7 collide at location 523 at time 273
Warning: TestConstraints found future collision at timestep 261 (will be re-planned)
Agent 1 and 7 collide at location 523 at time 273
Warning: TestConstraints found future collision at end of timestep 261
  CostFlow: agents=0 tasks=0 maxlen=0 global_makespan=1024
Agent 1 and 7 collide at location 523 at time 273
Warning: TestConstraints found future collision at timestep 262 (will be re-planned)
Agent 1 and 7 collide at location 523 at time 273
Warning: TestConstraints found future collision at end of timestep 262
  CostFlow: agents=0 tasks=0 maxlen=0 global_makespan=1024
Agent 1 and 7 collide at location 523 at time 273
Warning: TestConstraints found future collision at timestep 263 (will be re-planned)
Agent 1 and 7 collide at location 523 at time 273
Warning: TestConstraints found future collision at end of timestep 263
  CostFlow: agents=1 tasks=1 maxlen=273 global_makespan=1024
Agent 1 and 7 collide at location 523 at time 273
Warning: TestConstraints found future collision at timestep 264 (will be re-planned)
Agent 1 and 7 collide at location 523 at time 273
Warning: TestConstraints found future collision at end of timestep 264
  CostFlow: agents=0 tasks=0 maxlen=0 global_makespan=1024
Agent 1 and 7 collide at location 523 at time 273
Warning: TestConstraints found future collision at timestep 265 (will be re-planned)
Agent 1 and 7 collide at location 523 at time 273
Warning: TestConstraints found future collision at end of timestep 265
  CostFlow: agents=0 tasks=0 maxlen=0 global_makespan=1024
Agent 0 and 5 collide at location 388 at time 285
Warning: TestConstraints found future collision at timestep 266 (will be re-planned)
Agent 0 and 5 collide at location 388 at time 285
Warning: TestConstraints found future collision at end of timestep 266
  CostFlow: agents=0 tasks=0 maxlen=0 global_makespan=1024
Agent 0 and 5 collide at location 388 at time 285
Warning: TestConstraints found future collision at timestep 267 (will be re-planned)
Agent 0 and 5 collide at location 388 at time 285
Warning: TestConstraints found future collision at end of timestep 267
  CostFlow: agents=2 tasks=2 maxlen=280 global_makespan=1024
Agent 0 and 6 collide at location 387 at time 284
Warning: TestConstraints found future collision at timestep 268 (will be re-planned)
Agent 0 and 6 collide at location 387 at time 284
Warning: TestConstraints found future collision at end of timestep 268
  CostFlow: agents=0 tasks=0 maxlen=0 global_makespan=1024
Agent 0 and 6 collide at location 387 at time 284
Warning: TestConstraints found future collision at timestep 269 (will be re-planned)
Agent 0 and 6 collide at location 387 at time 284
Warning: TestConstraints found future collision at end of timestep 269
  CostFlow: agents=0 tasks=0 maxlen=0 global_makespan=1024
Agent 0 and 6 collide at location 387 at time 284
Warning: TestConstraints found future collision at timestep 270 (will be re-planned)
Agent 0 and 6 collide at location 387 at time 284
Warning: TestConstraints found future collision at end of timestep 270
  CostFlow: agents=0 tasks=0 maxlen=0 global_makespan=1024
Agent 0 and 6 collide at location 387 at time 284
Warning: TestConstraints found future collision at timestep 271 (will be re-planned)
Agent 0 and 6 collide at location 387 at time 284
Warning: TestConstraints found future collision at end of timestep 271
  CostFlow: agents=0 tasks=0 maxlen=0 global_makespan=1024
Agent 0 and 6 collide at location 387 at time 284
Warning: TestConstraints found future collision at timestep 272 (will be re-planned)
Agent 0 and 6 collide at location 387 at time 284
Warning: TestConstraints found future collision at end of timestep 272
  CostFlow: agents=0 tasks=0 maxlen=0 global_makespan=1024
Agent 0 and 6 collide at location 387 at time 284
Warning: TestConstraints found future collision at timestep 273 (will be re-planned)
Agent 0 and 6 collide at location 387 at time 284
Warning: TestConstraints found future collision at end of timestep 273
  CostFlow: agents=1 tasks=1 maxlen=285 global_makespan=1024
Agent 0 and 6 collide at location 387 at time 284
Warning: TestConstraints found future collision at timestep 274 (will be re-planned)
Agent 0 and 6 collide at location 387 at time 284
Warning: TestConstraints found future collision at end of timestep 274
  CostFlow: agents=0 tasks=0 maxlen=0 global_makespan=1024
Agent 0 and 6 collide at location 387 at time 284
Warning: TestConstraints found future collision at timestep 275 (will be re-planned)
Agent 0 and 6 collide at location 387 at time 284
Warning: TestConstraints found future collision at end of timestep 275
  CostFlow: agents=1 tasks=1 maxlen=299 global_makespan=1024
Agent 0 and 6 collide at location 387 at time 284
Warning: TestConstraints found future collision at timestep 276 (will be re-planned)
Agent 0 and 6 collide at location 387 at time 284
Warning: TestConstraints found future collision at end of timestep 276
  CostFlow: agents=0 tasks=0 maxlen=0 global_makespan=1024
Agent 0 and 6 collide at location 387 at time 284
Warning: TestConstraints found future collision at timestep 277 (will be re-planned)
Agent 0 and 6 collide at location 387 at time 284
Warning: TestConstraints found future collision at end of timestep 277
  CostFlow: agents=0 tasks=0 maxlen=0 global_makespan=1024
Agent 0 and 6 collide at location 387 at time 284
Warning: TestConstraints found future collision at timestep 278 (will be re-planned)
Agent 0 and 6 collide at location 387 at time 284
Warning: TestConstraints found future collision at end of timestep 278
  CostFlow: agents=0 tasks=0 maxlen=0 global_makespan=1024
Agent 0 and 6 collide at location 387 at time 284
Warning: TestConstraints found future collision at timestep 279 (will be re-planned)
Agent 0 and 6 collide at location 387 at time 284
Warning: TestConstraints found future collision at end of timestep 279
  CostFlow: agents=0 tasks=0 maxlen=0 global_makespan=1024
Agent 0 and 6 collide at location 387 at time 284
Warning: TestConstraints found future collision at timestep 280 (will be re-planned)
Agent 0 and 6 collide at location 387 at time 284
Warning: TestConstraints found future collision at end of timestep 280
  CostFlow: agents=1 tasks=1 maxlen=301 global_makespan=1024
Agent 6 and 8 collide at location 385 at time 286
Warning: TestConstraints found future collision at timestep 281 (will be re-planned)
Agent 6 and 8 collide at location 385 at time 286
Warning: TestConstraints found future collision at end of timestep 281
  CostFlow: agents=2 tasks=2 maxlen=291 global_makespan=1024
Agent 0 and 1 collide at location 216 at time 329
Warning: TestConstraints found future collision at timestep 282 (will be re-planned)
Agent 0 and 1 collide at location 216 at time 329
Warning: TestConstraints found future collision at end of timestep 282
  CostFlow: agents=2 tasks=2 maxlen=294 global_makespan=1024
Agent 0 and 1 collide at location 216 at time 329
Warning: TestConstraints found future collision at timestep 283 (will be re-planned)
Agent 0 and 1 collide at location 216 at time 329
Warning: TestConstraints found future collision at end of timestep 283
  CostFlow: agents=1 tasks=1 maxlen=294 global_makespan=1024
Agent 0 and 1 collide at location 216 at time 329
Warning: TestConstraints found future collision at timestep 284 (will be re-planned)
Agent 0 and 1 collide at location 216 at time 329
Warning: TestConstraints found future collision at end of timestep 284
  CostFlow: agents=1 tasks=1 maxlen=294 global_makespan=1024
Agent 0 and 1 collide at location 216 at time 329
Warning: TestConstraints found future collision at timestep 285 (will be re-planned)
Agent 0 and 1 collide at location 216 at time 329
Warning: TestConstraints found future collision at end of timestep 285
  CostFlow: agents=2 tasks=2 maxlen=304 global_makespan=1024
Agent 0 and 8 collide at location 378 at time 289
Warning: TestConstraints found future collision at timestep 286 (will be re-planned)
Agent 0 and 8 collide at location 378 at time 289
Warning: TestConstraints found future collision at end of timestep 286
  CostFlow: agents=1 tasks=1 maxlen=304 global_makespan=1024
Agent 2 and 6 collide at location 521 at time 314
Warning: TestConstraints found future collision at timestep 287 (will be re-planned)
Agent 2 and 6 collide at location 521 at time 314
Warning: TestConstraints found future collision at end of timestep 287
  CostFlow: agents=1 tasks=1 maxlen=304 global_makespan=1024
Agent 2 and 6 collide at location 521 at time 314
Warning: TestConstraints found future collision at timestep 288 (will be re-planned)
Agent 2 and 6 collide at location 521 at time 314
Warning: TestConstraints found future collision at end of timestep 288
  CostFlow: agents=1 tasks=1 maxlen=304 global_makespan=1024
Agent 2 and 6 collide at location 521 at time 314
Warning: TestConstraints found future collision at timestep 289 (will be re-planned)
Agent 2 and 6 collide at location 521 at time 314
Warning: TestConstraints found future collision at end of timestep 289
  CostFlow: agents=2 tasks=2 maxlen=304 global_makespan=1024
Agent 2 and 7 collide at edge 533-532 at time 303
Warning: TestConstraints found future collision at timestep 290 (will be re-planned)
Agent 2 and 7 collide at edge 533-532 at time 303
Warning: TestConstraints found future collision at end of timestep 290
  CostFlow: agents=3 tasks=3 maxlen=324 global_makespan=1024
Agent 2 and 7 collide at edge 533-532 at time 303
Warning: TestConstraints found future collision at timestep 291 (will be re-planned)
Agent 2 and 7 collide at edge 533-532 at time 303
Warning: TestConstraints found future collision at end of timestep 291
  CostFlow: agents=2 tasks=2 maxlen=324 global_makespan=1024
Agent 2 and 6 collide at location 225 at time 332
Warning: TestConstraints found future collision at timestep 292 (will be re-planned)
Agent 2 and 6 collide at location 225 at time 332
Warning: TestConstraints found future collision at end of timestep 292
  CostFlow: agents=2 tasks=2 maxlen=324 global_makespan=1024
Agent 2 and 6 collide at location 225 at time 332
Warning: TestConstraints found future collision at timestep 293 (will be re-planned)
Agent 2 and 6 collide at location 225 at time 332
Warning: TestConstraints found future collision at end of timestep 293
  CostFlow: agents=1 tasks=1 maxlen=324 global_makespan=1024
Agent 2 and 6 collide at location 225 at time 332
Warning: TestConstraints found future collision at timestep 294 (will be re-planned)
Agent 2 and 6 collide at location 225 at time 332
Warning: TestConstraints found future collision at end of timestep 294
  CostFlow: agents=1 tasks=1 maxlen=324 global_makespan=1024
Agent 2 and 6 collide at location 225 at time 332
Warning: TestConstraints found future collision at timestep 295 (will be re-planned)
Agent 2 and 6 collide at location 225 at time 332
Warning: TestConstraints found future collision at end of timestep 295
  CostFlow: agents=2 tasks=2 maxlen=324 global_makespan=1024
Agent 2 and 6 collide at location 225 at time 332
Warning: TestConstraints found future collision at timestep 296 (will be re-planned)
Agent 2 and 6 collide at location 225 at time 332
Warning: TestConstraints found future collision at end of timestep 296
  CostFlow: agents=3 tasks=3 maxlen=324 global_makespan=1024
Agent 2 and 6 collide at location 225 at time 332
Warning: TestConstraints found future collision at timestep 297 (will be re-planned)
Agent 2 and 6 collide at location 225 at time 332
Warning: TestConstraints found future collision at end of timestep 297
  CostFlow: agents=1 tasks=1 maxlen=324 global_makespan=1024
Agent 0 and 1 collide at location 216 at time 343
Warning: TestConstraints found future collision at timestep 298 (will be re-planned)
Agent 0 and 1 collide at location 216 at time 343
Warning: TestConstraints found future collision at end of timestep 298
  CostFlow: agents=1 tasks=1 maxlen=324 global_makespan=1024
Agent 0 and 1 collide at location 216 at time 343
Warning: TestConstraints found future collision at timestep 299 (will be re-planned)
Agent 0 and 1 collide at location 216 at time 343
Warning: TestConstraints found future collision at end of timestep 299
  CostFlow: agents=2 tasks=2 maxlen=324 global_makespan=1024
Agent 0 and 1 collide at location 216 at time 343
Warning: TestConstraints found future collision at timestep 300 (will be re-planned)
Agent 0 and 1 collide at location 216 at time 343
Warning: TestConstraints found future collision at end of timestep 300
  CostFlow: agents=2 tasks=2 maxlen=324 global_makespan=1024
Agent 0 and 1 collide at location 216 at time 343
Warning: TestConstraints found future collision at timestep 301 (will be re-planned)
Agent 0 and 1 collide at location 216 at time 343
Warning: TestConstraints found future collision at end of timestep 301
  CostFlow: agents=0 tasks=0 maxlen=0 global_makespan=1024
Agent 0 and 1 collide at location 216 at time 343
Warning: TestConstraints found future collision at timestep 302 (will be re-planned)
Agent 0 and 1 collide at location 216 at time 343
Warning: TestConstraints found future collision at end of timestep 302
  CostFlow: agents=1 tasks=1 maxlen=312 global_makespan=1024
Agent 0 and 1 collide at location 216 at time 343
Warning: TestConstraints found future collision at timestep 303 (will be re-planned)
Agent 0 and 1 collide at location 216 at time 343
Warning: TestConstraints found future collision at end of timestep 303
  CostFlow: agents=0 tasks=0 maxlen=0 global_makespan=1024
Agent 0 and 1 collide at location 216 at time 343
Warning: TestConstraints found future collision at timestep 304 (will be re-planned)
Agent 0 and 1 collide at location 216 at time 343
Warning: TestConstraints found future collision at end of timestep 304
  CostFlow: agents=0 tasks=0 maxlen=0 global_makespan=1024
Agent 0 and 1 collide at location 216 at time 343
Warning: TestConstraints found future collision at timestep 305 (will be re-planned)
Agent 0 and 1 collide at location 216 at time 343
Warning: TestConstraints found future collision at end of timestep 305
  CostFlow: agents=1 tasks=1 maxlen=317 global_makespan=1024
Agent 0 and 1 collide at location 216 at time 343
Warning: TestConstraints found future collision at timestep 306 (will be re-planned)
Agent 0 and 1 collide at location 216 at time 343
Warning: TestConstraints found future collision at end of timestep 306
  CostFlow: agents=1 tasks=1 maxlen=317 global_makespan=1024
Agent 0 and 1 collide at location 216 at time 343
Warning: TestConstraints found future collision at timestep 307 (will be re-planned)
Agent 0 and 1 collide at location 216 at time 343
Warning: TestConstraints found future collision at end of timestep 307
  CostFlow: agents=0 tasks=0 maxlen=0 global_makespan=1024
Agent 0 and 1 collide at location 216 at time 343
Warning: TestConstraints found future collision at timestep 308 (will be re-planned)
Agent 0 and 1 collide at location 216 at time 343
Warning: TestConstraints found future collision at end of timestep 308
  CostFlow: agents=0 tasks=0 maxlen=0 global_makespan=1024
Agent 0 and 1 collide at location 216 at time 343
Warning: TestConstraints found future collision at timestep 309 (will be re-planned)
Agent 0 and 1 collide at location 216 at time 343
Warning: TestConstraints found future collision at end of timestep 309
  CostFlow: agents=0 tasks=0 maxlen=0 global_makespan=1024
Agent 0 and 1 collide at location 216 at time 343
Warning: TestConstraints found future collision at timestep 310 (will be re-planned)
Agent 0 and 1 collide at location 216 at time 343
Warning: TestConstraints found future collision at end of timestep 310
  CostFlow: agents=2 tasks=2 maxlen=319 global_makespan=1024
Agent 0 and 1 collide at location 216 at time 343
Warning: TestConstraints found future collision at timestep 311 (will be re-planned)
Agent 0 and 1 collide at location 216 at time 343
Warning: TestConstraints found future collision at end of timestep 311
  CostFlow: agents=2 tasks=2 maxlen=319 global_makespan=1024
Agent 0 and 1 collide at location 216 at time 343
Warning: TestConstraints found future collision at timestep 312 (will be re-planned)
Agent 0 and 1 collide at location 216 at time 343
Warning: TestConstraints found future collision at end of timestep 312
  CostFlow: agents=0 tasks=0 maxlen=0 global_makespan=1024
Agent 0 and 1 collide at location 216 at time 343
Warning: TestConstraints found future collision at timestep 313 (will be re-planned)
Agent 0 and 1 collide at location 216 at time 343
Warning: TestConstraints found future collision at end of timestep 313
  CostFlow: agents=1 tasks=1 maxlen=337 global_makespan=1024
Agent 0 and 1 collide at location 216 at time 351
Warning: TestConstraints found future collision at timestep 314 (will be re-planned)
Agent 0 and 1 collide at location 216 at time 351
Warning: TestConstraints found future collision at end of timestep 314
  CostFlow: agents=0 tasks=0 maxlen=0 global_makespan=1024
Agent 0 and 1 collide at location 216 at time 351
Warning: TestConstraints found future collision at timestep 315 (will be re-planned)
Agent 0 and 1 collide at location 216 at time 351
Warning: TestConstraints found future collision at end of timestep 315
  CostFlow: agents=0 tasks=0 maxlen=0 global_makespan=1024
Agent 0 and 1 collide at location 216 at time 351
Warning: TestConstraints found future collision at timestep 316 (will be re-planned)
Agent 0 and 1 collide at location 216 at time 351
Warning: TestConstraints found future collision at end of timestep 316
  CostFlow: agents=0 tasks=0 maxlen=0 global_makespan=1024
Agent 0 and 1 collide at location 216 at time 351
Warning: TestConstraints found future collision at timestep 317 (will be re-planned)
Agent 0 and 1 collide at location 216 at time 351
Warning: TestConstraints found future collision at end of timestep 317
  CostFlow: agents=0 tasks=0 maxlen=0 global_makespan=1024
Agent 0 and 1 collide at location 216 at time 351
Warning: TestConstraints found future collision at timestep 318 (will be re-planned)
Agent 0 and 1 collide at location 216 at time 351
Warning: TestConstraints found future collision at end of timestep 318
  CostFlow: agents=0 tasks=0 maxlen=0 global_makespan=1024
Agent 0 and 1 collide at location 216 at time 351
Warning: TestConstraints found future collision at timestep 319 (will be re-planned)
Agent 0 and 1 collide at location 216 at time 351
Warning: TestConstraints found future collision at end of timestep 319
  CostFlow: agents=1 tasks=1 maxlen=336 global_makespan=1024
Agent 0 and 1 collide at location 216 at time 351
Warning: TestConstraints found future collision at timestep 320 (will be re-planned)
Agent 0 and 1 collide at location 216 at time 351
Warning: TestConstraints found future collision at end of timestep 320
  CostFlow: agents=3 tasks=3 maxlen=336 global_makespan=1024
Agent 0 and 1 collide at location 216 at time 351
Warning: TestConstraints found future collision at timestep 321 (will be re-planned)
Agent 0 and 1 collide at location 216 at time 351
Warning: TestConstraints found future collision at end of timestep 321
  CostFlow: agents=3 tasks=3 maxlen=336 global_makespan=1024
Agent 0 and 1 collide at location 216 at time 351
Warning: TestConstraints found future collision at timestep 322 (will be re-planned)
Agent 0 and 1 collide at location 216 at time 351
Warning: TestConstraints found future collision at end of timestep 322
  CostFlow: agents=3 tasks=3 maxlen=336 global_makespan=1024
Agent 0 and 1 collide at location 216 at time 351
Warning: TestConstraints found future collision at timestep 323 (will be re-planned)
Agent 0 and 1 collide at location 216 at time 351
Warning: TestConstraints found future collision at end of timestep 323
  CostFlow: agents=3 tasks=3 maxlen=336 global_makespan=1024
Agent 0 and 1 collide at location 216 at time 351
Warning: TestConstraints found future collision at timestep 324 (will be re-planned)
Agent 0 and 1 collide at location 216 at time 351
Warning: TestConstraints found future collision at end of timestep 324
  CostFlow: agents=3 tasks=3 maxlen=336 global_makespan=1024
Agent 0 and 1 collide at location 216 at time 351
Warning: TestConstraints found future collision at timestep 325 (will be re-planned)
Agent 0 and 1 collide at location 216 at time 351
Warning: TestConstraints found future collision at end of timestep 325
  CostFlow: agents=1 tasks=1 maxlen=336 global_makespan=1024
Agent 0 and 1 collide at location 216 at time 351
Warning: TestConstraints found future collision at timestep 326 (will be re-planned)
Agent 0 and 1 collide at location 216 at time 351
Warning: TestConstraints found future collision at end of timestep 326
  CostFlow: agents=1 tasks=1 maxlen=336 global_makespan=1024
Agent 0 and 1 collide at location 216 at time 351
Warning: TestConstraints found future collision at timestep 327 (will be re-planned)
Agent 0 and 1 collide at location 216 at time 351
Warning: TestConstraints found future collision at end of timestep 327
  CostFlow: agents=1 tasks=1 maxlen=336 global_makespan=1024
Agent 0 and 1 collide at location 216 at time 351
Warning: TestConstraints found future collision at timestep 328 (will be re-planned)
Agent 0 and 1 collide at location 216 at time 351
Warning: TestConstraints found future collision at end of timestep 328
  CostFlow: agents=0 tasks=0 maxlen=0 global_makespan=1024
Agent 0 and 1 collide at location 216 at time 351
Warning: TestConstraints found future collision at timestep 329 (will be re-planned)
Agent 0 and 1 collide at location 216 at time 351
Warning: TestConstraints found future collision at end of timestep 329
  CostFlow: agents=0 tasks=0 maxlen=0 global_makespan=1024
Agent 0 and 1 collide at location 216 at time 351
Warning: TestConstraints found future collision at timestep 330 (will be re-planned)
Agent 0 and 1 collide at location 216 at time 351
Warning: TestConstraints found future collision at end of timestep 330
  CostFlow: agents=1 tasks=1 maxlen=341 global_makespan=1024
Agent 0 and 1 collide at location 216 at time 351
Warning: TestConstraints found future collision at timestep 331 (will be re-planned)
Agent 0 and 1 collide at location 216 at time 351
Warning: TestConstraints found future collision at end of timestep 331
  CostFlow: agents=1 tasks=1 maxlen=341 global_makespan=1024
Agent 0 and 1 collide at location 216 at time 375
Warning: TestConstraints found future collision at timestep 332 (will be re-planned)
Agent 0 and 1 collide at location 216 at time 375
Warning: TestConstraints found future collision at end of timestep 332
  CostFlow: agents=2 tasks=2 maxlen=343 global_makespan=1024
Agent 0 and 1 collide at location 216 at time 375
Warning: TestConstraints found future collision at timestep 333 (will be re-planned)
Agent 0 and 1 collide at location 216 at time 375
Warning: TestConstraints found future collision at end of timestep 333
  CostFlow: agents=2 tasks=2 maxlen=343 global_makespan=1024
Agent 0 and 1 collide at location 216 at time 375
Warning: TestConstraints found future collision at timestep 334 (will be re-planned)
Agent 0 and 1 collide at location 216 at time 375
Warning: TestConstraints found future collision at end of timestep 334
  CostFlow: agents=1 tasks=1 maxlen=343 global_makespan=1024
Agent 0 and 1 collide at location 216 at time 375
Warning: TestConstraints found future collision at timestep 335 (will be re-planned)
Agent 0 and 1 collide at location 216 at time 375
Warning: TestConstraints found future collision at end of timestep 335
  CostFlow: agents=0 tasks=0 maxlen=0 global_makespan=1024
Agent 0 and 1 collide at location 216 at time 375
Warning: TestConstraints found future collision at timestep 336 (will be re-planned)
Agent 0 and 1 collide at location 216 at time 375
Warning: TestConstraints found future collision at end of timestep 336
  CostFlow: agents=0 tasks=0 maxlen=0 global_makespan=1024
Agent 0 and 1 collide at location 216 at time 375
Warning: TestConstraints found future collision at timestep 337 (will be re-planned)
Agent 0 and 1 collide at location 216 at time 375
Warning: TestConstraints found future collision at end of timestep 337
  CostFlow: agents=1 tasks=1 maxlen=345 global_makespan=1024
Agent 0 and 1 collide at location 216 at time 375
Warning: TestConstraints found future collision at timestep 338 (will be re-planned)
Agent 0 and 1 collide at location 216 at time 375
Warning: TestConstraints found future collision at end of timestep 338
  CostFlow: agents=0 tasks=0 maxlen=0 global_makespan=1024
Agent 0 and 1 collide at location 216 at time 375
Warning: TestConstraints found future collision at timestep 339 (will be re-planned)
Agent 0 and 1 collide at location 216 at time 375
Warning: TestConstraints found future collision at end of timestep 339
  CostFlow: agents=1 tasks=1 maxlen=341 global_makespan=1024
Agent 0 and 1 collide at location 216 at time 375
Warning: TestConstraints found future collision at timestep 340 (will be re-planned)
Agent 0 and 1 collide at location 216 at time 375
Warning: TestConstraints found future collision at end of timestep 340
  CostFlow: agents=0 tasks=0 maxlen=0 global_makespan=1024
Agent 0 and 1 collide at location 216 at time 375
Warning: TestConstraints found future collision at timestep 341 (will be re-planned)
Agent 0 and 1 collide at location 216 at time 375
Warning: TestConstraints found future collision at end of timestep 341
  CostFlow: agents=1 tasks=1 maxlen=350 global_makespan=1024
Agent 0 and 1 collide at location 216 at time 375
Warning: TestConstraints found future collision at timestep 342 (will be re-planned)
Agent 0 and 1 collide at location 216 at time 375
Warning: TestConstraints found future collision at end of timestep 342
  CostFlow: agents=1 tasks=1 maxlen=354 global_makespan=1024
Agent 0 and 1 collide at location 216 at time 375
Warning: TestConstraints found future collision at timestep 343 (will be re-planned)
Agent 0 and 1 collide at location 216 at time 375
Warning: TestConstraints found future collision at end of timestep 343
  CostFlow: agents=1 tasks=1 maxlen=354 global_makespan=1024
Agent 0 and 1 collide at location 216 at time 375
Warning: TestConstraints found future collision at timestep 344 (will be re-planned)
Agent 0 and 1 collide at location 216 at time 375
Warning: TestConstraints found future collision at end of timestep 344
  CostFlow: agents=0 tasks=0 maxlen=0 global_makespan=1024
Agent 0 and 1 collide at location 216 at time 385
Warning: TestConstraints found future collision at timestep 345 (will be re-planned)
Agent 0 and 1 collide at location 216 at time 385
Warning: TestConstraints found future collision at end of timestep 345
  CostFlow: agents=2 tasks=2 maxlen=369 global_makespan=1024
Agent 0 and 1 collide at location 216 at time 385
Warning: TestConstraints found future collision at timestep 346 (will be re-planned)
Agent 0 and 1 collide at location 216 at time 385
Warning: TestConstraints found future collision at end of timestep 346
  CostFlow: agents=2 tasks=2 maxlen=369 global_makespan=1024
Agent 0 and 1 collide at location 216 at time 385
Warning: TestConstraints found future collision at timestep 347 (will be re-planned)
Agent 0 and 1 collide at location 216 at time 385
Warning: TestConstraints found future collision at end of timestep 347
  CostFlow: agents=2 tasks=2 maxlen=369 global_makespan=1024
Agent 0 and 1 collide at location 216 at time 385
Warning: TestConstraints found future collision at timestep 348 (will be re-planned)
Agent 0 and 1 collide at location 216 at time 385
Warning: TestConstraints found future collision at end of timestep 348
  CostFlow: agents=3 tasks=3 maxlen=369 global_makespan=1024
Agent 2 and 6 collide at location 336 at time 389
Warning: TestConstraints found future collision at timestep 349 (will be re-planned)
Agent 2 and 6 collide at location 336 at time 389
Warning: TestConstraints found future collision at end of timestep 349
  CostFlow: agents=2 tasks=2 maxlen=369 global_makespan=1024
Agent 0 and 1 collide at location 216 at time 385
Warning: TestConstraints found future collision at timestep 350 (will be re-planned)
Agent 0 and 1 collide at location 216 at time 385
Warning: TestConstraints found future collision at end of timestep 350
  CostFlow: agents=1 tasks=1 maxlen=369 global_makespan=1024
Agent 0 and 1 collide at location 216 at time 385
Warning: TestConstraints found future collision at timestep 351 (will be re-planned)
Agent 0 and 1 collide at location 216 at time 385
Warning: TestConstraints found future collision at end of timestep 351
  CostFlow: agents=1 tasks=1 maxlen=369 global_makespan=1024
Agent 0 and 1 collide at location 216 at time 385
Warning: TestConstraints found future collision at timestep 352 (will be re-planned)
Agent 0 and 1 collide at location 216 at time 385
Warning: TestConstraints found future collision at end of timestep 352
  CostFlow: agents=1 tasks=1 maxlen=369 global_makespan=1024
Agent 0 and 1 collide at location 216 at time 385
Warning: TestConstraints found future collision at timestep 353 (will be re-planned)
Agent 0 and 1 collide at location 216 at time 385
Warning: TestConstraints found future collision at end of timestep 353
  CostFlow: agents=1 tasks=1 maxlen=369 global_makespan=1024
Agent 0 and 1 collide at location 216 at time 385
Warning: TestConstraints found future collision at timestep 354 (will be re-planned)
Agent 0 and 1 collide at location 216 at time 385
Warning: TestConstraints found future collision at end of timestep 354
  CostFlow: agents=2 tasks=2 maxlen=369 global_makespan=1024
Agent 0 and 1 collide at location 216 at time 385
Warning: TestConstraints found future collision at timestep 355 (will be re-planned)
Agent 0 and 1 collide at location 216 at time 385
Warning: TestConstraints found future collision at end of timestep 355
  CostFlow: agents=2 tasks=2 maxlen=369 global_makespan=1024
Agent 0 and 1 collide at location 216 at time 385
Warning: TestConstraints found future collision at timestep 356 (will be re-planned)
Agent 0 and 1 collide at location 216 at time 385
Warning: TestConstraints found future collision at end of timestep 356
  CostFlow: agents=4 tasks=4 maxlen=377 global_makespan=1024
  CostFlow: agents=3 tasks=3 maxlen=381 global_makespan=1024
  CostFlow: agents=1 tasks=1 maxlen=369 global_makespan=1024
Agent 0 and 1 collide at location 216 at time 405
Warning: TestConstraints found future collision at timestep 359 (will be re-planned)
Agent 0 and 1 collide at location 216 at time 405
Warning: TestConstraints found future collision at end of timestep 359
  CostFlow: agents=2 tasks=2 maxlen=371 global_makespan=1024
Agent 0 and 1 collide at location 216 at time 405
Warning: TestConstraints found future collision at timestep 360 (will be re-planned)
Agent 0 and 1 collide at location 216 at time 405
Warning: TestConstraints found future collision at end of timestep 360
  CostFlow: agents=1 tasks=1 maxlen=371 global_makespan=1024
Agent 0 and 1 collide at location 216 at time 405
Warning: TestConstraints found future collision at timestep 361 (will be re-planned)
Agent 0 and 1 collide at location 216 at time 405
Warning: TestConstraints found future collision at end of timestep 361
  CostFlow: agents=1 tasks=1 maxlen=364 global_makespan=1024
Agent 0 and 1 collide at location 216 at time 405
Warning: TestConstraints found future collision at timestep 362 (will be re-planned)
Agent 0 and 1 collide at location 216 at time 405
Warning: TestConstraints found future collision at end of timestep 362
  CostFlow: agents=2 tasks=2 maxlen=373 global_makespan=1024
Agent 0 and 1 collide at location 216 at time 405
Warning: TestConstraints found future collision at timestep 363 (will be re-planned)
Agent 0 and 1 collide at location 216 at time 405
Warning: TestConstraints found future collision at end of timestep 363
  CostFlow: agents=2 tasks=2 maxlen=373 global_makespan=1024
Agent 0 and 1 collide at location 216 at time 405
Warning: TestConstraints found future collision at timestep 364 (will be re-planned)
Agent 0 and 1 collide at location 216 at time 405
Warning: TestConstraints found future collision at end of timestep 364
  CostFlow: agents=1 tasks=1 maxlen=373 global_makespan=1024
Agent 0 and 1 collide at location 216 at time 405
Warning: TestConstraints found future collision at timestep 365 (will be re-planned)
Agent 0 and 1 collide at location 216 at time 405
Warning: TestConstraints found future collision at end of timestep 365
  CostFlow: agents=0 tasks=0 maxlen=0 global_makespan=1024
Agent 0 and 1 collide at location 216 at time 405
Warning: TestConstraints found future collision at timestep 366 (will be re-planned)
Agent 0 and 1 collide at location 216 at time 405
Warning: TestConstraints found future collision at end of timestep 366
  CostFlow: agents=0 tasks=0 maxlen=0 global_makespan=1024
Agent 0 and 1 collide at location 216 at time 405
Warning: TestConstraints found future collision at timestep 367 (will be re-planned)
Agent 0 and 1 collide at location 216 at time 405
Warning: TestConstraints found future collision at end of timestep 367
  CostFlow: agents=2 tasks=2 maxlen=379 global_makespan=1024
Agent 0 and 1 collide at location 216 at time 405
Warning: TestConstraints found future collision at timestep 368 (will be re-planned)
Agent 0 and 1 collide at location 216 at time 405
Warning: TestConstraints found future collision at end of timestep 368
  CostFlow: agents=2 tasks=2 maxlen=379 global_makespan=1024
Agent 0 and 1 collide at location 216 at time 405
Warning: TestConstraints found future collision at timestep 369 (will be re-planned)
Agent 0 and 1 collide at location 216 at time 405
Warning: TestConstraints found future collision at end of timestep 369
  CostFlow: agents=2 tasks=2 maxlen=379 global_makespan=1024
Agent 0 and 1 collide at location 216 at time 405
Warning: TestConstraints found future collision at timestep 370 (will be re-planned)
Agent 0 and 1 collide at location 216 at time 405
Warning: TestConstraints found future collision at end of timestep 370
  CostFlow: agents=1 tasks=1 maxlen=379 global_makespan=1024
Agent 0 and 1 collide at location 216 at time 405
Warning: TestConstraints found future collision at timestep 371 (will be re-planned)
Agent 0 and 1 collide at location 216 at time 405
Warning: TestConstraints found future collision at end of timestep 371
  CostFlow: agents=0 tasks=0 maxlen=0 global_makespan=1024
Agent 0 and 1 collide at location 216 at time 405
Warning: TestConstraints found future collision at timestep 372 (will be re-planned)
Agent 0 and 1 collide at location 216 at time 405
Warning: TestConstraints found future collision at end of timestep 372
  CostFlow: agents=0 tasks=0 maxlen=0 global_makespan=1024
Agent 0 and 1 collide at location 216 at time 405
Warning: TestConstraints found future collision at timestep 373 (will be re-planned)
Agent 0 and 1 collide at location 216 at time 405
Warning: TestConstraints found future collision at end of timestep 373
  CostFlow: agents=1 tasks=1 maxlen=386 global_makespan=1024
Agent 3 and 7 collide at location 551 at time 401
Warning: TestConstraints found future collision at timestep 374 (will be re-planned)
Agent 3 and 7 collide at location 551 at time 401
Warning: TestConstraints found future collision at end of timestep 374
  CostFlow: agents=2 tasks=2 maxlen=386 global_makespan=1024
Agent 4 and 7 collide at location 551 at time 409
Warning: TestConstraints found future collision at timestep 375 (will be re-planned)
Agent 4 and 7 collide at location 551 at time 409
Warning: TestConstraints found future collision at end of timestep 375
  CostFlow: agents=2 tasks=2 maxlen=386 global_makespan=1024
Agent 4 and 7 collide at location 551 at time 409
Warning: TestConstraints found future collision at timestep 376 (will be re-planned)
Agent 4 and 7 collide at location 551 at time 409
Warning: TestConstraints found future collision at end of timestep 376
  CostFlow: agents=2 tasks=2 maxlen=386 global_makespan=1024
Agent 4 and 7 collide at location 551 at time 409
Warning: TestConstraints found future collision at timestep 377 (will be re-planned)
Agent 4 and 7 collide at location 551 at time 409
Warning: TestConstraints found future collision at end of timestep 377
  CostFlow: agents=0 tasks=0 maxlen=0 global_makespan=1024
Agent 0 and 1 collide at location 216 at time 405
Warning: TestConstraints found future collision at timestep 378 (will be re-planned)
Agent 0 and 1 collide at location 216 at time 405
Warning: TestConstraints found future collision at end of timestep 378
  CostFlow: agents=0 tasks=0 maxlen=0 global_makespan=1024
Agent 0 and 1 collide at location 216 at time 405
Warning: TestConstraints found future collision at timestep 379 (will be re-planned)
Agent 0 and 1 collide at location 216 at time 405
Warning: TestConstraints found future collision at end of timestep 379
  CostFlow: agents=0 tasks=0 maxlen=0 global_makespan=1024
Agent 0 and 1 collide at location 216 at time 405
Warning: TestConstraints found future collision at timestep 380 (will be re-planned)
Agent 0 and 1 collide at location 216 at time 405
Warning: TestConstraints found future collision at end of timestep 380
  CostFlow: agents=1 tasks=1 maxlen=397 global_makespan=1024
Agent 0 and 1 collide at location 216 at time 405
Warning: TestConstraints found future collision at timestep 381 (will be re-planned)
Agent 0 and 1 collide at location 216 at time 405
Warning: TestConstraints found future collision at end of timestep 381
  CostFlow: agents=1 tasks=1 maxlen=400 global_makespan=1027
Agent 0 and 1 collide at location 216 at time 405
Warning: TestConstraints found future collision at timestep 382 (will be re-planned)
Agent 0 and 1 collide at location 216 at time 405
Warning: TestConstraints found future collision at end of timestep 382
  CostFlow: agents=1 tasks=1 maxlen=400 global_makespan=1027
Agent 0 and 1 collide at location 216 at time 405
Warning: TestConstraints found future collision at timestep 383 (will be re-planned)
Agent 0 and 1 collide at location 216 at time 405
Warning: TestConstraints found future collision at end of timestep 383
  CostFlow: agents=1 tasks=1 maxlen=400 global_makespan=1027
Agent 0 and 8 collide at location 610 at time 407
Warning: TestConstraints found future collision at timestep 384 (will be re-planned)
Agent 0 and 8 collide at location 610 at time 407
Warning: TestConstraints found future collision at end of timestep 384
  CostFlow: agents=1 tasks=1 maxlen=400 global_makespan=1027
Agent 0 and 8 collide at location 610 at time 407
Warning: TestConstraints found future collision at timestep 385 (will be re-planned)
Agent 0 and 8 collide at location 610 at time 407
Warning: TestConstraints found future collision at end of timestep 385
  CostFlow: agents=1 tasks=1 maxlen=400 global_makespan=1027
Agent 0 and 8 collide at location 610 at time 407
Warning: TestConstraints found future collision at timestep 386 (will be re-planned)
Agent 0 and 8 collide at location 610 at time 407
Warning: TestConstraints found future collision at end of timestep 386
  CostFlow: agents=1 tasks=1 maxlen=400 global_makespan=1027
Agent 0 and 8 collide at location 610 at time 407
Warning: TestConstraints found future collision at timestep 387 (will be re-planned)
Agent 0 and 8 collide at location 610 at time 407
Warning: TestConstraints found future collision at end of timestep 387
  CostFlow: agents=1 tasks=1 maxlen=400 global_makespan=1027
Agent 0 and 8 collide at location 610 at time 407
Warning: TestConstraints found future collision at timestep 388 (will be re-planned)
Agent 0 and 8 collide at location 610 at time 407
Warning: TestConstraints found future collision at end of timestep 388
  CostFlow: agents=1 tasks=1 maxlen=400 global_makespan=1027
Agent 0 and 8 collide at location 610 at time 407
Warning: TestConstraints found future collision at timestep 389 (will be re-planned)
Agent 0 and 8 collide at location 610 at time 407
Warning: TestConstraints found future collision at end of timestep 389
  CostFlow: agents=1 tasks=1 maxlen=400 global_makespan=1027
Agent 0 and 8 collide at location 610 at time 407
Warning: TestConstraints found future collision at timestep 390 (will be re-planned)
Agent 0 and 8 collide at location 610 at time 407
Warning: TestConstraints found future collision at end of timestep 390
  CostFlow: agents=1 tasks=1 maxlen=400 global_makespan=1027
Agent 0 and 8 collide at location 610 at time 407
Warning: TestConstraints found future collision at timestep 391 (will be re-planned)
Agent 0 and 8 collide at location 610 at time 407
Warning: TestConstraints found future collision at end of timestep 391
  CostFlow: agents=2 tasks=2 maxlen=404 global_makespan=1027
Agent 0 and 8 collide at location 610 at time 407
Warning: TestConstraints found future collision at timestep 392 (will be re-planned)
Agent 0 and 8 collide at location 610 at time 407
Warning: TestConstraints found future collision at end of timestep 392
  CostFlow: agents=3 tasks=3 maxlen=408 global_makespan=1027
  CostFlow: agents=2 tasks=2 maxlen=408 global_makespan=1027
Agent 2 and 6 collide at location 225 at time 442
Warning: TestConstraints found future collision at timestep 394 (will be re-planned)
Agent 2 and 6 collide at location 225 at time 442
Warning: TestConstraints found future collision at end of timestep 394
  CostFlow: agents=2 tasks=2 maxlen=408 global_makespan=1027
Agent 2 and 6 collide at location 225 at time 442
Warning: TestConstraints found future collision at timestep 395 (will be re-planned)
Agent 2 and 6 collide at location 225 at time 442
Warning: TestConstraints found future collision at end of timestep 395
  CostFlow: agents=2 tasks=2 maxlen=408 global_makespan=1027
Agent 2 and 6 collide at location 225 at time 442
Warning: TestConstraints found future collision at timestep 396 (will be re-planned)
Agent 2 and 6 collide at location 225 at time 442
Warning: TestConstraints found future collision at end of timestep 396
  CostFlow: agents=2 tasks=2 maxlen=423 global_makespan=1027
Agent 2 and 6 collide at location 225 at time 442
Warning: TestConstraints found future collision at timestep 397 (will be re-planned)
Agent 2 and 6 collide at location 225 at time 442
Warning: TestConstraints found future collision at end of timestep 397
  CostFlow: agents=2 tasks=2 maxlen=423 global_makespan=1027
Agent 2 and 6 collide at location 225 at time 442
Warning: TestConstraints found future collision at timestep 398 (will be re-planned)
Agent 2 and 6 collide at location 225 at time 442
Warning: TestConstraints found future collision at end of timestep 398
  CostFlow: agents=3 tasks=3 maxlen=423 global_makespan=1027
Agent 2 and 6 collide at location 225 at time 442
Warning: TestConstraints found future collision at timestep 399 (will be re-planned)
Agent 2 and 6 collide at location 225 at time 442
Warning: TestConstraints found future collision at end of timestep 399
  CostFlow: agents=1 tasks=1 maxlen=424 global_makespan=1028
Agent 2 and 6 collide at location 225 at time 442
Warning: TestConstraints found future collision at timestep 400 (will be re-planned)
Agent 2 and 6 collide at location 225 at time 442
Warning: TestConstraints found future collision at end of timestep 400
  CostFlow: agents=1 tasks=1 maxlen=414 global_makespan=1028
Agent 2 and 6 collide at location 225 at time 442
Warning: TestConstraints found future collision at timestep 401 (will be re-planned)
Agent 2 and 6 collide at location 225 at time 442
Warning: TestConstraints found future collision at end of timestep 401
  CostFlow: agents=1 tasks=1 maxlen=414 global_makespan=1028
Agent 2 and 6 collide at location 225 at time 442
Warning: TestConstraints found future collision at timestep 402 (will be re-planned)
Agent 2 and 6 collide at location 225 at time 442
Warning: TestConstraints found future collision at end of timestep 402
  CostFlow: agents=0 tasks=0 maxlen=0 global_makespan=1028
Agent 2 and 6 collide at location 225 at time 442
Warning: TestConstraints found future collision at timestep 403 (will be re-planned)
Agent 2 and 6 collide at location 225 at time 442
Warning: TestConstraints found future collision at end of timestep 403
  CostFlow: agents=0 tasks=0 maxlen=0 global_makespan=1028
Agent 1 and 7 collide at location 384 at time 418
Warning: TestConstraints found future collision at timestep 404 (will be re-planned)
Agent 1 and 7 collide at location 384 at time 418
Warning: TestConstraints found future collision at end of timestep 404
  CostFlow: agents=0 tasks=0 maxlen=0 global_makespan=1028
Agent 1 and 7 collide at location 384 at time 418
Warning: TestConstraints found future collision at timestep 405 (will be re-planned)
Agent 1 and 7 collide at location 384 at time 418
Warning: TestConstraints found future collision at end of timestep 405
  CostFlow: agents=0 tasks=0 maxlen=0 global_makespan=1028
Agent 1 and 7 collide at location 384 at time 418
Warning: TestConstraints found future collision at timestep 406 (will be re-planned)
Agent 1 and 7 collide at location 384 at time 418
Warning: TestConstraints found future collision at end of timestep 406
  CostFlow: agents=0 tasks=0 maxlen=0 global_makespan=1028
Agent 1 and 7 collide at location 384 at time 418
Warning: TestConstraints found future collision at timestep 407 (will be re-planned)
Agent 1 and 7 collide at location 384 at time 418
Warning: TestConstraints found future collision at end of timestep 407
  CostFlow: agents=0 tasks=0 maxlen=0 global_makespan=1028
Agent 1 and 7 collide at location 384 at time 418
Warning: TestConstraints found future collision at timestep 408 (will be re-planned)
Agent 1 and 7 collide at location 384 at time 418
Warning: TestConstraints found future collision at end of timestep 408
  CostFlow: agents=1 tasks=1 maxlen=427 global_makespan=1028
Agent 2 and 6 collide at location 225 at time 442
Warning: TestConstraints found future collision at timestep 409 (will be re-planned)
Agent 2 and 6 collide at location 225 at time 442
Warning: TestConstraints found future collision at end of timestep 409
  CostFlow: agents=1 tasks=1 maxlen=427 global_makespan=1028
Agent 2 and 6 collide at location 225 at time 442
Warning: TestConstraints found future collision at timestep 410 (will be re-planned)
Agent 2 and 6 collide at location 225 at time 442
Warning: TestConstraints found future collision at end of timestep 410
  CostFlow: agents=1 tasks=1 maxlen=427 global_makespan=1028
Agent 2 and 6 collide at location 225 at time 442
Warning: TestConstraints found future collision at timestep 411 (will be re-planned)
Agent 2 and 6 collide at location 225 at time 442
Warning: TestConstraints found future collision at end of timestep 411
  CostFlow: agents=1 tasks=1 maxlen=427 global_makespan=1028
Agent 2 and 6 collide at location 225 at time 442
Warning: TestConstraints found future collision at timestep 412 (will be re-planned)
Agent 2 and 6 collide at location 225 at time 442
Warning: TestConstraints found future collision at end of timestep 412
  CostFlow: agents=2 tasks=2 maxlen=427 global_makespan=1028
Agent 2 and 6 collide at location 225 at time 442
Warning: TestConstraints found future collision at timestep 413 (will be re-planned)
Agent 2 and 6 collide at location 225 at time 442
Warning: TestConstraints found future collision at end of timestep 413
  CostFlow: agents=2 tasks=2 maxlen=427 global_makespan=1028
Agent 2 and 6 collide at location 225 at time 442
Warning: TestConstraints found future collision at timestep 414 (will be re-planned)
Agent 2 and 6 collide at location 225 at time 442
Warning: TestConstraints found future collision at end of timestep 414
  CostFlow: agents=1 tasks=1 maxlen=427 global_makespan=1028
Agent 2 and 6 collide at location 225 at time 442
Warning: TestConstraints found future collision at timestep 415 (will be re-planned)
Agent 2 and 6 collide at location 225 at time 442
Warning: TestConstraints found future collision at end of timestep 415
  CostFlow: agents=3 tasks=3 maxlen=441 global_makespan=1028
Agent 3 and 4 collide at location 366 at time 454
Warning: TestConstraints found future collision at timestep 416 (will be re-planned)
Agent 3 and 4 collide at location 366 at time 454
Warning: TestConstraints found future collision at end of timestep 416
  CostFlow: agents=3 tasks=3 maxlen=441 global_makespan=1028
Agent 3 and 4 collide at location 366 at time 454
Warning: TestConstraints found future collision at timestep 417 (will be re-planned)
Agent 3 and 4 collide at location 366 at time 454
Warning: TestConstraints found future collision at end of timestep 417
  CostFlow: agents=2 tasks=2 maxlen=434 global_makespan=1028
Agent 3 and 4 collide at location 366 at time 454
Warning: TestConstraints found future collision at timestep 418 (will be re-planned)
Agent 3 and 4 collide at location 366 at time 454
Warning: TestConstraints found future collision at end of timestep 418
  CostFlow: agents=2 tasks=2 maxlen=434 global_makespan=1028
Agent 3 and 4 collide at location 366 at time 454
Warning: TestConstraints found future collision at timestep 419 (will be re-planned)
Agent 3 and 4 collide at location 366 at time 454
Warning: TestConstraints found future collision at end of timestep 419
  CostFlow: agents=2 tasks=2 maxlen=434 global_makespan=1028
Agent 3 and 4 collide at location 366 at time 454
Warning: TestConstraints found future collision at timestep 420 (will be re-planned)
Agent 3 and 4 collide at location 366 at time 454
Warning: TestConstraints found future collision at end of timestep 420
  CostFlow: agents=3 tasks=3 maxlen=448 global_makespan=1028
  CostFlow: agents=3 tasks=3 maxlen=448 global_makespan=1028
  CostFlow: agents=2 tasks=2 maxlen=448 global_makespan=1028
  CostFlow: agents=0 tasks=0 maxlen=0 global_makespan=1028
Agent 2 and 6 collide at edge 262-225 at time 443
Warning: TestConstraints found future collision at timestep 424 (will be re-planned)
Agent 2 and 6 collide at edge 262-225 at time 443
Warning: TestConstraints found future collision at end of timestep 424
  CostFlow: agents=0 tasks=0 maxlen=0 global_makespan=1028
Agent 2 and 6 collide at edge 262-225 at time 443
Warning: TestConstraints found future collision at timestep 425 (will be re-planned)
Agent 2 and 6 collide at edge 262-225 at time 443
Warning: TestConstraints found future collision at end of timestep 425
  CostFlow: agents=1 tasks=1 maxlen=450 global_makespan=1028
Agent 2 and 6 collide at edge 262-225 at time 443
Warning: TestConstraints found future collision at timestep 426 (will be re-planned)
Agent 2 and 6 collide at edge 262-225 at time 443
Warning: TestConstraints found future collision at end of timestep 426
  CostFlow: agents=2 tasks=2 maxlen=450 global_makespan=1028
Agent 2 and 6 collide at edge 262-225 at time 443
Warning: TestConstraints found future collision at timestep 427 (will be re-planned)
Agent 2 and 6 collide at edge 262-225 at time 443
Warning: TestConstraints found future collision at end of timestep 427
  CostFlow: agents=1 tasks=1 maxlen=450 global_makespan=1028
Agent 2 and 6 collide at edge 262-225 at time 443
Warning: TestConstraints found future collision at timestep 428 (will be re-planned)
Agent 2 and 6 collide at edge 262-225 at time 443
Warning: TestConstraints found future collision at end of timestep 428
  CostFlow: agents=2 tasks=2 maxlen=466 global_makespan=1028
Agent 2 and 6 collide at edge 262-225 at time 443
Warning: TestConstraints found future collision at timestep 429 (will be re-planned)
Agent 2 and 6 collide at edge 262-225 at time 443
Warning: TestConstraints found future collision at end of timestep 429
  CostFlow: agents=3 tasks=3 maxlen=466 global_makespan=1028
Agent 2 and 6 collide at edge 262-225 at time 443
Warning: TestConstraints found future collision at timestep 430 (will be re-planned)
Agent 2 and 6 collide at edge 262-225 at time 443
Warning: TestConstraints found future collision at end of timestep 430
  CostFlow: agents=2 tasks=2 maxlen=466 global_makespan=1028
Agent 2 and 6 collide at edge 262-225 at time 443
Warning: TestConstraints found future collision at timestep 431 (will be re-planned)
Agent 2 and 6 collide at edge 262-225 at time 443
Warning: TestConstraints found future collision at end of timestep 431
  CostFlow: agents=3 tasks=3 maxlen=466 global_makespan=1028
Agent 2 and 6 collide at edge 262-225 at time 443
Warning: TestConstraints found future collision at timestep 432 (will be re-planned)
Agent 2 and 6 collide at edge 262-225 at time 443
Warning: TestConstraints found future collision at end of timestep 432
  CostFlow: agents=2 tasks=2 maxlen=466 global_makespan=1028
Agent 2 and 6 collide at edge 262-225 at time 443
Warning: TestConstraints found future collision at timestep 433 (will be re-planned)
Agent 2 and 6 collide at edge 262-225 at time 443
Warning: TestConstraints found future collision at end of timestep 433
  CostFlow: agents=3 tasks=3 maxlen=466 global_makespan=1028
Agent 3 and 4 collide at location 366 at time 478
Warning: TestConstraints found future collision at timestep 434 (will be re-planned)
Agent 3 and 4 collide at location 366 at time 478
Warning: TestConstraints found future collision at end of timestep 434
  CostFlow: agents=2 tasks=2 maxlen=466 global_makespan=1028
Agent 3 and 4 collide at location 366 at time 478
Warning: TestConstraints found future collision at timestep 435 (will be re-planned)
Agent 3 and 4 collide at location 366 at time 478
Warning: TestConstraints found future collision at end of timestep 435
  CostFlow: agents=3 tasks=3 maxlen=466 global_makespan=1028
Agent 3 and 4 collide at location 366 at time 478
Warning: TestConstraints found future collision at timestep 436 (will be re-planned)
Agent 3 and 4 collide at location 366 at time 478
Warning: TestConstraints found future collision at end of timestep 436
  CostFlow: agents=2 tasks=2 maxlen=466 global_makespan=1028
Agent 3 and 4 collide at location 366 at time 478
Warning: TestConstraints found future collision at timestep 437 (will be re-planned)
Agent 3 and 4 collide at location 366 at time 478
Warning: TestConstraints found future collision at end of timestep 437
  CostFlow: agents=1 tasks=1 maxlen=466 global_makespan=1028
Agent 3 and 4 collide at location 366 at time 478
Warning: TestConstraints found future collision at timestep 438 (will be re-planned)
Agent 3 and 4 collide at location 366 at time 478
Warning: TestConstraints found future collision at end of timestep 438
  CostFlow: agents=1 tasks=1 maxlen=466 global_makespan=1028
Agent 3 and 4 collide at location 366 at time 478
Warning: TestConstraints found future collision at timestep 439 (will be re-planned)
Agent 3 and 4 collide at location 366 at time 478
Warning: TestConstraints found future collision at end of timestep 439
  CostFlow: agents=1 tasks=1 maxlen=466 global_makespan=1028
Agent 3 and 4 collide at location 366 at time 478
Warning: TestConstraints found future collision at timestep 440 (will be re-planned)
Agent 3 and 4 collide at location 366 at time 478
Warning: TestConstraints found future collision at end of timestep 440
  CostFlow: agents=1 tasks=1 maxlen=466 global_makespan=1028
Agent 3 and 4 collide at location 366 at time 478
Warning: TestConstraints found future collision at timestep 441 (will be re-planned)
Agent 3 and 4 collide at location 366 at time 478
Warning: TestConstraints found future collision at end of timestep 441
  CostFlow: agents=3 tasks=3 maxlen=466 global_makespan=1028
  CostFlow: agents=0 tasks=0 maxlen=0 global_makespan=1028
Agent 0 and 1 collide at location 216 at time 485
Warning: TestConstraints found future collision at timestep 443 (will be re-planned)
Agent 0 and 1 collide at location 216 at time 485
Warning: TestConstraints found future collision at end of timestep 443
  CostFlow: agents=1 tasks=1 maxlen=457 global_makespan=1028
Agent 0 and 1 collide at location 216 at time 485
Warning: TestConstraints found future collision at timestep 444 (will be re-planned)
Agent 0 and 1 collide at location 216 at time 485
Warning: TestConstraints found future collision at end of timestep 444
  CostFlow: agents=1 tasks=1 maxlen=457 global_makespan=1028
Agent 0 and 1 collide at location 216 at time 485
Warning: TestConstraints found future collision at timestep 445 (will be re-planned)
Agent 0 and 1 collide at location 216 at time 485
Warning: TestConstraints found future collision at end of timestep 445
  CostFlow: agents=1 tasks=1 maxlen=457 global_makespan=1028
Agent 0 and 1 collide at location 216 at time 485
Warning: TestConstraints found future collision at timestep 446 (will be re-planned)
Agent 0 and 1 collide at location 216 at time 485
Warning: TestConstraints found future collision at end of timestep 446
  CostFlow: agents=1 tasks=1 maxlen=467 global_makespan=1028
Agent 0 and 1 collide at location 216 at time 485
Warning: TestConstraints found future collision at timestep 447 (will be re-planned)
Agent 0 and 1 collide at location 216 at time 485
Warning: TestConstraints found future collision at end of timestep 447
  CostFlow: agents=2 tasks=2 maxlen=467 global_makespan=1028
Agent 0 and 8 collide at location 399 at time 456
Warning: TestConstraints found future collision at timestep 448 (will be re-planned)
Agent 0 and 8 collide at location 399 at time 456
Warning: TestConstraints found future collision at end of timestep 448
  CostFlow: agents=2 tasks=2 maxlen=467 global_makespan=1028
Agent 0 and 8 collide at location 399 at time 456
Warning: TestConstraints found future collision at timestep 449 (will be re-planned)
Agent 0 and 8 collide at location 399 at time 456
Warning: TestConstraints found future collision at end of timestep 449
  CostFlow: agents=2 tasks=2 maxlen=467 global_makespan=1028
Agent 2 and 6 collide at edge 676-677 at time 471
Warning: TestConstraints found future collision at timestep 450 (will be re-planned)
Agent 2 and 6 collide at edge 676-677 at time 471
Warning: TestConstraints found future collision at end of timestep 450
  CostFlow: agents=2 tasks=2 maxlen=467 global_makespan=1028
Agent 2 and 6 collide at edge 676-677 at time 471
Warning: TestConstraints found future collision at timestep 451 (will be re-planned)
Agent 2 and 6 collide at edge 676-677 at time 471
Warning: TestConstraints found future collision at end of timestep 451
  CostFlow: agents=2 tasks=2 maxlen=467 global_makespan=1028
Agent 2 and 6 collide at edge 676-677 at time 471
Warning: TestConstraints found future collision at timestep 452 (will be re-planned)
Agent 2 and 6 collide at edge 676-677 at time 471
Warning: TestConstraints found future collision at end of timestep 452
  CostFlow: agents=1 tasks=1 maxlen=467 global_makespan=1028
Agent 0 and 1 collide at location 216 at time 485
Warning: TestConstraints found future collision at timestep 453 (will be re-planned)
Agent 0 and 1 collide at location 216 at time 485
Warning: TestConstraints found future collision at end of timestep 453
  CostFlow: agents=1 tasks=1 maxlen=467 global_makespan=1028
Agent 0 and 1 collide at location 216 at time 485
Warning: TestConstraints found future collision at timestep 454 (will be re-planned)
Agent 0 and 1 collide at location 216 at time 485
Warning: TestConstraints found future collision at end of timestep 454
  CostFlow: agents=0 tasks=0 maxlen=0 global_makespan=1028
Agent 0 and 1 collide at location 216 at time 485
Warning: TestConstraints found future collision at timestep 455 (will be re-planned)
Agent 0 and 1 collide at location 216 at time 485
Warning: TestConstraints found future collision at end of timestep 455
  CostFlow: agents=1 tasks=1 maxlen=463 global_makespan=1028
Agent 0 and 1 collide at location 216 at time 485
Warning: TestConstraints found future collision at timestep 456 (will be re-planned)
Agent 0 and 1 collide at location 216 at time 485
Warning: TestConstraints found future collision at end of timestep 456
  CostFlow: agents=1 tasks=1 maxlen=463 global_makespan=1028
Agent 0 and 1 collide at location 216 at time 485
Warning: TestConstraints found future collision at timestep 457 (will be re-planned)
Agent 0 and 1 collide at location 216 at time 485
Warning: TestConstraints found future collision at end of timestep 457
  CostFlow: agents=1 tasks=1 maxlen=463 global_makespan=1028
Agent 0 and 1 collide at location 216 at time 485
Warning: TestConstraints found future collision at timestep 458 (will be re-planned)
Agent 0 and 1 collide at location 216 at time 485
Warning: TestConstraints found future collision at end of timestep 458
  CostFlow: agents=1 tasks=1 maxlen=463 global_makespan=1028
Agent 0 and 1 collide at location 216 at time 485
Warning: TestConstraints found future collision at timestep 459 (will be re-planned)
Agent 0 and 1 collide at location 216 at time 485
Warning: TestConstraints found future collision at end of timestep 459
  CostFlow: agents=1 tasks=1 maxlen=463 global_makespan=1028
Agent 0 and 1 collide at location 216 at time 485
Warning: TestConstraints found future collision at timestep 460 (will be re-planned)
Agent 0 and 1 collide at location 216 at time 485
Warning: TestConstraints found future collision at end of timestep 460
  CostFlow: agents=1 tasks=1 maxlen=463 global_makespan=1028
Agent 0 and 1 collide at location 216 at time 485
Warning: TestConstraints found future collision at timestep 461 (will be re-planned)
Agent 0 and 1 collide at location 216 at time 485
Warning: TestConstraints found future collision at end of timestep 461
  CostFlow: agents=2 tasks=2 maxlen=479 global_makespan=1028
Agent 0 and 1 collide at location 216 at time 485
Warning: TestConstraints found future collision at timestep 462 (will be re-planned)
Agent 0 and 1 collide at location 216 at time 485
Warning: TestConstraints found future collision at end of timestep 462
  CostFlow: agents=2 tasks=2 maxlen=479 global_makespan=1028
Agent 0 and 1 collide at location 216 at time 485
Warning: TestConstraints found future collision at timestep 463 (will be re-planned)
Agent 0 and 1 collide at location 216 at time 485
Warning: TestConstraints found future collision at end of timestep 463
  CostFlow: agents=2 tasks=2 maxlen=481 global_makespan=1030
Agent 0 and 1 collide at location 216 at time 485
Warning: TestConstraints found future collision at timestep 464 (will be re-planned)
Agent 0 and 1 collide at location 216 at time 485
Warning: TestConstraints found future collision at end of timestep 464
  CostFlow: agents=2 tasks=2 maxlen=481 global_makespan=1030
Agent 0 and 1 collide at location 216 at time 485
Warning: TestConstraints found future collision at timestep 465 (will be re-planned)
Agent 0 and 1 collide at location 216 at time 485
Warning: TestConstraints found future collision at end of timestep 465
  CostFlow: agents=2 tasks=2 maxlen=481 global_makespan=1030
Agent 0 and 1 collide at location 216 at time 485
Warning: TestConstraints found future collision at timestep 466 (will be re-planned)
Agent 0 and 1 collide at location 216 at time 485
Warning: TestConstraints found future collision at end of timestep 466
  CostFlow: agents=2 tasks=2 maxlen=494 global_makespan=1030
Agent 2 and 5 collide at edge 691-690 at time 492
Warning: TestConstraints found future collision at timestep 467 (will be re-planned)
Agent 2 and 5 collide at edge 691-690 at time 492
Warning: TestConstraints found future collision at end of timestep 467
  CostFlow: agents=1 tasks=1 maxlen=481 global_makespan=1030
Agent 2 and 5 collide at edge 691-690 at time 492
Warning: TestConstraints found future collision at timestep 468 (will be re-planned)
Agent 2 and 5 collide at edge 691-690 at time 492
Warning: TestConstraints found future collision at end of timestep 468
  CostFlow: agents=2 tasks=2 maxlen=484 global_makespan=1030
Agent 2 and 5 collide at edge 691-690 at time 492
Warning: TestConstraints found future collision at timestep 469 (will be re-planned)
Agent 2 and 5 collide at edge 691-690 at time 492
Warning: TestConstraints found future collision at end of timestep 469
  CostFlow: agents=2 tasks=2 maxlen=484 global_makespan=1030
Agent 2 and 5 collide at edge 691-690 at time 492
Warning: TestConstraints found future collision at timestep 470 (will be re-planned)
Agent 2 and 5 collide at edge 691-690 at time 492
Warning: TestConstraints found future collision at end of timestep 470
  CostFlow: agents=2 tasks=2 maxlen=484 global_makespan=1030
Agent 2 and 5 collide at edge 691-690 at time 492
Warning: TestConstraints found future collision at timestep 471 (will be re-planned)
Agent 2 and 5 collide at edge 691-690 at time 492
Warning: TestConstraints found future collision at end of timestep 471
  CostFlow: agents=0 tasks=0 maxlen=0 global_makespan=1030
Agent 2 and 5 collide at edge 691-690 at time 492
Warning: TestConstraints found future collision at timestep 472 (will be re-planned)
Agent 2 and 5 collide at edge 691-690 at time 492
Warning: TestConstraints found future collision at end of timestep 472
  CostFlow: agents=0 tasks=0 maxlen=0 global_makespan=1030
Agent 2 and 5 collide at edge 691-690 at time 492
Warning: TestConstraints found future collision at timestep 473 (will be re-planned)
Agent 2 and 5 collide at edge 691-690 at time 492
Warning: TestConstraints found future collision at end of timestep 473
  CostFlow: agents=1 tasks=1 maxlen=481 global_makespan=1030
Agent 2 and 5 collide at edge 691-690 at time 492
Warning: TestConstraints found future collision at timestep 474 (will be re-planned)
Agent 2 and 5 collide at edge 691-690 at time 492
Warning: TestConstraints found future collision at end of timestep 474
  CostFlow: agents=0 tasks=0 maxlen=0 global_makespan=1030
Agent 2 and 5 collide at edge 691-690 at time 492
Warning: TestConstraints found future collision at timestep 475 (will be re-planned)
Agent 2 and 5 collide at edge 691-690 at time 492
Warning: TestConstraints found future collision at end of timestep 475
  CostFlow: agents=0 tasks=0 maxlen=0 global_makespan=1030
Agent 2 and 5 collide at edge 691-690 at time 492
Warning: TestConstraints found future collision at timestep 476 (will be re-planned)
Agent 2 and 5 collide at edge 691-690 at time 492
Warning: TestConstraints found future collision at end of timestep 476
  CostFlow: agents=0 tasks=0 maxlen=0 global_makespan=1030
Agent 2 and 6 collide at location 521 at time 517
Warning: TestConstraints found future collision at timestep 477 (will be re-planned)
Agent 2 and 6 collide at location 521 at time 517
Warning: TestConstraints found future collision at end of timestep 477
  CostFlow: agents=0 tasks=0 maxlen=0 global_makespan=1030
Agent 2 and 6 collide at location 521 at time 517
Warning: TestConstraints found future collision at timestep 478 (will be re-planned)
Agent 2 and 6 collide at location 521 at time 517
Warning: TestConstraints found future collision at end of timestep 478
  CostFlow: agents=0 tasks=0 maxlen=0 global_makespan=1030
Agent 2 and 6 collide at location 521 at time 517
Warning: TestConstraints found future collision at timestep 479 (will be re-planned)
Agent 2 and 6 collide at location 521 at time 517
Warning: TestConstraints found future collision at end of timestep 479
  CostFlow: agents=1 tasks=1 maxlen=494 global_makespan=1030
Agent 2 and 6 collide at location 521 at time 517
Warning: TestConstraints found future collision at timestep 480 (will be re-planned)
Agent 2 and 6 collide at location 521 at time 517
Warning: TestConstraints found future collision at end of timestep 480
  CostFlow: agents=3 tasks=3 maxlen=498 global_makespan=1030
Agent 2 and 6 collide at location 521 at time 517
Warning: TestConstraints found future collision at timestep 481 (will be re-planned)
Agent 2 and 6 collide at location 521 at time 517
Warning: TestConstraints found future collision at end of timestep 481
  CostFlow: agents=2 tasks=2 maxlen=494 global_makespan=1030
Agent 2 and 6 collide at location 521 at time 517
Warning: TestConstraints found future collision at timestep 482 (will be re-planned)
Agent 2 and 6 collide at location 521 at time 517
Warning: TestConstraints found future collision at end of timestep 482
  CostFlow: agents=2 tasks=2 maxlen=494 global_makespan=1030
Agent 2 and 6 collide at location 521 at time 517
Warning: TestConstraints found future collision at timestep 483 (will be re-planned)
Agent 2 and 6 collide at location 521 at time 517
Warning: TestConstraints found future collision at end of timestep 483
  CostFlow: agents=1 tasks=1 maxlen=494 global_makespan=1030
Agent 2 and 6 collide at location 521 at time 517
Warning: TestConstraints found future collision at timestep 484 (will be re-planned)
Agent 2 and 6 collide at location 521 at time 517
Warning: TestConstraints found future collision at end of timestep 484
  CostFlow: agents=0 tasks=0 maxlen=0 global_makespan=1030
Agent 2 and 6 collide at location 521 at time 517
Warning: TestConstraints found future collision at timestep 485 (will be re-planned)
Agent 2 and 6 collide at location 521 at time 517
Warning: TestConstraints found future collision at end of timestep 485
  CostFlow: agents=1 tasks=1 maxlen=487 global_makespan=1030
Agent 0 and 1 collide at location 216 at time 509
Warning: TestConstraints found future collision at timestep 486 (will be re-planned)
Agent 0 and 1 collide at location 216 at time 509
Warning: TestConstraints found future collision at end of timestep 486
  CostFlow: agents=1 tasks=1 maxlen=501 global_makespan=1030
Agent 2 and 6 collide at location 521 at time 517
Warning: TestConstraints found future collision at timestep 487 (will be re-planned)
Agent 2 and 6 collide at location 521 at time 517
Warning: TestConstraints found future collision at end of timestep 487
  CostFlow: agents=2 tasks=2 maxlen=504 global_makespan=1030
Agent 4 and 5 collide at location 403 at time 515
Warning: TestConstraints found future collision at timestep 488 (will be re-planned)
Agent 4 and 5 collide at location 403 at time 515
Warning: TestConstraints found future collision at end of timestep 488
  CostFlow: agents=1 tasks=1 maxlen=504 global_makespan=1030
Agent 1 and 3 collide at location 90 at time 502
Warning: TestConstraints found future collision at timestep 489 (will be re-planned)
Agent 1 and 3 collide at location 90 at time 502
Warning: TestConstraints found future collision at end of timestep 489
  CostFlow: agents=1 tasks=1 maxlen=504 global_makespan=1030
Agent 1 and 3 collide at location 90 at time 502
Warning: TestConstraints found future collision at timestep 490 (will be re-planned)
Agent 1 and 3 collide at location 90 at time 502
Warning: TestConstraints found future collision at end of timestep 490
  CostFlow: agents=1 tasks=1 maxlen=504 global_makespan=1030
Agent 1 and 3 collide at location 90 at time 502
Warning: TestConstraints found future collision at timestep 491 (will be re-planned)
Agent 1 and 3 collide at location 90 at time 502
Warning: TestConstraints found future collision at end of timestep 491
  CostFlow: agents=0 tasks=0 maxlen=0 global_makespan=1030
Agent 1 and 3 collide at location 90 at time 502
Warning: TestConstraints found future collision at timestep 492 (will be re-planned)
Agent 1 and 3 collide at location 90 at time 502
Warning: TestConstraints found future collision at end of timestep 492
  CostFlow: agents=0 tasks=0 maxlen=0 global_makespan=1030
Agent 1 and 3 collide at location 90 at time 502
Warning: TestConstraints found future collision at timestep 493 (will be re-planned)
Agent 1 and 3 collide at location 90 at time 502
Warning: TestConstraints found future collision at end of timestep 493
  CostFlow: agents=1 tasks=1 maxlen=522 global_makespan=1030
Agent 1 and 3 collide at location 90 at time 502
Warning: TestConstraints found future collision at timestep 494 (will be re-planned)
Agent 1 and 3 collide at location 90 at time 502
Warning: TestConstraints found future collision at end of timestep 494
  CostFlow: agents=1 tasks=1 maxlen=496 global_makespan=1030
Agent 2 and 7 collide at location 248 at time 510
Warning: TestConstraints found future collision at timestep 495 (will be re-planned)
Agent 2 and 7 collide at location 248 at time 510
Warning: TestConstraints found future collision at end of timestep 495
  CostFlow: agents=1 tasks=1 maxlen=507 global_makespan=1030
Agent 2 and 7 collide at location 248 at time 510
Warning: TestConstraints found future collision at timestep 496 (will be re-planned)
Agent 2 and 7 collide at location 248 at time 510
Warning: TestConstraints found future collision at end of timestep 496
  CostFlow: agents=1 tasks=1 maxlen=520 global_makespan=1030
Agent 2 and 7 collide at location 248 at time 510
Warning: TestConstraints found future collision at timestep 497 (will be re-planned)
  CostFlow: agents=1 tasks=1 maxlen=507 global_makespan=1030
Agent 2 and 7 collide at location 248 at time 510
Warning: TestConstraints found future collision at timestep 497 (will be re-planned)
Agent 2 and 7 collide at location 248 at time 510
Warning: TestConstraints found future collision at end of timestep 497
  CostFlow: agents=1 tasks=1 maxlen=520 global_makespan=1030
Agent 0 and 1 collide at location 216 at time 545
Warning: TestConstraints found future collision at timestep 498 (will be re-planned)
Agent 0 and 1 collide at location 216 at time 545
Warning: TestConstraints found future collision at end of timestep 498
  CostFlow: agents=1 tasks=1 maxlen=520 global_makespan=1030
Agent 0 and 1 collide at location 216 at time 545
Warning: TestConstraints found future collision at timestep 499 (will be re-planned)
Agent 0 and 1 collide at location 216 at time 545
Warning: TestConstraints found future collision at end of timestep 499
  CostFlow: agents=1 tasks=1 maxlen=520 global_makespan=1030
Agent 0 and 1 collide at location 216 at time 545
Warning: TestConstraints found future collision at timestep 500 (will be re-planned)
Agent 0 and 1 collide at location 216 at time 545
Warning: TestConstraints found future collision at end of timestep 500
  CostFlow: agents=1 tasks=1 maxlen=520 global_makespan=1030
Agent 0 and 1 collide at location 216 at time 545
Warning: TestConstraints found future collision at timestep 501 (will be re-planned)
Agent 0 and 1 collide at location 216 at time 545
Warning: TestConstraints found future collision at end of timestep 501
  CostFlow: agents=1 tasks=1 maxlen=520 global_makespan=1030
Agent 0 and 1 collide at location 216 at time 545
Warning: TestConstraints found future collision at timestep 502 (will be re-planned)
Agent 0 and 1 collide at location 216 at time 545
Warning: TestConstraints found future collision at end of timestep 502
  CostFlow: agents=2 tasks=2 maxlen=528 global_makespan=1030
Agent 0 and 6 collide at location 681 at time 516
Warning: TestConstraints found future collision at timestep 503 (will be re-planned)
Agent 0 and 6 collide at location 681 at time 516
Warning: TestConstraints found future collision at end of timestep 503
  CostFlow: agents=1 tasks=1 maxlen=517 global_makespan=1030
Agent 0 and 6 collide at location 681 at time 516
Warning: TestConstraints found future collision at timestep 504 (will be re-planned)
Agent 0 and 6 collide at location 681 at time 516
Warning: TestConstraints found future collision at end of timestep 504
  CostFlow: agents=0 tasks=0 maxlen=0 global_makespan=1030
Agent 0 and 1 collide at location 216 at time 545
Warning: TestConstraints found future collision at timestep 505 (will be re-planned)
Agent 0 and 1 collide at location 216 at time 545
Warning: TestConstraints found future collision at end of timestep 505
  CostFlow: agents=0 tasks=0 maxlen=0 global_makespan=1030
Agent 0 and 1 collide at location 216 at time 545
Warning: TestConstraints found future collision at timestep 506 (will be re-planned)
Agent 0 and 1 collide at location 216 at time 545
Warning: TestConstraints found future collision at end of timestep 506
  CostFlow: agents=1 tasks=1 maxlen=517 global_makespan=1030
Agent 0 and 1 collide at location 216 at time 545
Warning: TestConstraints found future collision at timestep 507 (will be re-planned)
Agent 0 and 1 collide at location 216 at time 545
Warning: TestConstraints found future collision at end of timestep 507
  CostFlow: agents=0 tasks=0 maxlen=0 global_makespan=1030
Agent 0 and 1 collide at location 216 at time 545
Warning: TestConstraints found future collision at timestep 508 (will be re-planned)
Agent 0 and 1 collide at location 216 at time 545
Warning: TestConstraints found future collision at end of timestep 508
  CostFlow: agents=0 tasks=0 maxlen=0 global_makespan=1030
Agent 0 and 1 collide at location 216 at time 545
Warning: TestConstraints found future collision at timestep 509 (will be re-planned)
Agent 0 and 1 collide at location 216 at time 545
Warning: TestConstraints found future collision at end of timestep 509
  CostFlow: agents=0 tasks=0 maxlen=0 global_makespan=1030
Agent 0 and 1 collide at location 216 at time 545
Warning: TestConstraints found future collision at timestep 510 (will be re-planned)
Agent 0 and 1 collide at location 216 at time 545
Warning: TestConstraints found future collision at end of timestep 510
  CostFlow: agents=1 tasks=1 maxlen=526 global_makespan=1030
Agent 0 and 1 collide at location 216 at time 545
Warning: TestConstraints found future collision at timestep 511 (will be re-planned)
Agent 0 and 1 collide at location 216 at time 545
Warning: TestConstraints found future collision at end of timestep 511
  CostFlow: agents=1 tasks=1 maxlen=526 global_makespan=1030
Agent 0 and 1 collide at location 216 at time 545
Warning: TestConstraints found future collision at timestep 512 (will be re-planned)
Agent 0 and 1 collide at location 216 at time 545
Warning: TestConstraints found future collision at end of timestep 512
  CostFlow: agents=1 tasks=1 maxlen=526 global_makespan=1030
Agent 0 and 1 collide at location 216 at time 545
Warning: TestConstraints found future collision at timestep 513 (will be re-planned)
Agent 0 and 1 collide at location 216 at time 545
Warning: TestConstraints found future collision at end of timestep 513
  CostFlow: agents=0 tasks=0 maxlen=0 global_makespan=1030
Agent 0 and 1 collide at location 216 at time 545
Warning: TestConstraints found future collision at timestep 514 (will be re-planned)
Agent 0 and 1 collide at location 216 at time 545
Warning: TestConstraints found future collision at end of timestep 514
  CostFlow: agents=0 tasks=0 maxlen=0 global_makespan=1030
Agent 0 and 1 collide at location 216 at time 567
Warning: TestConstraints found future collision at timestep 515 (will be re-planned)
Agent 0 and 1 collide at location 216 at time 567
Warning: TestConstraints found future collision at end of timestep 515
  CostFlow: agents=1 tasks=1 maxlen=527 global_makespan=1030
Agent 0 and 1 collide at location 216 at time 567
Warning: TestConstraints found future collision at timestep 516 (will be re-planned)
Agent 0 and 1 collide at location 216 at time 567
Warning: TestConstraints found future collision at end of timestep 516
  CostFlow: agents=2 tasks=2 maxlen=531 global_makespan=1030
Agent 0 and 2 collide at edge 301-302 at time 539
Warning: TestConstraints found future collision at timestep 517 (will be re-planned)
Agent 0 and 2 collide at edge 301-302 at time 539
Warning: TestConstraints found future collision at end of timestep 517
  CostFlow: agents=3 tasks=3 maxlen=537 global_makespan=1030
Agent 0 and 2 collide at edge 301-302 at time 539
Warning: TestConstraints found future collision at timestep 518 (will be re-planned)
Agent 0 and 2 collide at edge 301-302 at time 539
Warning: TestConstraints found future collision at end of timestep 518
  CostFlow: agents=2 tasks=2 maxlen=537 global_makespan=1030
Agent 0 and 1 collide at location 216 at time 567
Warning: TestConstraints found future collision at timestep 519 (will be re-planned)
Agent 0 and 1 collide at location 216 at time 567
Warning: TestConstraints found future collision at end of timestep 519
  CostFlow: agents=2 tasks=2 maxlen=537 global_makespan=1030
Agent 0 and 1 collide at location 216 at time 567
Warning: TestConstraints found future collision at timestep 520 (will be re-planned)
Agent 0 and 1 collide at location 216 at time 567
Warning: TestConstraints found future collision at end of timestep 520
  CostFlow: agents=2 tasks=2 maxlen=537 global_makespan=1030
Agent 0 and 1 collide at location 216 at time 567
Warning: TestConstraints found future collision at timestep 521 (will be re-planned)
Agent 0 and 1 collide at location 216 at time 567
Warning: TestConstraints found future collision at end of timestep 521
  CostFlow: agents=1 tasks=1 maxlen=527 global_makespan=1030
Agent 0 and 1 collide at location 216 at time 567
Warning: TestConstraints found future collision at timestep 522 (will be re-planned)
Agent 0 and 1 collide at location 216 at time 567
Warning: TestConstraints found future collision at end of timestep 522
  CostFlow: agents=1 tasks=1 maxlen=527 global_makespan=1030
Agent 0 and 1 collide at location 216 at time 567
Warning: TestConstraints found future collision at timestep 523 (will be re-planned)
Agent 0 and 1 collide at location 216 at time 567
Warning: TestConstraints found future collision at end of timestep 523
  CostFlow: agents=1 tasks=1 maxlen=527 global_makespan=1030
Agent 0 and 1 collide at location 216 at time 567
Warning: TestConstraints found future collision at timestep 524 (will be re-planned)
Agent 0 and 1 collide at location 216 at time 567
Warning: TestConstraints found future collision at end of timestep 524
  CostFlow: agents=0 tasks=0 maxlen=0 global_makespan=1030
Agent 0 and 1 collide at location 216 at time 567
Warning: TestConstraints found future collision at timestep 525 (will be re-planned)
Agent 0 and 1 collide at location 216 at time 567
Warning: TestConstraints found future collision at end of timestep 525
  CostFlow: agents=1 tasks=1 maxlen=533 global_makespan=1030
Agent 0 and 1 collide at location 216 at time 567
Warning: TestConstraints found future collision at timestep 526 (will be re-planned)
Agent 0 and 1 collide at location 216 at time 567
Warning: TestConstraints found future collision at end of timestep 526
  CostFlow: agents=0 tasks=0 maxlen=0 global_makespan=1030
Agent 0 and 1 collide at location 216 at time 567
Warning: TestConstraints found future collision at timestep 527 (will be re-planned)
Agent 0 and 1 collide at location 216 at time 567
Warning: TestConstraints found future collision at end of timestep 527
  CostFlow: agents=0 tasks=0 maxlen=0 global_makespan=1030
Agent 0 and 1 collide at location 216 at time 567
Warning: TestConstraints found future collision at timestep 528 (will be re-planned)
Agent 0 and 1 collide at location 216 at time 567
Warning: TestConstraints found future collision at end of timestep 528
  CostFlow: agents=0 tasks=0 maxlen=0 global_makespan=1030
Agent 0 and 1 collide at location 216 at time 567
Warning: TestConstraints found future collision at timestep 529 (will be re-planned)
Agent 0 and 1 collide at location 216 at time 567
Warning: TestConstraints found future collision at end of timestep 529
  CostFlow: agents=0 tasks=0 maxlen=0 global_makespan=1030
Agent 0 and 1 collide at location 216 at time 567
Warning: TestConstraints found future collision at timestep 530 (will be re-planned)
Agent 0 and 1 collide at location 216 at time 567
Warning: TestConstraints found future collision at end of timestep 530
  CostFlow: agents=1 tasks=1 maxlen=556 global_makespan=1030
Agent 0 and 1 collide at location 216 at time 567
Warning: TestConstraints found future collision at timestep 531 (will be re-planned)
Agent 0 and 1 collide at location 216 at time 567
Warning: TestConstraints found future collision at end of timestep 531
  CostFlow: agents=1 tasks=1 maxlen=556 global_makespan=1030
Agent 0 and 1 collide at location 216 at time 567
Warning: TestConstraints found future collision at timestep 532 (will be re-planned)
Agent 0 and 1 collide at location 216 at time 567
Warning: TestConstraints found future collision at end of timestep 532
  CostFlow: agents=0 tasks=0 maxlen=0 global_makespan=1030
Agent 0 and 1 collide at location 216 at time 567
Warning: TestConstraints found future collision at timestep 533 (will be re-planned)
Agent 0 and 1 collide at location 216 at time 567
Warning: TestConstraints found future collision at end of timestep 533
  CostFlow: agents=0 tasks=0 maxlen=0 global_makespan=1030
Agent 0 and 1 collide at location 216 at time 567
Warning: TestConstraints found future collision at timestep 534 (will be re-planned)
Agent 0 and 1 collide at location 216 at time 567
Warning: TestConstraints found future collision at end of timestep 534
  CostFlow: agents=0 tasks=0 maxlen=0 global_makespan=1030
Agent 0 and 1 collide at location 216 at time 567
Warning: TestConstraints found future collision at timestep 535 (will be re-planned)
Agent 0 and 1 collide at location 216 at time 567
Warning: TestConstraints found future collision at end of timestep 535
  CostFlow: agents=2 tasks=2 maxlen=552 global_makespan=1030
  CostFlow: agents=2 tasks=2 maxlen=552 global_makespan=1030
  CostFlow: agents=3 tasks=3 maxlen=552 global_makespan=1030
  CostFlow: agents=2 tasks=2 maxlen=552 global_makespan=1030
  CostFlow: agents=0 tasks=0 maxlen=0 global_makespan=1030
Agent 0 and 1 collide at location 216 at time 571
Warning: TestConstraints found future collision at timestep 540 (will be re-planned)
Agent 0 and 1 collide at location 216 at time 571
Warning: TestConstraints found future collision at end of timestep 540
  CostFlow: agents=0 tasks=0 maxlen=0 global_makespan=1030
Agent 0 and 1 collide at location 216 at time 571
Warning: TestConstraints found future collision at timestep 541 (will be re-planned)
Agent 0 and 1 collide at location 216 at time 571
Warning: TestConstraints found future collision at end of timestep 541
  CostFlow: agents=0 tasks=0 maxlen=0 global_makespan=1030
Agent 0 and 1 collide at location 216 at time 571
Warning: TestConstraints found future collision at timestep 542 (will be re-planned)
Agent 0 and 1 collide at location 216 at time 571
Warning: TestConstraints found future collision at end of timestep 542
  CostFlow: agents=1 tasks=1 maxlen=552 global_makespan=1030
Agent 0 and 1 collide at location 216 at time 571
Warning: TestConstraints found future collision at timestep 543 (will be re-planned)
Agent 0 and 1 collide at location 216 at time 571
Warning: TestConstraints found future collision at end of timestep 543
  CostFlow: agents=3 tasks=3 maxlen=565 global_makespan=1030
Agent 0 and 1 collide at location 216 at time 571
Warning: TestConstraints found future collision at timestep 544 (will be re-planned)
Agent 0 and 1 collide at location 216 at time 571
Warning: TestConstraints found future collision at end of timestep 544
  CostFlow: agents=3 tasks=3 maxlen=565 global_makespan=1030
Agent 0 and 1 collide at location 216 at time 571
Warning: TestConstraints found future collision at timestep 545 (will be re-planned)
Agent 0 and 1 collide at location 216 at time 571
Warning: TestConstraints found future collision at end of timestep 545
  CostFlow: agents=3 tasks=3 maxlen=565 global_makespan=1030
Agent 0 and 1 collide at location 216 at time 571
Warning: TestConstraints found future collision at timestep 546 (will be re-planned)
Agent 0 and 1 collide at location 216 at time 571
Warning: TestConstraints found future collision at end of timestep 546
  CostFlow: agents=3 tasks=3 maxlen=565 global_makespan=1030
Agent 0 and 1 collide at location 216 at time 571
Warning: TestConstraints found future collision at timestep 547 (will be re-planned)
Agent 0 and 1 collide at location 216 at time 571
Warning: TestConstraints found future collision at end of timestep 547
  CostFlow: agents=2 tasks=2 maxlen=565 global_makespan=1030
Agent 0 and 1 collide at location 216 at time 571
Warning: TestConstraints found future collision at timestep 548 (will be re-planned)
Agent 0 and 1 collide at location 216 at time 571
Warning: TestConstraints found future collision at end of timestep 548
  CostFlow: agents=2 tasks=2 maxlen=565 global_makespan=1030
Agent 0 and 1 collide at location 216 at time 571
Warning: TestConstraints found future collision at timestep 549 (will be re-planned)
Agent 0 and 1 collide at location 216 at time 571
Warning: TestConstraints found future collision at end of timestep 549
  CostFlow: agents=1 tasks=1 maxlen=552 global_makespan=1030
Agent 0 and 1 collide at location 216 at time 571
Warning: TestConstraints found future collision at timestep 550 (will be re-planned)
Agent 0 and 1 collide at location 216 at time 571
Warning: TestConstraints found future collision at end of timestep 550
  CostFlow: agents=1 tasks=1 maxlen=552 global_makespan=1030
Agent 0 and 1 collide at location 216 at time 571
Warning: TestConstraints found future collision at timestep 551 (will be re-planned)
Agent 0 and 1 collide at location 216 at time 571
Warning: TestConstraints found future collision at end of timestep 551
  CostFlow: agents=1 tasks=1 maxlen=582 global_makespan=1030
Agent 0 and 1 collide at location 216 at time 571
Warning: TestConstraints found future collision at timestep 552 (will be re-planned)
Agent 0 and 1 collide at location 216 at time 571
Warning: TestConstraints found future collision at end of timestep 552
  CostFlow: agents=1 tasks=1 maxlen=582 global_makespan=1030
Agent 0 and 1 collide at location 216 at time 571
Warning: TestConstraints found future collision at timestep 553 (will be re-planned)
Agent 0 and 1 collide at location 216 at time 571
Warning: TestConstraints found future collision at end of timestep 553
  CostFlow: agents=1 tasks=1 maxlen=582 global_makespan=1030
Agent 0 and 1 collide at location 216 at time 571
Warning: TestConstraints found future collision at timestep 554 (will be re-planned)
Agent 0 and 1 collide at location 216 at time 571
Warning: TestConstraints found future collision at end of timestep 554
  CostFlow: agents=0 tasks=0 maxlen=0 global_makespan=1030
Agent 0 and 1 collide at location 216 at time 571
Warning: TestConstraints found future collision at timestep 555 (will be re-planned)
Agent 0 and 1 collide at location 216 at time 571
Warning: TestConstraints found future collision at end of timestep 555
  CostFlow: agents=0 tasks=0 maxlen=0 global_makespan=1030
Agent 0 and 1 collide at location 216 at time 571
Warning: TestConstraints found future collision at timestep 556 (will be re-planned)
Agent 0 and 1 collide at location 216 at time 571
Warning: TestConstraints found future collision at end of timestep 556
  CostFlow: agents=0 tasks=0 maxlen=0 global_makespan=1030
Agent 0 and 1 collide at location 216 at time 571
Warning: TestConstraints found future collision at timestep 557 (will be re-planned)
Agent 0 and 1 collide at location 216 at time 571
Warning: TestConstraints found future collision at end of timestep 557
  CostFlow: agents=1 tasks=1 maxlen=567 global_makespan=1030
Agent 0 and 1 collide at location 400 at time 565
Warning: TestConstraints found future collision at timestep 558 (will be re-planned)
Agent 0 and 1 collide at location 400 at time 565
Warning: TestConstraints found future collision at end of timestep 558
  CostFlow: agents=1 tasks=1 maxlen=567 global_makespan=1030
Agent 0 and 1 collide at location 400 at time 565
Warning: TestConstraints found future collision at timestep 559 (will be re-planned)
Agent 0 and 1 collide at location 400 at time 565
Warning: TestConstraints found future collision at end of timestep 559
  CostFlow: agents=2 tasks=2 maxlen=573 global_makespan=1030
Agent 1 and 5 collide at edge 476-475 at time 572
Warning: TestConstraints found future collision at timestep 560 (will be re-planned)
Agent 1 and 5 collide at edge 476-475 at time 572
Warning: TestConstraints found future collision at end of timestep 560
  CostFlow: agents=2 tasks=2 maxlen=573 global_makespan=1030
Agent 1 and 5 collide at edge 476-475 at time 572
Warning: TestConstraints found future collision at timestep 561 (will be re-planned)
Agent 1 and 5 collide at edge 476-475 at time 572
Warning: TestConstraints found future collision at end of timestep 561
  CostFlow: agents=2 tasks=2 maxlen=573 global_makespan=1030
Agent 1 and 5 collide at edge 476-475 at time 572
Warning: TestConstraints found future collision at timestep 562 (will be re-planned)
Agent 1 and 5 collide at edge 476-475 at time 572
Warning: TestConstraints found future collision at end of timestep 562
  CostFlow: agents=1 tasks=1 maxlen=573 global_makespan=1030
Agent 1 and 5 collide at edge 476-475 at time 572
Warning: TestConstraints found future collision at timestep 563 (will be re-planned)
Agent 1 and 5 collide at edge 476-475 at time 572
Warning: TestConstraints found future collision at end of timestep 563
  CostFlow: agents=1 tasks=1 maxlen=573 global_makespan=1030
Agent 1 and 5 collide at edge 476-475 at time 572
Warning: TestConstraints found future collision at timestep 564 (will be re-planned)
Agent 1 and 5 collide at edge 476-475 at time 572
Warning: TestConstraints found future collision at end of timestep 564
  CostFlow: agents=2 tasks=2 maxlen=573 global_makespan=1030
Agent 1 and 5 collide at edge 476-475 at time 572
Warning: TestConstraints found future collision at timestep 565 (will be re-planned)
Agent 1 and 5 collide at edge 476-475 at time 572
Warning: TestConstraints found future collision at end of timestep 565
  CostFlow: agents=1 tasks=1 maxlen=573 global_makespan=1030
Agent 1 and 5 collide at edge 476-475 at time 572
Warning: TestConstraints found future collision at timestep 566 (will be re-planned)
Agent 1 and 5 collide at edge 476-475 at time 572
Warning: TestConstraints found future collision at end of timestep 566
  CostFlow: agents=0 tasks=0 maxlen=0 global_makespan=1030
Agent 0 and 1 collide at location 216 at time 612
Warning: TestConstraints found future collision at timestep 567 (will be re-planned)
Agent 0 and 1 collide at location 216 at time 612
Warning: TestConstraints found future collision at end of timestep 567
  CostFlow: agents=0 tasks=0 maxlen=0 global_makespan=1030
Agent 0 and 1 collide at location 216 at time 612
Warning: TestConstraints found future collision at timestep 568 (will be re-planned)
Agent 0 and 1 collide at location 216 at time 612
Warning: TestConstraints found future collision at end of timestep 568
  CostFlow: agents=1 tasks=1 maxlen=594 global_makespan=1030
Agent 0 and 1 collide at location 216 at time 612
Warning: TestConstraints found future collision at timestep 569 (will be re-planned)
Agent 0 and 1 collide at location 216 at time 612
Warning: TestConstraints found future collision at end of timestep 569
  CostFlow: agents=3 tasks=3 maxlen=594 global_makespan=1030
Agent 6 and 7 collide at edge 757-756 at time 583
Warning: TestConstraints found future collision at timestep 570 (will be re-planned)
Agent 6 and 7 collide at edge 757-756 at time 583
Warning: TestConstraints found future collision at end of timestep 570
  CostFlow: agents=0 tasks=0 maxlen=0 global_makespan=1030
Agent 0 and 1 collide at location 216 at time 612
Warning: TestConstraints found future collision at timestep 571 (will be re-planned)
Agent 0 and 1 collide at location 216 at time 612
Warning: TestConstraints found future collision at end of timestep 571
  CostFlow: agents=0 tasks=0 maxlen=0 global_makespan=1030
Agent 0 and 1 collide at location 216 at time 612
Warning: TestConstraints found future collision at timestep 572 (will be re-planned)
Agent 0 and 1 collide at location 216 at time 612
Warning: TestConstraints found future collision at end of timestep 572
  CostFlow: agents=0 tasks=0 maxlen=0 global_makespan=1030
Agent 0 and 1 collide at location 216 at time 612
Warning: TestConstraints found future collision at timestep 573 (will be re-planned)
Agent 0 and 1 collide at location 216 at time 612
Warning: TestConstraints found future collision at end of timestep 573
  CostFlow: agents=0 tasks=0 maxlen=0 global_makespan=1030
Agent 0 and 1 collide at location 216 at time 612
Warning: TestConstraints found future collision at timestep 574 (will be re-planned)
Agent 0 and 1 collide at location 216 at time 612
Warning: TestConstraints found future collision at end of timestep 574
  CostFlow: agents=0 tasks=0 maxlen=0 global_makespan=1030
Agent 0 and 1 collide at location 216 at time 612
Warning: TestConstraints found future collision at timestep 575 (will be re-planned)
Agent 0 and 1 collide at location 216 at time 612
Warning: TestConstraints found future collision at end of timestep 575
  CostFlow: agents=0 tasks=0 maxlen=0 global_makespan=1030
Agent 0 and 1 collide at location 216 at time 612
Warning: TestConstraints found future collision at timestep 576 (will be re-planned)
Agent 0 and 1 collide at location 216 at time 612
Warning: TestConstraints found future collision at end of timestep 576
  CostFlow: agents=0 tasks=0 maxlen=0 global_makespan=1030
Agent 0 and 1 collide at location 216 at time 612
Warning: TestConstraints found future collision at timestep 577 (will be re-planned)
Agent 0 and 1 collide at location 216 at time 612
Warning: TestConstraints found future collision at end of timestep 577
  CostFlow: agents=0 tasks=0 maxlen=0 global_makespan=1030
Agent 0 and 1 collide at location 216 at time 612
Warning: TestConstraints found future collision at timestep 578 (will be re-planned)
Agent 0 and 1 collide at location 216 at time 612
Warning: TestConstraints found future collision at end of timestep 578
  CostFlow: agents=0 tasks=0 maxlen=0 global_makespan=1030
Agent 0 and 1 collide at location 216 at time 612
Warning: TestConstraints found future collision at timestep 579 (will be re-planned)
Agent 0 and 1 collide at location 216 at time 612
Warning: TestConstraints found future collision at end of timestep 579
  CostFlow: agents=1 tasks=1 maxlen=610 global_makespan=1030
Agent 0 and 1 collide at location 216 at time 612
Warning: TestConstraints found future collision at timestep 580 (will be re-planned)
Agent 0 and 1 collide at location 216 at time 612
Warning: TestConstraints found future collision at end of timestep 580
  CostFlow: agents=1 tasks=1 maxlen=610 global_makespan=1030
Agent 0 and 1 collide at location 216 at time 612
Warning: TestConstraints found future collision at timestep 581 (will be re-planned)
Agent 0 and 1 collide at location 216 at time 612
Warning: TestConstraints found future collision at end of timestep 581
  CostFlow: agents=2 tasks=2 maxlen=610 global_makespan=1030
Agent 0 and 1 collide at location 216 at time 612
Warning: TestConstraints found future collision at timestep 582 (will be re-planned)
Agent 0 and 1 collide at location 216 at time 612
Warning: TestConstraints found future collision at end of timestep 582
  CostFlow: agents=3 tasks=3 maxlen=598 global_makespan=1030
Agent 3 and 4 collide at location 366 at time 616
Warning: TestConstraints found future collision at timestep 583 (will be re-planned)
Agent 3 and 4 collide at location 366 at time 616
Warning: TestConstraints found future collision at end of timestep 583
  CostFlow: agents=2 tasks=2 maxlen=598 global_makespan=1030
Agent 1 and 5 collide at edge 618-617 at time 602
Warning: TestConstraints found future collision at timestep 584 (will be re-planned)
Agent 1 and 5 collide at edge 618-617 at time 602
Warning: TestConstraints found future collision at end of timestep 584
  CostFlow: agents=2 tasks=2 maxlen=598 global_makespan=1030
Agent 1 and 5 collide at edge 618-617 at time 602
Warning: TestConstraints found future collision at timestep 585 (will be re-planned)
Agent 1 and 5 collide at edge 618-617 at time 602
Warning: TestConstraints found future collision at end of timestep 585
  CostFlow: agents=2 tasks=2 maxlen=598 global_makespan=1030
Agent 1 and 5 collide at edge 618-617 at time 602
Warning: TestConstraints found future collision at timestep 586 (will be re-planned)
Agent 1 and 5 collide at edge 618-617 at time 602
Warning: TestConstraints found future collision at end of timestep 586
  CostFlow: agents=3 tasks=3 maxlen=598 global_makespan=1030
Agent 1 and 5 collide at edge 618-617 at time 602
Warning: TestConstraints found future collision at timestep 587 (will be re-planned)
Agent 1 and 5 collide at edge 618-617 at time 602
Warning: TestConstraints found future collision at end of timestep 587
  CostFlow: agents=2 tasks=2 maxlen=598 global_makespan=1030
Agent 1 and 5 collide at edge 618-617 at time 602
Warning: TestConstraints found future collision at timestep 588 (will be re-planned)
Agent 1 and 5 collide at edge 618-617 at time 602
Warning: TestConstraints found future collision at end of timestep 588
  CostFlow: agents=3 tasks=3 maxlen=598 global_makespan=1030
Agent 1 and 5 collide at edge 618-617 at time 602
Warning: TestConstraints found future collision at timestep 589 (will be re-planned)
Agent 1 and 5 collide at edge 618-617 at time 602
Warning: TestConstraints found future collision at end of timestep 589
  CostFlow: agents=2 tasks=2 maxlen=598 global_makespan=1030
Agent 1 and 5 collide at edge 618-617 at time 602
Warning: TestConstraints found future collision at timestep 590 (will be re-planned)
Agent 1 and 5 collide at edge 618-617 at time 602
Warning: TestConstraints found future collision at end of timestep 590
  CostFlow: agents=1 tasks=1 maxlen=596 global_makespan=1030
Agent 1 and 5 collide at edge 618-617 at time 602
Warning: TestConstraints found future collision at timestep 591 (will be re-planned)
Agent 1 and 5 collide at edge 618-617 at time 602
Warning: TestConstraints found future collision at end of timestep 591
  CostFlow: agents=1 tasks=1 maxlen=596 global_makespan=1030
Agent 1 and 5 collide at edge 618-617 at time 602
Warning: TestConstraints found future collision at timestep 592 (will be re-planned)
Agent 1 and 5 collide at edge 618-617 at time 602
Warning: TestConstraints found future collision at end of timestep 592
  CostFlow: agents=1 tasks=1 maxlen=596 global_makespan=1030
Agent 3 and 4 collide at location 366 at time 636
Warning: TestConstraints found future collision at timestep 593 (will be re-planned)
Agent 3 and 4 collide at location 366 at time 636
Warning: TestConstraints found future collision at end of timestep 593
  CostFlow: agents=1 tasks=1 maxlen=596 global_makespan=1030
Agent 3 and 4 collide at location 366 at time 636
Warning: TestConstraints found future collision at timestep 594 (will be re-planned)
Agent 3 and 4 collide at location 366 at time 636
Warning: TestConstraints found future collision at end of timestep 594
  CostFlow: agents=1 tasks=1 maxlen=596 global_makespan=1030
Agent 3 and 4 collide at location 366 at time 636
Warning: TestConstraints found future collision at timestep 595 (will be re-planned)
Agent 3 and 4 collide at location 366 at time 636
Warning: TestConstraints found future collision at end of timestep 595
  CostFlow: agents=0 tasks=0 maxlen=0 global_makespan=1030
Agent 3 and 4 collide at location 366 at time 636
Warning: TestConstraints found future collision at timestep 596 (will be re-planned)
Agent 3 and 4 collide at location 366 at time 636
Warning: TestConstraints found future collision at end of timestep 596
  CostFlow: agents=1 tasks=1 maxlen=605 global_makespan=1030
Agent 3 and 4 collide at location 366 at time 636
Warning: TestConstraints found future collision at timestep 597 (will be re-planned)
Agent 3 and 4 collide at location 366 at time 636
Warning: TestConstraints found future collision at end of timestep 597
  CostFlow: agents=2 tasks=2 maxlen=605 global_makespan=1030
Agent 4 and 5 collide at location 366 at time 616
Warning: TestConstraints found future collision at timestep 598 (will be re-planned)
Agent 4 and 5 collide at location 366 at time 616
Warning: TestConstraints found future collision at end of timestep 598
  CostFlow: agents=1 tasks=1 maxlen=603 global_makespan=1030
Agent 1 and 4 collide at location 619 at time 612
Warning: TestConstraints found future collision at timestep 599 (will be re-planned)
Agent 1 and 4 collide at location 619 at time 612
Warning: TestConstraints found future collision at end of timestep 599
  CostFlow: agents=1 tasks=1 maxlen=603 global_makespan=1030
Agent 1 and 4 collide at location 619 at time 612
Warning: TestConstraints found future collision at timestep 600 (will be re-planned)
Agent 1 and 4 collide at location 619 at time 612
Warning: TestConstraints found future collision at end of timestep 600
  CostFlow: agents=1 tasks=1 maxlen=603 global_makespan=1030
Agent 1 and 4 collide at location 619 at time 612
Warning: TestConstraints found future collision at timestep 601 (will be re-planned)
Agent 1 and 4 collide at location 619 at time 612
Warning: TestConstraints found future collision at end of timestep 601
  CostFlow: agents=1 tasks=1 maxlen=603 global_makespan=1030
Agent 1 and 4 collide at location 619 at time 612
Warning: TestConstraints found future collision at timestep 602 (will be re-planned)
Agent 1 and 4 collide at location 619 at time 612
Warning: TestConstraints found future collision at end of timestep 602
  CostFlow: agents=0 tasks=0 maxlen=0 global_makespan=1030
Agent 1 and 4 collide at location 619 at time 612
Warning: TestConstraints found future collision at timestep 603 (will be re-planned)
Agent 1 and 4 collide at location 619 at time 612
Warning: TestConstraints found future collision at end of timestep 603
  CostFlow: agents=0 tasks=0 maxlen=0 global_makespan=1030
Agent 1 and 4 collide at location 619 at time 612
Warning: TestConstraints found future collision at timestep 604 (will be re-planned)
Agent 1 and 4 collide at location 619 at time 612
Warning: TestConstraints found future collision at end of timestep 604
  CostFlow: agents=1 tasks=1 maxlen=606 global_makespan=1030
Agent 1 and 4 collide at location 619 at time 612
Warning: TestConstraints found future collision at timestep 605 (will be re-planned)
Agent 1 and 4 collide at location 619 at time 612
Warning: TestConstraints found future collision at end of timestep 605
  CostFlow: agents=0 tasks=0 maxlen=0 global_makespan=1030
  CostFlow: agents=1 tasks=1 maxlen=618 global_makespan=1030
  CostFlow: agents=0 tasks=0 maxlen=0 global_makespan=1030
Agent 2 and 6 collide at location 521 at time 631
Warning: TestConstraints found future collision at timestep 608 (will be re-planned)
Agent 2 and 6 collide at location 521 at time 631
Warning: TestConstraints found future collision at end of timestep 608
  CostFlow: agents=0 tasks=0 maxlen=0 global_makespan=1030
Agent 2 and 6 collide at location 521 at time 631
Warning: TestConstraints found future collision at timestep 609 (will be re-planned)
Agent 2 and 6 collide at location 521 at time 631
Warning: TestConstraints found future collision at end of timestep 609
  CostFlow: agents=1 tasks=1 maxlen=617 global_makespan=1030
Agent 2 and 6 collide at location 521 at time 631
Warning: TestConstraints found future collision at timestep 610 (will be re-planned)
Agent 2 and 6 collide at location 521 at time 631
Warning: TestConstraints found future collision at end of timestep 610
  CostFlow: agents=2 tasks=2 maxlen=641 global_makespan=1030
  CostFlow: agents=2 tasks=2 maxlen=641 global_makespan=1030
  CostFlow: agents=2 tasks=2 maxlen=641 global_makespan=1030
  CostFlow: agents=1 tasks=1 maxlen=636 global_makespan=1030
  CostFlow: agents=0 tasks=0 maxlen=0 global_makespan=1030
Agent 4 and 7 collide at location 551 at time 650
Warning: TestConstraints found future collision at timestep 615 (will be re-planned)
Agent 4 and 7 collide at location 551 at time 650
Warning: TestConstraints found future collision at end of timestep 615
  CostFlow: agents=0 tasks=0 maxlen=0 global_makespan=1030
Agent 0 and 7 collide at location 399 at time 641
Warning: TestConstraints found future collision at timestep 616 (will be re-planned)
Agent 0 and 7 collide at location 399 at time 641
Warning: TestConstraints found future collision at end of timestep 616
  CostFlow: agents=0 tasks=0 maxlen=0 global_makespan=1030
Agent 0 and 7 collide at location 399 at time 641
Warning: TestConstraints found future collision at timestep 617 (will be re-planned)
Agent 0 and 7 collide at location 399 at time 641
Warning: TestConstraints found future collision at end of timestep 617
  CostFlow: agents=0 tasks=0 maxlen=0 global_makespan=1030
Agent 0 and 7 collide at location 399 at time 641
Warning: TestConstraints found future collision at timestep 618 (will be re-planned)
Agent 0 and 7 collide at location 399 at time 641
Warning: TestConstraints found future collision at end of timestep 618
  CostFlow: agents=0 tasks=0 maxlen=0 global_makespan=1030
Agent 0 and 7 collide at location 399 at time 641
Warning: TestConstraints found future collision at timestep 619 (will be re-planned)
Agent 0 and 7 collide at location 399 at time 641
Warning: TestConstraints found future collision at end of timestep 619
  CostFlow: agents=0 tasks=0 maxlen=0 global_makespan=1030
Agent 0 and 7 collide at location 399 at time 641
Warning: TestConstraints found future collision at timestep 620 (will be re-planned)
Agent 0 and 7 collide at location 399 at time 641
Warning: TestConstraints found future collision at end of timestep 620
  CostFlow: agents=1 tasks=1 maxlen=637 global_makespan=1030
Agent 0 and 7 collide at location 399 at time 641
Warning: TestConstraints found future collision at timestep 621 (will be re-planned)
Agent 0 and 7 collide at location 399 at time 641
Warning: TestConstraints found future collision at end of timestep 621
  CostFlow: agents=0 tasks=0 maxlen=0 global_makespan=1030
Agent 0 and 7 collide at location 399 at time 641
Warning: TestConstraints found future collision at timestep 622 (will be re-planned)
Agent 0 and 7 collide at location 399 at time 641
Warning: TestConstraints found future collision at end of timestep 622
  CostFlow: agents=1 tasks=1 maxlen=626 global_makespan=1030
Agent 0 and 7 collide at location 399 at time 641
Warning: TestConstraints found future collision at timestep 623 (will be re-planned)
Agent 0 and 7 collide at location 399 at time 641
Warning: TestConstraints found future collision at end of timestep 623
  CostFlow: agents=2 tasks=2 maxlen=635 global_makespan=1030
Agent 4 and 9 collide at location 610 at time 633
Warning: TestConstraints found future collision at timestep 624 (will be re-planned)
Agent 4 and 9 collide at location 610 at time 633
Warning: TestConstraints found future collision at end of timestep 624
  CostFlow: agents=2 tasks=2 maxlen=645 global_makespan=1030
Agent 4 and 9 collide at location 610 at time 633
Warning: TestConstraints found future collision at timestep 625 (will be re-planned)
Agent 4 and 9 collide at location 610 at time 633
Warning: TestConstraints found future collision at end of timestep 625
  CostFlow: agents=1 tasks=1 maxlen=645 global_makespan=1030
Agent 2 and 3 collide at location 529 at time 657
Warning: TestConstraints found future collision at timestep 626 (will be re-planned)
Agent 2 and 3 collide at location 529 at time 657
Warning: TestConstraints found future collision at end of timestep 626
  CostFlow: agents=1 tasks=1 maxlen=645 global_makespan=1030
Agent 2 and 3 collide at location 529 at time 657
Warning: TestConstraints found future collision at timestep 627 (will be re-planned)
Agent 2 and 3 collide at location 529 at time 657
Warning: TestConstraints found future collision at end of timestep 627
  CostFlow: agents=2 tasks=2 maxlen=650 global_makespan=1030
Agent 2 and 3 collide at location 529 at time 657
Warning: TestConstraints found future collision at timestep 628 (will be re-planned)
Agent 2 and 3 collide at location 529 at time 657
Warning: TestConstraints found future collision at end of timestep 628
  CostFlow: agents=1 tasks=1 maxlen=645 global_makespan=1030
Agent 2 and 3 collide at location 529 at time 657
Warning: TestConstraints found future collision at timestep 629 (will be re-planned)
Agent 2 and 3 collide at location 529 at time 657
Warning: TestConstraints found future collision at end of timestep 629
  CostFlow: agents=1 tasks=1 maxlen=645 global_makespan=1030
Agent 2 and 3 collide at location 529 at time 657
Warning: TestConstraints found future collision at timestep 630 (will be re-planned)
Agent 2 and 3 collide at location 529 at time 657
Warning: TestConstraints found future collision at end of timestep 630
  CostFlow: agents=2 tasks=2 maxlen=645 global_makespan=1030
Agent 2 and 3 collide at location 529 at time 657
Warning: TestConstraints found future collision at timestep 631 (will be re-planned)
Agent 2 and 3 collide at location 529 at time 657
Warning: TestConstraints found future collision at end of timestep 631
  CostFlow: agents=1 tasks=1 maxlen=645 global_makespan=1030
Agent 2 and 3 collide at location 529 at time 657
Warning: TestConstraints found future collision at timestep 632 (will be re-planned)
Agent 2 and 3 collide at location 529 at time 657
Warning: TestConstraints found future collision at end of timestep 632
  CostFlow: agents=1 tasks=1 maxlen=645 global_makespan=1030
Agent 2 and 3 collide at location 529 at time 657
Warning: TestConstraints found future collision at timestep 633 (will be re-planned)
Agent 2 and 3 collide at location 529 at time 657
Warning: TestConstraints found future collision at end of timestep 633
  CostFlow: agents=0 tasks=0 maxlen=0 global_makespan=1030
Agent 1 and 2 collide at edge 534-535 at time 652
Warning: TestConstraints found future collision at timestep 634 (will be re-planned)
Agent 1 and 2 collide at edge 534-535 at time 652
Warning: TestConstraints found future collision at end of timestep 634
  CostFlow: agents=0 tasks=0 maxlen=0 global_makespan=1030
Agent 1 and 2 collide at edge 534-535 at time 652
Warning: TestConstraints found future collision at timestep 635 (will be re-planned)
Agent 1 and 2 collide at edge 534-535 at time 652
Warning: TestConstraints found future collision at end of timestep 635
  CostFlow: agents=0 tasks=0 maxlen=0 global_makespan=1030
Agent 1 and 2 collide at edge 534-535 at time 652
Warning: TestConstraints found future collision at timestep 636 (will be re-planned)
Agent 1 and 2 collide at edge 534-535 at time 652
Warning: TestConstraints found future collision at end of timestep 636
  CostFlow: agents=0 tasks=0 maxlen=0 global_makespan=1030
Agent 1 and 2 collide at edge 534-535 at time 652
Warning: TestConstraints found future collision at timestep 637 (will be re-planned)
Agent 1 and 2 collide at edge 534-535 at time 652
Warning: TestConstraints found future collision at end of timestep 637
  CostFlow: agents=0 tasks=0 maxlen=0 global_makespan=1030
Agent 1 and 2 collide at edge 534-535 at time 652
Warning: TestConstraints found future collision at timestep 638 (will be re-planned)
Agent 1 and 2 collide at edge 534-535 at time 652
Warning: TestConstraints found future collision at end of timestep 638
  CostFlow: agents=2 tasks=2 maxlen=646 global_makespan=1030
Agent 1 and 2 collide at edge 534-535 at time 652
Warning: TestConstraints found future collision at timestep 639 (will be re-planned)
Agent 1 and 2 collide at edge 534-535 at time 652
Warning: TestConstraints found future collision at end of timestep 639
  CostFlow: agents=0 tasks=0 maxlen=0 global_makespan=1030
Agent 1 and 2 collide at edge 534-535 at time 652
Warning: TestConstraints found future collision at timestep 640 (will be re-planned)
Agent 1 and 2 collide at edge 534-535 at time 652
Warning: TestConstraints found future collision at end of timestep 640
  CostFlow: agents=0 tasks=0 maxlen=0 global_makespan=1030
Agent 1 and 2 collide at edge 534-535 at time 652
Warning: TestConstraints found future collision at timestep 641 (will be re-planned)
Agent 1 and 2 collide at edge 534-535 at time 652
Warning: TestConstraints found future collision at end of timestep 641
  CostFlow: agents=0 tasks=0 maxlen=0 global_makespan=1030
Agent 1 and 2 collide at edge 534-535 at time 652
Warning: TestConstraints found future collision at timestep 642 (will be re-planned)
Agent 1 and 2 collide at edge 534-535 at time 652
Warning: TestConstraints found future collision at end of timestep 642
  CostFlow: agents=0 tasks=0 maxlen=0 global_makespan=1030
Agent 1 and 2 collide at edge 534-535 at time 652
Warning: TestConstraints found future collision at timestep 643 (will be re-planned)
Agent 1 and 2 collide at edge 534-535 at time 652
Warning: TestConstraints found future collision at end of timestep 643
  CostFlow: agents=0 tasks=0 maxlen=0 global_makespan=1030
Agent 1 and 2 collide at edge 534-535 at time 652
Warning: TestConstraints found future collision at timestep 644 (will be re-planned)
Agent 1 and 2 collide at edge 534-535 at time 652
Warning: TestConstraints found future collision at end of timestep 644
  CostFlow: agents=1 tasks=1 maxlen=658 global_makespan=1030
Agent 1 and 9 collide at location 536 at time 653
Warning: TestConstraints found future collision at timestep 645 (will be re-planned)
Agent 1 and 9 collide at location 536 at time 653
Warning: TestConstraints found future collision at end of timestep 645
  CostFlow: agents=1 tasks=1 maxlen=658 global_makespan=1030
Agent 3 and 7 collide at location 551 at time 679
Warning: TestConstraints found future collision at timestep 646 (will be re-planned)
Agent 3 and 7 collide at location 551 at time 679
Warning: TestConstraints found future collision at end of timestep 646
  CostFlow: agents=1 tasks=1 maxlen=658 global_makespan=1030
Agent 3 and 7 collide at location 551 at time 679
Warning: TestConstraints found future collision at timestep 647 (will be re-planned)
Agent 3 and 7 collide at location 551 at time 679
Warning: TestConstraints found future collision at end of timestep 647
  CostFlow: agents=0 tasks=0 maxlen=0 global_makespan=1030
Agent 2 and 5 collide at location 608 at time 666
Warning: TestConstraints found future collision at timestep 648 (will be re-planned)
Agent 2 and 5 collide at location 608 at time 666
Warning: TestConstraints found future collision at end of timestep 648
  CostFlow: agents=0 tasks=0 maxlen=0 global_makespan=1030
Agent 2 and 5 collide at location 608 at time 666
Warning: TestConstraints found future collision at timestep 649 (will be re-planned)
Agent 2 and 5 collide at location 608 at time 666
Warning: TestConstraints found future collision at end of timestep 649
  CostFlow: agents=2 tasks=2 maxlen=678 global_makespan=1030
Agent 2 and 5 collide at location 608 at time 666
Warning: TestConstraints found future collision at timestep 650 (will be re-planned)
Agent 2 and 5 collide at location 608 at time 666
Warning: TestConstraints found future collision at end of timestep 650
  CostFlow: agents=1 tasks=1 maxlen=652 global_makespan=1030
Agent 2 and 5 collide at location 608 at time 666
Warning: TestConstraints found future collision at timestep 651 (will be re-planned)
Agent 2 and 5 collide at location 608 at time 666
Warning: TestConstraints found future collision at end of timestep 651
  CostFlow: agents=1 tasks=1 maxlen=652 global_makespan=1030
Agent 2 and 5 collide at location 608 at time 666
Warning: TestConstraints found future collision at timestep 652 (will be re-planned)
Agent 2 and 5 collide at location 608 at time 666
Warning: TestConstraints found future collision at end of timestep 652
  CostFlow: agents=1 tasks=1 maxlen=663 global_makespan=1034
Agent 2 and 5 collide at location 608 at time 666
Warning: TestConstraints found future collision at timestep 653 (will be re-planned)
Agent 2 and 5 collide at location 608 at time 666
Warning: TestConstraints found future collision at end of timestep 653
  CostFlow: agents=0 tasks=0 maxlen=0 global_makespan=1034
Agent 2 and 5 collide at location 608 at time 666
Warning: TestConstraints found future collision at timestep 654 (will be re-planned)
Agent 2 and 5 collide at location 608 at time 666
Warning: TestConstraints found future collision at end of timestep 654
  CostFlow: agents=1 tasks=1 maxlen=666 global_makespan=1034
Agent 2 and 5 collide at location 608 at time 666
Warning: TestConstraints found future collision at timestep 655 (will be re-planned)
Agent 2 and 5 collide at location 608 at time 666
Warning: TestConstraints found future collision at end of timestep 655
  CostFlow: agents=0 tasks=0 maxlen=0 global_makespan=1034
Agent 0 and 1 collide at location 216 at time 728
Warning: TestConstraints found future collision at timestep 656 (will be re-planned)
Agent 0 and 1 collide at location 216 at time 728
Warning: TestConstraints found future collision at end of timestep 656
  CostFlow: agents=0 tasks=0 maxlen=0 global_makespan=1034
Agent 0 and 1 collide at location 216 at time 728
Warning: TestConstraints found future collision at timestep 657 (will be re-planned)
Agent 0 and 1 collide at location 216 at time 728
Warning: TestConstraints found future collision at end of timestep 657
  CostFlow: agents=0 tasks=0 maxlen=0 global_makespan=1034
Agent 0 and 1 collide at location 216 at time 728
Warning: TestConstraints found future collision at timestep 658 (will be re-planned)
Agent 0 and 1 collide at location 216 at time 728
Warning: TestConstraints found future collision at end of timestep 658
  CostFlow: agents=1 tasks=1 maxlen=681 global_makespan=1034
Agent 0 and 1 collide at location 216 at time 728
Warning: TestConstraints found future collision at timestep 659 (will be re-planned)
Agent 0 and 1 collide at location 216 at time 728
Warning: TestConstraints found future collision at end of timestep 659
  CostFlow: agents=1 tasks=1 maxlen=681 global_makespan=1034
Agent 0 and 1 collide at location 216 at time 728
Warning: TestConstraints found future collision at timestep 660 (will be re-planned)
Agent 0 and 1 collide at location 216 at time 728
Warning: TestConstraints found future collision at end of timestep 660
  CostFlow: agents=1 tasks=1 maxlen=681 global_makespan=1034
Agent 0 and 1 collide at location 216 at time 728
Warning: TestConstraints found future collision at timestep 661 (will be re-planned)
Agent 0 and 1 collide at location 216 at time 728
Warning: TestConstraints found future collision at end of timestep 661
  CostFlow: agents=0 tasks=0 maxlen=0 global_makespan=1034
Agent 0 and 1 collide at location 216 at time 728
Warning: TestConstraints found future collision at timestep 662 (will be re-planned)
Agent 0 and 1 collide at location 216 at time 728
Warning: TestConstraints found future collision at end of timestep 662
  CostFlow: agents=1 tasks=1 maxlen=681 global_makespan=1034
Agent 0 and 6 collide at location 521 at time 689
Warning: TestConstraints found future collision at timestep 663 (will be re-planned)
Agent 0 and 6 collide at location 521 at time 689
Warning: TestConstraints found future collision at end of timestep 663
  CostFlow: agents=1 tasks=1 maxlen=681 global_makespan=1034
Agent 0 and 6 collide at location 521 at time 689
Warning: TestConstraints found future collision at timestep 664 (will be re-planned)
Agent 0 and 6 collide at location 521 at time 689
Warning: TestConstraints found future collision at end of timestep 664
  CostFlow: agents=1 tasks=1 maxlen=681 global_makespan=1034
Agent 7 and 9 collide at location 388 at time 674
Warning: TestConstraints found future collision at timestep 665 (will be re-planned)
Agent 7 and 9 collide at location 388 at time 674
Warning: TestConstraints found future collision at end of timestep 665
  CostFlow: agents=0 tasks=0 maxlen=0 global_makespan=1034
Agent 0 and 1 collide at location 216 at time 728
Warning: TestConstraints found future collision at timestep 666 (will be re-planned)
Agent 0 and 1 collide at location 216 at time 728
Warning: TestConstraints found future collision at end of timestep 666
  CostFlow: agents=0 tasks=0 maxlen=0 global_makespan=1034
Agent 0 and 1 collide at location 216 at time 728
Warning: TestConstraints found future collision at timestep 667 (will be re-planned)
Agent 0 and 1 collide at location 216 at time 728
Warning: TestConstraints found future collision at end of timestep 667
  CostFlow: agents=2 tasks=2 maxlen=678 global_makespan=1034
Agent 0 and 1 collide at location 216 at time 728
Warning: TestConstraints found future collision at timestep 668 (will be re-planned)
Agent 0 and 1 collide at location 216 at time 728
Warning: TestConstraints found future collision at end of timestep 668
  CostFlow: agents=2 tasks=2 maxlen=705 global_makespan=1034
Agent 0 and 1 collide at location 216 at time 728
Warning: TestConstraints found future collision at timestep 669 (will be re-planned)
Agent 0 and 1 collide at location 216 at time 728
Warning: TestConstraints found future collision at end of timestep 669
  CostFlow: agents=2 tasks=2 maxlen=705 global_makespan=1034
Agent 0 and 1 collide at location 216 at time 728
Warning: TestConstraints found future collision at timestep 670 (will be re-planned)
Agent 0 and 1 collide at location 216 at time 728
Warning: TestConstraints found future collision at end of timestep 670
  CostFlow: agents=2 tasks=2 maxlen=705 global_makespan=1034
Agent 0 and 1 collide at location 216 at time 728
Warning: TestConstraints found future collision at timestep 671 (will be re-planned)
Agent 0 and 1 collide at location 216 at time 728
Warning: TestConstraints found future collision at end of timestep 671
  CostFlow: agents=2 tasks=2 maxlen=705 global_makespan=1034
Agent 0 and 1 collide at location 216 at time 728
Warning: TestConstraints found future collision at timestep 672 (will be re-planned)
Agent 0 and 1 collide at location 216 at time 728
Warning: TestConstraints found future collision at end of timestep 672
  CostFlow: agents=2 tasks=2 maxlen=705 global_makespan=1034
Agent 0 and 1 collide at location 216 at time 728
Warning: TestConstraints found future collision at timestep 673 (will be re-planned)
Agent 0 and 1 collide at location 216 at time 728
Warning: TestConstraints found future collision at end of timestep 673
  CostFlow: agents=1 tasks=1 maxlen=675 global_makespan=1034
Agent 0 and 1 collide at location 216 at time 728
Warning: TestConstraints found future collision at timestep 674 (will be re-planned)
Agent 0 and 1 collide at location 216 at time 728
Warning: TestConstraints found future collision at end of timestep 674
  CostFlow: agents=0 tasks=0 maxlen=0 global_makespan=1034
Agent 0 and 1 collide at location 216 at time 728
Warning: TestConstraints found future collision at timestep 675 (will be re-planned)
Agent 0 and 1 collide at location 216 at time 728
Warning: TestConstraints found future collision at end of timestep 675
  CostFlow: agents=0 tasks=0 maxlen=0 global_makespan=1034
Agent 0 and 1 collide at location 216 at time 728
Warning: TestConstraints found future collision at timestep 676 (will be re-planned)
Agent 0 and 1 collide at location 216 at time 728
Warning: TestConstraints found future collision at end of timestep 676
  CostFlow: agents=0 tasks=0 maxlen=0 global_makespan=1034
Agent 0 and 1 collide at location 216 at time 728
Warning: TestConstraints found future collision at timestep 677 (will be re-planned)
Agent 0 and 1 collide at location 216 at time 728
Warning: TestConstraints found future collision at end of timestep 677
  CostFlow: agents=0 tasks=0 maxlen=0 global_makespan=1034
Agent 0 and 1 collide at location 216 at time 728
Warning: TestConstraints found future collision at timestep 678 (will be re-planned)
Agent 0 and 1 collide at location 216 at time 728
Warning: TestConstraints found future collision at end of timestep 678
  CostFlow: agents=0 tasks=0 maxlen=0 global_makespan=1034
Agent 0 and 1 collide at location 216 at time 728
Warning: TestConstraints found future collision at timestep 679 (will be re-planned)
Agent 0 and 1 collide at location 216 at time 728
Warning: TestConstraints found future collision at end of timestep 679
  CostFlow: agents=0 tasks=0 maxlen=0 global_makespan=1034
Agent 0 and 1 collide at location 216 at time 728
Warning: TestConstraints found future collision at timestep 680 (will be re-planned)
Agent 0 and 1 collide at location 216 at time 728
Warning: TestConstraints found future collision at end of timestep 680
  CostFlow: agents=2 tasks=2 maxlen=704 global_makespan=1034
Agent 0 and 1 collide at location 216 at time 728
Warning: TestConstraints found future collision at timestep 681 (will be re-planned)
Agent 0 and 1 collide at location 216 at time 728
Warning: TestConstraints found future collision at end of timestep 681
  CostFlow: agents=1 tasks=1 maxlen=704 global_makespan=1034
Agent 0 and 1 collide at location 216 at time 728
Warning: TestConstraints found future collision at timestep 682 (will be re-planned)
Agent 0 and 1 collide at location 216 at time 728
Warning: TestConstraints found future collision at end of timestep 682
  CostFlow: agents=1 tasks=1 maxlen=704 global_makespan=1034
Agent 0 and 1 collide at location 216 at time 728
Warning: TestConstraints found future collision at timestep 683 (will be re-planned)
Agent 0 and 1 collide at location 216 at time 728
Warning: TestConstraints found future collision at end of timestep 683
  CostFlow: agents=1 tasks=1 maxlen=704 global_makespan=1034
Agent 0 and 1 collide at location 216 at time 728
Warning: TestConstraints found future collision at timestep 684 (will be re-planned)
Agent 0 and 1 collide at location 216 at time 728
Warning: TestConstraints found future collision at end of timestep 684
  CostFlow: agents=1 tasks=1 maxlen=704 global_makespan=1034
Agent 0 and 1 collide at location 216 at time 728
Warning: TestConstraints found future collision at timestep 685 (will be re-planned)
Agent 0 and 1 collide at location 216 at time 728
Warning: TestConstraints found future collision at end of timestep 685
  CostFlow: agents=1 tasks=1 maxlen=704 global_makespan=1034
Agent 0 and 1 collide at location 216 at time 728
Warning: TestConstraints found future collision at timestep 686 (will be re-planned)
Agent 0 and 1 collide at location 216 at time 728
Warning: TestConstraints found future collision at end of timestep 686
  CostFlow: agents=2 tasks=2 maxlen=704 global_makespan=1034
Agent 0 and 1 collide at location 216 at time 728
Warning: TestConstraints found future collision at timestep 687 (will be re-planned)
Agent 0 and 1 collide at location 216 at time 728
Warning: TestConstraints found future collision at end of timestep 687
  CostFlow: agents=2 tasks=2 maxlen=711 global_makespan=1040
Agent 0 and 9 collide at location 547 at time 717
Warning: TestConstraints found future collision at timestep 688 (will be re-planned)
Agent 0 and 9 collide at location 547 at time 717
Warning: TestConstraints found future collision at end of timestep 688
  CostFlow: agents=1 tasks=1 maxlen=711 global_makespan=1040
Agent 0 and 9 collide at location 547 at time 717
Warning: TestConstraints found future collision at timestep 689 (will be re-planned)
Agent 0 and 9 collide at location 547 at time 717
Warning: TestConstraints found future collision at end of timestep 689
  CostFlow: agents=0 tasks=0 maxlen=0 global_makespan=1040
Agent 2 and 6 collide at edge 299-262 at time 730
Warning: TestConstraints found future collision at timestep 690 (will be re-planned)
Agent 2 and 6 collide at edge 299-262 at time 730
Warning: TestConstraints found future collision at end of timestep 690
  CostFlow: agents=1 tasks=1 maxlen=710 global_makespan=1040
Agent 2 and 6 collide at edge 299-262 at time 730
Warning: TestConstraints found future collision at timestep 691 (will be re-planned)
Agent 2 and 6 collide at edge 299-262 at time 730
Warning: TestConstraints found future collision at end of timestep 691
  CostFlow: agents=1 tasks=1 maxlen=710 global_makespan=1040
Agent 2 and 6 collide at edge 299-262 at time 730
Warning: TestConstraints found future collision at timestep 692 (will be re-planned)
Agent 2 and 6 collide at edge 299-262 at time 730
Warning: TestConstraints found future collision at end of timestep 692
  CostFlow: agents=1 tasks=1 maxlen=710 global_makespan=1040
Agent 2 and 6 collide at edge 299-262 at time 730
Warning: TestConstraints found future collision at timestep 693 (will be re-planned)
Agent 2 and 6 collide at edge 299-262 at time 730
Warning: TestConstraints found future collision at end of timestep 693
  CostFlow: agents=1 tasks=1 maxlen=710 global_makespan=1040
Agent 2 and 6 collide at edge 299-262 at time 730
Warning: TestConstraints found future collision at timestep 694 (will be re-planned)
Agent 2 and 6 collide at edge 299-262 at time 730
Warning: TestConstraints found future collision at end of timestep 694
  CostFlow: agents=1 tasks=1 maxlen=735 global_makespan=1040
Agent 4 and 7 collide at location 551 at time 740
Warning: TestConstraints found future collision at timestep 695 (will be re-planned)
Agent 4 and 7 collide at location 551 at time 740
Warning: TestConstraints found future collision at end of timestep 695
  CostFlow: agents=1 tasks=1 maxlen=735 global_makespan=1040
Agent 4 and 7 collide at location 551 at time 740
Warning: TestConstraints found future collision at timestep 696 (will be re-planned)
Agent 4 and 7 collide at location 551 at time 740
Warning: TestConstraints found future collision at end of timestep 696
  CostFlow: agents=1 tasks=1 maxlen=735 global_makespan=1040
Agent 4 and 7 collide at location 551 at time 740
Warning: TestConstraints found future collision at timestep 697 (will be re-planned)
Agent 4 and 7 collide at location 551 at time 740
Warning: TestConstraints found future collision at end of timestep 697
  CostFlow: agents=0 tasks=0 maxlen=0 global_makespan=1040
Agent 2 and 6 collide at location 225 at time 732
Warning: TestConstraints found future collision at timestep 698 (will be re-planned)
Agent 2 and 6 collide at location 225 at time 732
Warning: TestConstraints found future collision at end of timestep 698
  CostFlow: agents=0 tasks=0 maxlen=0 global_makespan=1040
Agent 2 and 6 collide at location 225 at time 732
Warning: TestConstraints found future collision at timestep 699 (will be re-planned)
Agent 2 and 6 collide at location 225 at time 732
Warning: TestConstraints found future collision at end of timestep 699
  CostFlow: agents=0 tasks=0 maxlen=0 global_makespan=1040
Agent 2 and 6 collide at location 225 at time 732
Warning: TestConstraints found future collision at timestep 700 (will be re-planned)
Agent 2 and 6 collide at location 225 at time 732
Warning: TestConstraints found future collision at end of timestep 700
  CostFlow: agents=0 tasks=0 maxlen=0 global_makespan=1040
Agent 2 and 6 collide at location 225 at time 732
Warning: TestConstraints found future collision at timestep 701 (will be re-planned)
Agent 2 and 6 collide at location 225 at time 732
Warning: TestConstraints found future collision at end of timestep 701
  CostFlow: agents=0 tasks=0 maxlen=0 global_makespan=1040
Agent 2 and 6 collide at location 225 at time 732
Warning: TestConstraints found future collision at timestep 702 (will be re-planned)
Agent 2 and 6 collide at location 225 at time 732
Warning: TestConstraints found future collision at end of timestep 702
  CostFlow: agents=0 tasks=0 maxlen=0 global_makespan=1040
Agent 2 and 5 collide at location 240 at time 718
Warning: TestConstraints found future collision at timestep 703 (will be re-planned)
Agent 2 and 5 collide at location 240 at time 718
Warning: TestConstraints found future collision at end of timestep 703
  CostFlow: agents=0 tasks=0 maxlen=0 global_makespan=1040
Agent 1 and 3 collide at location 277 at time 713
Warning: TestConstraints found future collision at timestep 704 (will be re-planned)
Agent 1 and 3 collide at location 277 at time 713
Warning: TestConstraints found future collision at end of timestep 704
  CostFlow: agents=0 tasks=0 maxlen=0 global_makespan=1040
Agent 1 and 3 collide at location 277 at time 713
Warning: TestConstraints found future collision at timestep 705 (will be re-planned)
Agent 1 and 3 collide at location 277 at time 713
Warning: TestConstraints found future collision at end of timestep 705
  CostFlow: agents=0 tasks=0 maxlen=0 global_makespan=1040
Agent 1 and 3 collide at location 277 at time 713
Warning: TestConstraints found future collision at timestep 706 (will be re-planned)
Agent 1 and 3 collide at location 277 at time 713
Warning: TestConstraints found future collision at end of timestep 706
  CostFlow: agents=0 tasks=0 maxlen=0 global_makespan=1040
Agent 1 and 3 collide at location 277 at time 713
Warning: TestConstraints found future collision at timestep 707 (will be re-planned)
Agent 1 and 3 collide at location 277 at time 713
Warning: TestConstraints found future collision at end of timestep 707
  CostFlow: agents=2 tasks=2 maxlen=731 global_makespan=1040
Agent 1 and 3 collide at location 277 at time 713
Warning: TestConstraints found future collision at timestep 708 (will be re-planned)
Agent 1 and 3 collide at location 277 at time 713
Warning: TestConstraints found future collision at end of timestep 708
  CostFlow: agents=2 tasks=2 maxlen=731 global_makespan=1040
Agent 1 and 3 collide at location 277 at time 713
Warning: TestConstraints found future collision at timestep 709 (will be re-planned)
Agent 1 and 3 collide at location 277 at time 713
Warning: TestConstraints found future collision at end of timestep 709
  CostFlow: agents=2 tasks=2 maxlen=723 global_makespan=1040
Agent 4 and 7 collide at location 551 at time 746
Warning: TestConstraints found future collision at timestep 710 (will be re-planned)
Agent 4 and 7 collide at location 551 at time 746
Warning: TestConstraints found future collision at end of timestep 710
  CostFlow: agents=2 tasks=2 maxlen=723 global_makespan=1040
Agent 4 and 7 collide at location 551 at time 746
Warning: TestConstraints found future collision at timestep 711 (will be re-planned)
Agent 4 and 7 collide at location 551 at time 746
Warning: TestConstraints found future collision at end of timestep 711
  CostFlow: agents=1 tasks=1 maxlen=723 global_makespan=1040
Agent 4 and 7 collide at location 551 at time 746
Warning: TestConstraints found future collision at timestep 712 (will be re-planned)
Agent 4 and 7 collide at location 551 at time 746
Warning: TestConstraints found future collision at end of timestep 712
  CostFlow: agents=0 tasks=0 maxlen=0 global_makespan=1040
Agent 3 and 4 collide at location 366 at time 769
Warning: TestConstraints found future collision at timestep 713 (will be re-planned)
Agent 3 and 4 collide at location 366 at time 769
Warning: TestConstraints found future collision at end of timestep 713
  CostFlow: agents=0 tasks=0 maxlen=0 global_makespan=1040
Agent 3 and 4 collide at location 366 at time 769
Warning: TestConstraints found future collision at timestep 714 (will be re-planned)
Agent 3 and 4 collide at location 366 at time 769
Warning: TestConstraints found future collision at end of timestep 714
  CostFlow: agents=1 tasks=1 maxlen=734 global_makespan=1040
Agent 3 and 4 collide at location 366 at time 769
Warning: TestConstraints found future collision at timestep 715 (will be re-planned)
Agent 3 and 4 collide at location 366 at time 769
Warning: TestConstraints found future collision at end of timestep 715
  CostFlow: agents=2 tasks=2 maxlen=739 global_makespan=1040
Agent 3 and 4 collide at location 366 at time 769
Warning: TestConstraints found future collision at timestep 716 (will be re-planned)
Agent 3 and 4 collide at location 366 at time 769
Warning: TestConstraints found future collision at end of timestep 716
  CostFlow: agents=2 tasks=2 maxlen=739 global_makespan=1040
Agent 3 and 4 collide at location 366 at time 769
Warning: TestConstraints found future collision at timestep 717 (will be re-planned)
Agent 3 and 4 collide at location 366 at time 769
Warning: TestConstraints found future collision at end of timestep 717
  CostFlow: agents=1 tasks=1 maxlen=739 global_makespan=1040
Agent 3 and 4 collide at location 366 at time 769
Warning: TestConstraints found future collision at timestep 718 (will be re-planned)
Agent 3 and 4 collide at location 366 at time 769
Warning: TestConstraints found future collision at end of timestep 718
  CostFlow: agents=1 tasks=1 maxlen=739 global_makespan=1040
Agent 3 and 4 collide at location 366 at time 769
Warning: TestConstraints found future collision at timestep 719 (will be re-planned)
Agent 3 and 4 collide at location 366 at time 769
Warning: TestConstraints found future collision at end of timestep 719
  CostFlow: agents=1 tasks=1 maxlen=739 global_makespan=1040
Agent 0 and 1 collide at location 216 at time 783
Warning: TestConstraints found future collision at timestep 720 (will be re-planned)
Agent 0 and 1 collide at location 216 at time 783
Warning: TestConstraints found future collision at end of timestep 720
  CostFlow: agents=1 tasks=1 maxlen=739 global_makespan=1040
Agent 0 and 1 collide at location 216 at time 783
Warning: TestConstraints found future collision at timestep 721 (will be re-planned)
Agent 0 and 1 collide at location 216 at time 783
Warning: TestConstraints found future collision at end of timestep 721
  CostFlow: agents=1 tasks=1 maxlen=739 global_makespan=1040
Agent 0 and 1 collide at location 216 at time 783
Warning: TestConstraints found future collision at timestep 722 (will be re-planned)
Agent 0 and 1 collide at location 216 at time 783
Warning: TestConstraints found future collision at end of timestep 722
  CostFlow: agents=2 tasks=2 maxlen=748 global_makespan=1040
Agent 2 and 3 collide at edge 758-757 at time 743
Warning: TestConstraints found future collision at timestep 723 (will be re-planned)
Agent 2 and 3 collide at edge 758-757 at time 743
Warning: TestConstraints found future collision at end of timestep 723
  CostFlow: agents=2 tasks=2 maxlen=762 global_makespan=1040
Agent 2 and 3 collide at edge 758-757 at time 743
Warning: TestConstraints found future collision at timestep 724 (will be re-planned)
Agent 2 and 3 collide at edge 758-757 at time 743
Warning: TestConstraints found future collision at end of timestep 724
  CostFlow: agents=1 tasks=1 maxlen=748 global_makespan=1040
Agent 2 and 3 collide at edge 758-757 at time 743
Warning: TestConstraints found future collision at timestep 725 (will be re-planned)
Agent 2 and 3 collide at edge 758-757 at time 743
Warning: TestConstraints found future collision at end of timestep 725
  CostFlow: agents=1 tasks=1 maxlen=748 global_makespan=1040
Agent 2 and 3 collide at edge 758-757 at time 743
Warning: TestConstraints found future collision at timestep 726 (will be re-planned)
Agent 2 and 3 collide at edge 758-757 at time 743
Warning: TestConstraints found future collision at end of timestep 726
  CostFlow: agents=1 tasks=1 maxlen=748 global_makespan=1040
Agent 2 and 3 collide at edge 758-757 at time 743
Warning: TestConstraints found future collision at timestep 727 (will be re-planned)
Agent 2 and 3 collide at edge 758-757 at time 743
Warning: TestConstraints found future collision at end of timestep 727
  CostFlow: agents=0 tasks=0 maxlen=0 global_makespan=1040
Agent 0 and 1 collide at location 216 at time 783
Warning: TestConstraints found future collision at timestep 728 (will be re-planned)
Agent 0 and 1 collide at location 216 at time 783
Warning: TestConstraints found future collision at end of timestep 728
  CostFlow: agents=0 tasks=0 maxlen=0 global_makespan=1040
Agent 0 and 1 collide at location 216 at time 783
Warning: TestConstraints found future collision at timestep 729 (will be re-planned)
Agent 0 and 1 collide at location 216 at time 783
Warning: TestConstraints found future collision at end of timestep 729
  CostFlow: agents=0 tasks=0 maxlen=0 global_makespan=1040
Agent 0 and 1 collide at location 216 at time 783
Warning: TestConstraints found future collision at timestep 730 (will be re-planned)
Agent 0 and 1 collide at location 216 at time 783
Warning: TestConstraints found future collision at end of timestep 730
  CostFlow: agents=1 tasks=1 maxlen=763 global_makespan=1040
Agent 0 and 1 collide at location 216 at time 783
Warning: TestConstraints found future collision at timestep 731 (will be re-planned)
Agent 0 and 1 collide at location 216 at time 783
Warning: TestConstraints found future collision at end of timestep 731
  CostFlow: agents=1 tasks=1 maxlen=763 global_makespan=1040
Agent 0 and 1 collide at location 216 at time 783
Warning: TestConstraints found future collision at timestep 732 (will be re-planned)
Agent 0 and 1 collide at location 216 at time 783
Warning: TestConstraints found future collision at end of timestep 732
  CostFlow: agents=2 tasks=2 maxlen=763 global_makespan=1040
Agent 0 and 1 collide at location 216 at time 783
Warning: TestConstraints found future collision at timestep 733 (will be re-planned)
Agent 0 and 1 collide at location 216 at time 783
Warning: TestConstraints found future collision at end of timestep 733
  CostFlow: agents=1 tasks=1 maxlen=740 global_makespan=1040
Agent 0 and 1 collide at location 216 at time 783
Warning: TestConstraints found future collision at timestep 734 (will be re-planned)
Agent 0 and 1 collide at location 216 at time 783
Warning: TestConstraints found future collision at end of timestep 734
  CostFlow: agents=1 tasks=1 maxlen=740 global_makespan=1040
Agent 0 and 1 collide at location 216 at time 783
Warning: TestConstraints found future collision at timestep 735 (will be re-planned)
Agent 0 and 1 collide at location 216 at time 783
Warning: TestConstraints found future collision at end of timestep 735
  CostFlow: agents=1 tasks=1 maxlen=740 global_makespan=1040
Agent 0 and 1 collide at location 216 at time 783
Warning: TestConstraints found future collision at timestep 736 (will be re-planned)
Agent 0 and 1 collide at location 216 at time 783
Warning: TestConstraints found future collision at end of timestep 736
  CostFlow: agents=1 tasks=1 maxlen=740 global_makespan=1040
Agent 0 and 1 collide at location 216 at time 783
Warning: TestConstraints found future collision at timestep 737 (will be re-planned)
Agent 0 and 1 collide at location 216 at time 783
Warning: TestConstraints found future collision at end of timestep 737
  CostFlow: agents=1 tasks=1 maxlen=740 global_makespan=1040
Agent 0 and 1 collide at location 216 at time 783
Warning: TestConstraints found future collision at timestep 738 (will be re-planned)
Agent 0 and 1 collide at location 216 at time 783
Warning: TestConstraints found future collision at end of timestep 738
  CostFlow: agents=1 tasks=1 maxlen=740 global_makespan=1040
Agent 0 and 1 collide at location 216 at time 783
Warning: TestConstraints found future collision at timestep 739 (will be re-planned)
Agent 0 and 1 collide at location 216 at time 783
Warning: TestConstraints found future collision at end of timestep 739
  CostFlow: agents=1 tasks=1 maxlen=764 global_makespan=1040
Agent 0 and 1 collide at location 216 at time 783
Warning: TestConstraints found future collision at timestep 740 (will be re-planned)
Agent 0 and 1 collide at location 216 at time 783
Warning: TestConstraints found future collision at end of timestep 740
  CostFlow: agents=2 tasks=2 maxlen=764 global_makespan=1040
Agent 0 and 1 collide at location 216 at time 783
Warning: TestConstraints found future collision at timestep 741 (will be re-planned)
Agent 0 and 1 collide at location 216 at time 783
Warning: TestConstraints found future collision at end of timestep 741
  CostFlow: agents=1 tasks=1 maxlen=764 global_makespan=1040
Agent 0 and 1 collide at location 216 at time 783
Warning: TestConstraints found future collision at timestep 742 (will be re-planned)
Agent 0 and 1 collide at location 216 at time 783
Warning: TestConstraints found future collision at end of timestep 742
  CostFlow: agents=0 tasks=0 maxlen=0 global_makespan=1040
Agent 0 and 1 collide at location 216 at time 783
Warning: TestConstraints found future collision at timestep 743 (will be re-planned)
Agent 0 and 1 collide at location 216 at time 783
Warning: TestConstraints found future collision at end of timestep 743
  CostFlow: agents=0 tasks=0 maxlen=0 global_makespan=1040
Agent 0 and 1 collide at location 216 at time 783
Warning: TestConstraints found future collision at timestep 744 (will be re-planned)
Agent 0 and 1 collide at location 216 at time 783
Warning: TestConstraints found future collision at end of timestep 744
  CostFlow: agents=0 tasks=0 maxlen=0 global_makespan=1040
Agent 0 and 1 collide at location 216 at time 783
Warning: TestConstraints found future collision at timestep 745 (will be re-planned)
Agent 0 and 1 collide at location 216 at time 783
Warning: TestConstraints found future collision at end of timestep 745
  CostFlow: agents=1 tasks=1 maxlen=750 global_makespan=1040
Agent 0 and 1 collide at location 216 at time 783
Warning: TestConstraints found future collision at timestep 746 (will be re-planned)
Agent 0 and 1 collide at location 216 at time 783
Warning: TestConstraints found future collision at end of timestep 746
  CostFlow: agents=1 tasks=1 maxlen=765 global_makespan=1040
Agent 1 and 2 collide at location 373 at time 771
Warning: TestConstraints found future collision at timestep 747 (will be re-planned)
Agent 1 and 2 collide at location 373 at time 771
Warning: TestConstraints found future collision at end of timestep 747
  CostFlow: agents=1 tasks=1 maxlen=765 global_makespan=1040
Agent 1 and 2 collide at location 373 at time 771
Warning: TestConstraints found future collision at timestep 748 (will be re-planned)
Agent 1 and 2 collide at location 373 at time 771
Warning: TestConstraints found future collision at end of timestep 748
  CostFlow: agents=1 tasks=1 maxlen=765 global_makespan=1040
Agent 1 and 2 collide at location 373 at time 771
Warning: TestConstraints found future collision at timestep 749 (will be re-planned)
Agent 1 and 2 collide at location 373 at time 771
Warning: TestConstraints found future collision at end of timestep 749
  CostFlow: agents=1 tasks=1 maxlen=765 global_makespan=1040
Agent 1 and 2 collide at location 373 at time 771
Warning: TestConstraints found future collision at timestep 750 (will be re-planned)
Agent 1 and 2 collide at location 373 at time 771
Warning: TestConstraints found future collision at end of timestep 750
  CostFlow: agents=1 tasks=1 maxlen=765 global_makespan=1040
Agent 1 and 2 collide at location 373 at time 771
Warning: TestConstraints found future collision at timestep 751 (will be re-planned)
Agent 1 and 2 collide at location 373 at time 771
Warning: TestConstraints found future collision at end of timestep 751
  CostFlow: agents=1 tasks=1 maxlen=765 global_makespan=1040
Agent 1 and 2 collide at location 373 at time 771
Warning: TestConstraints found future collision at timestep 752 (will be re-planned)
Agent 1 and 2 collide at location 373 at time 771
Warning: TestConstraints found future collision at end of timestep 752
  CostFlow: agents=3 tasks=3 maxlen=784 global_makespan=1040
Agent 1 and 2 collide at location 373 at time 771
Warning: TestConstraints found future collision at timestep 753 (will be re-planned)
Agent 1 and 2 collide at location 373 at time 771
Warning: TestConstraints found future collision at end of timestep 753
  CostFlow: agents=4 tasks=4 maxlen=784 global_makespan=1040
Agent 6 and 9 collide at edge 684-647 at time 760
Warning: TestConstraints found future collision at timestep 754 (will be re-planned)
Agent 6 and 9 collide at edge 684-647 at time 760
Warning: TestConstraints found future collision at end of timestep 754
  CostFlow: agents=3 tasks=3 maxlen=780 global_makespan=1040
  CostFlow: agents=1 tasks=1 maxlen=780 global_makespan=1040
Agent 2 and 6 collide at edge 410-373 at time 797
Warning: TestConstraints found future collision at timestep 756 (will be re-planned)
Agent 2 and 6 collide at edge 410-373 at time 797
Warning: TestConstraints found future collision at end of timestep 756
  CostFlow: agents=1 tasks=1 maxlen=780 global_makespan=1040
Agent 2 and 6 collide at edge 410-373 at time 797
Warning: TestConstraints found future collision at timestep 757 (will be re-planned)
Agent 2 and 6 collide at edge 410-373 at time 797
Warning: TestConstraints found future collision at end of timestep 757
  CostFlow: agents=1 tasks=1 maxlen=780 global_makespan=1040
Agent 2 and 6 collide at edge 410-373 at time 797
Warning: TestConstraints found future collision at timestep 758 (will be re-planned)
Agent 2 and 6 collide at edge 410-373 at time 797
Warning: TestConstraints found future collision at end of timestep 758
  CostFlow: agents=0 tasks=0 maxlen=0 global_makespan=1040
Agent 2 and 6 collide at edge 410-373 at time 797
Warning: TestConstraints found future collision at timestep 759 (will be re-planned)
Agent 2 and 6 collide at edge 410-373 at time 797
Warning: TestConstraints found future collision at end of timestep 759
  CostFlow: agents=1 tasks=1 maxlen=776 global_makespan=1040
Agent 2 and 6 collide at edge 410-373 at time 797
Warning: TestConstraints found future collision at timestep 760 (will be re-planned)
Agent 2 and 6 collide at edge 410-373 at time 797
Warning: TestConstraints found future collision at end of timestep 760
  CostFlow: agents=0 tasks=0 maxlen=0 global_makespan=1040
Agent 2 and 6 collide at edge 410-373 at time 797
Warning: TestConstraints found future collision at timestep 761 (will be re-planned)
Agent 2 and 6 collide at edge 410-373 at time 797
Warning: TestConstraints found future collision at end of timestep 761
  CostFlow: agents=0 tasks=0 maxlen=0 global_makespan=1040
Agent 2 and 6 collide at edge 410-373 at time 797
Warning: TestConstraints found future collision at timestep 762 (will be re-planned)
Agent 2 and 6 collide at edge 410-373 at time 797
Warning: TestConstraints found future collision at end of timestep 762
  CostFlow: agents=0 tasks=0 maxlen=0 global_makespan=1040
Agent 2 and 6 collide at edge 410-373 at time 797
Warning: TestConstraints found future collision at timestep 763 (will be re-planned)
Agent 2 and 6 collide at edge 410-373 at time 797
Warning: TestConstraints found future collision at end of timestep 763
  CostFlow: agents=0 tasks=0 maxlen=0 global_makespan=1040
Agent 2 and 6 collide at edge 410-373 at time 797
Warning: TestConstraints found future collision at timestep 764 (will be re-planned)
Agent 2 and 6 collide at edge 410-373 at time 797
Warning: TestConstraints found future collision at end of timestep 764
  CostFlow: agents=0 tasks=0 maxlen=0 global_makespan=1040
Agent 2 and 6 collide at edge 410-373 at time 797
Warning: TestConstraints found future collision at timestep 765 (will be re-planned)
Agent 2 and 6 collide at edge 410-373 at time 797
Warning: TestConstraints found future collision at end of timestep 765
  CostFlow: agents=0 tasks=0 maxlen=0 global_makespan=1040
Agent 2 and 6 collide at edge 410-373 at time 797
Warning: TestConstraints found future collision at timestep 766 (will be re-planned)
Agent 2 and 6 collide at edge 410-373 at time 797
Warning: TestConstraints found future collision at end of timestep 766
  CostFlow: agents=1 tasks=1 maxlen=801 global_makespan=1040
Agent 2 and 6 collide at edge 410-373 at time 797
Warning: TestConstraints found future collision at timestep 767 (will be re-planned)
Agent 2 and 6 collide at edge 410-373 at time 797
Warning: TestConstraints found future collision at end of timestep 767
  CostFlow: agents=1 tasks=1 maxlen=801 global_makespan=1040
Agent 2 and 6 collide at edge 410-373 at time 797
Warning: TestConstraints found future collision at timestep 768 (will be re-planned)
Agent 2 and 6 collide at edge 410-373 at time 797
Warning: TestConstraints found future collision at end of timestep 768
  CostFlow: agents=1 tasks=1 maxlen=801 global_makespan=1040
Agent 2 and 6 collide at edge 410-373 at time 797
Warning: TestConstraints found future collision at timestep 769 (will be re-planned)
Agent 2 and 6 collide at edge 410-373 at time 797
Warning: TestConstraints found future collision at end of timestep 769
  CostFlow: agents=1 tasks=1 maxlen=801 global_makespan=1040
Agent 2 and 6 collide at edge 410-373 at time 797
Warning: TestConstraints found future collision at timestep 770 (will be re-planned)
Agent 2 and 6 collide at edge 410-373 at time 797
Warning: TestConstraints found future collision at end of timestep 770
  CostFlow: agents=1 tasks=1 maxlen=801 global_makespan=1040
Agent 2 and 6 collide at edge 410-373 at time 797
Warning: TestConstraints found future collision at timestep 771 (will be re-planned)
Agent 2 and 6 collide at edge 410-373 at time 797
Warning: TestConstraints found future collision at end of timestep 771
  CostFlow: agents=0 tasks=0 maxlen=0 global_makespan=1040
Agent 2 and 6 collide at edge 410-373 at time 797
Warning: TestConstraints found future collision at timestep 772 (will be re-planned)
Agent 2 and 6 collide at edge 410-373 at time 797
Warning: TestConstraints found future collision at end of timestep 772
  CostFlow: agents=2 tasks=2 maxlen=796 global_makespan=1040
Agent 2 and 6 collide at edge 410-373 at time 797
Warning: TestConstraints found future collision at timestep 773 (will be re-planned)
Agent 2 and 6 collide at edge 410-373 at time 797
Warning: TestConstraints found future collision at end of timestep 773
  CostFlow: agents=2 tasks=2 maxlen=796 global_makespan=1040
Agent 2 and 6 collide at location 225 at time 806
Warning: TestConstraints found future collision at timestep 774 (will be re-planned)
Agent 2 and 6 collide at location 225 at time 806
Warning: TestConstraints found future collision at end of timestep 774
  CostFlow: agents=3 tasks=3 maxlen=796 global_makespan=1040
Agent 2 and 6 collide at location 225 at time 806
Warning: TestConstraints found future collision at timestep 775 (will be re-planned)
Agent 2 and 6 collide at location 225 at time 806
Warning: TestConstraints found future collision at end of timestep 775
  CostFlow: agents=2 tasks=2 maxlen=780 global_makespan=1042
Agent 2 and 6 collide at location 225 at time 806
Warning: TestConstraints found future collision at timestep 776 (will be re-planned)
Agent 2 and 6 collide at location 225 at time 806
Warning: TestConstraints found future collision at end of timestep 776
  CostFlow: agents=3 tasks=3 maxlen=800 global_makespan=1042
  CostFlow: agents=0 tasks=0 maxlen=0 global_makespan=1042
Agent 2 and 6 collide at location 521 at time 817
Warning: TestConstraints found future collision at timestep 778 (will be re-planned)
Agent 2 and 6 collide at location 521 at time 817
Warning: TestConstraints found future collision at end of timestep 778
  CostFlow: agents=0 tasks=0 maxlen=0 global_makespan=1042
Agent 2 and 6 collide at location 521 at time 817
Warning: TestConstraints found future collision at timestep 779 (will be re-planned)
Agent 2 and 6 collide at location 521 at time 817
Warning: TestConstraints found future collision at end of timestep 779
  CostFlow: agents=0 tasks=0 maxlen=0 global_makespan=1042
Agent 2 and 6 collide at location 521 at time 817
Warning: TestConstraints found future collision at timestep 780 (will be re-planned)
Agent 2 and 6 collide at location 521 at time 817
Warning: TestConstraints found future collision at end of timestep 780
  CostFlow: agents=0 tasks=0 maxlen=0 global_makespan=1042
Agent 2 and 6 collide at location 521 at time 817
Warning: TestConstraints found future collision at timestep 781 (will be re-planned)
Agent 2 and 6 collide at location 521 at time 817
Warning: TestConstraints found future collision at end of timestep 781
  CostFlow: agents=0 tasks=0 maxlen=0 global_makespan=1042
Agent 2 and 6 collide at location 521 at time 817
Warning: TestConstraints found future collision at timestep 782 (will be re-planned)
Agent 2 and 6 collide at location 521 at time 817
Warning: TestConstraints found future collision at end of timestep 782
  CostFlow: agents=0 tasks=0 maxlen=0 global_makespan=1042
Agent 2 and 6 collide at location 521 at time 817
Warning: TestConstraints found future collision at timestep 783 (will be re-planned)
Agent 2 and 6 collide at location 521 at time 817
Warning: TestConstraints found future collision at end of timestep 783
  CostFlow: agents=0 tasks=0 maxlen=0 global_makespan=1042
Agent 2 and 6 collide at location 521 at time 817
Warning: TestConstraints found future collision at timestep 784 (will be re-planned)
Agent 2 and 6 collide at location 521 at time 817
Warning: TestConstraints found future collision at end of timestep 784
  CostFlow: agents=1 tasks=1 maxlen=809 global_makespan=1042
Agent 2 and 6 collide at location 521 at time 817
Warning: TestConstraints found future collision at timestep 785 (will be re-planned)
Agent 2 and 6 collide at location 521 at time 817
Warning: TestConstraints found future collision at end of timestep 785
  CostFlow: agents=0 tasks=0 maxlen=0 global_makespan=1042
Agent 2 and 6 collide at location 521 at time 817
Warning: TestConstraints found future collision at timestep 786 (will be re-planned)
Agent 2 and 6 collide at location 521 at time 817
Warning: TestConstraints found future collision at end of timestep 786
  CostFlow: agents=0 tasks=0 maxlen=0 global_makespan=1042
Agent 2 and 6 collide at location 521 at time 817
Warning: TestConstraints found future collision at timestep 787 (will be re-planned)
Agent 2 and 6 collide at location 521 at time 817
Warning: TestConstraints found future collision at end of timestep 787
  CostFlow: agents=0 tasks=0 maxlen=0 global_makespan=1042
Agent 2 and 6 collide at location 521 at time 817
Warning: TestConstraints found future collision at timestep 788 (will be re-planned)
Agent 2 and 6 collide at location 521 at time 817
Warning: TestConstraints found future collision at end of timestep 788
  CostFlow: agents=1 tasks=1 maxlen=801 global_makespan=1042
Agent 2 and 6 collide at location 521 at time 817
Warning: TestConstraints found future collision at timestep 789 (will be re-planned)
Agent 2 and 6 collide at location 521 at time 817
Warning: TestConstraints found future collision at end of timestep 789
  CostFlow: agents=2 tasks=2 maxlen=806 global_makespan=1042
Agent 6 and 7 collide at edge 533-532 at time 803
Warning: TestConstraints found future collision at timestep 790 (will be re-planned)
Agent 6 and 7 collide at edge 533-532 at time 803
Warning: TestConstraints found future collision at end of timestep 790
  CostFlow: agents=1 tasks=1 maxlen=806 global_makespan=1042
Agent 6 and 7 collide at edge 533-532 at time 803
Warning: TestConstraints found future collision at timestep 791 (will be re-planned)
Agent 6 and 7 collide at edge 533-532 at time 803
Warning: TestConstraints found future collision at end of timestep 791
  CostFlow: agents=0 tasks=0 maxlen=0 global_makespan=1042
Agent 6 and 7 collide at edge 533-532 at time 803
Warning: TestConstraints found future collision at timestep 792 (will be re-planned)
Agent 6 and 7 collide at edge 533-532 at time 803
Warning: TestConstraints found future collision at end of timestep 792
  CostFlow: agents=0 tasks=0 maxlen=0 global_makespan=1042
Agent 6 and 7 collide at edge 533-532 at time 803
Warning: TestConstraints found future collision at timestep 793 (will be re-planned)
Agent 6 and 7 collide at edge 533-532 at time 803
Warning: TestConstraints found future collision at end of timestep 793
  CostFlow: agents=0 tasks=0 maxlen=0 global_makespan=1042
Agent 6 and 7 collide at edge 533-532 at time 803
Warning: TestConstraints found future collision at timestep 794 (will be re-planned)
Agent 6 and 7 collide at edge 533-532 at time 803
Warning: TestConstraints found future collision at end of timestep 794
  CostFlow: agents=1 tasks=1 maxlen=818 global_makespan=1042
Agent 3 and 4 collide at location 366 at time 841
Warning: TestConstraints found future collision at timestep 795 (will be re-planned)
Agent 3 and 4 collide at location 366 at time 841
Warning: TestConstraints found future collision at end of timestep 795
  CostFlow: agents=0 tasks=0 maxlen=0 global_makespan=1042
Agent 3 and 4 collide at location 366 at time 841
Warning: TestConstraints found future collision at timestep 796 (will be re-planned)
Agent 3 and 4 collide at location 366 at time 841
Warning: TestConstraints found future collision at end of timestep 796
  CostFlow: agents=2 tasks=2 maxlen=813 global_makespan=1042
Agent 3 and 4 collide at location 366 at time 841
Warning: TestConstraints found future collision at timestep 797 (will be re-planned)
Agent 3 and 4 collide at location 366 at time 841
Warning: TestConstraints found future collision at end of timestep 797
  CostFlow: agents=1 tasks=1 maxlen=801 global_makespan=1042
Agent 0 and 1 collide at location 216 at time 844
Warning: TestConstraints found future collision at timestep 798 (will be re-planned)
Agent 0 and 1 collide at location 216 at time 844
Warning: TestConstraints found future collision at end of timestep 798
  CostFlow: agents=1 tasks=1 maxlen=824 global_makespan=1042
Agent 0 and 1 collide at location 216 at time 844
Warning: TestConstraints found future collision at timestep 799 (will be re-planned)
Agent 0 and 1 collide at location 216 at time 844
Warning: TestConstraints found future collision at end of timestep 799
  CostFlow: agents=1 tasks=1 maxlen=824 global_makespan=1042
Agent 0 and 1 collide at location 216 at time 844
Warning: TestConstraints found future collision at timestep 800 (will be re-planned)
Agent 0 and 1 collide at location 216 at time 844
Warning: TestConstraints found future collision at end of timestep 800
  CostFlow: agents=1 tasks=1 maxlen=842 global_makespan=1042
Agent 0 and 1 collide at location 216 at time 844
Warning: TestConstraints found future collision at timestep 801 (will be re-planned)
Agent 0 and 1 collide at location 216 at time 844
Warning: TestConstraints found future collision at end of timestep 801
  CostFlow: agents=2 tasks=2 maxlen=842 global_makespan=1042
Agent 0 and 1 collide at location 216 at time 844
Warning: TestConstraints found future collision at timestep 802 (will be re-planned)
Agent 0 and 1 collide at location 216 at time 844
Warning: TestConstraints found future collision at end of timestep 802
  CostFlow: agents=1 tasks=1 maxlen=805 global_makespan=1044
Agent 0 and 1 collide at location 216 at time 844
Warning: TestConstraints found future collision at timestep 803 (will be re-planned)
Agent 0 and 1 collide at location 216 at time 844
Warning: TestConstraints found future collision at end of timestep 803
  CostFlow: agents=1 tasks=1 maxlen=805 global_makespan=1044
Agent 0 and 1 collide at location 216 at time 844
Warning: TestConstraints found future collision at timestep 804 (will be re-planned)
Agent 0 and 1 collide at location 216 at time 844
Warning: TestConstraints found future collision at end of timestep 804
  CostFlow: agents=0 tasks=0 maxlen=0 global_makespan=1044
Agent 0 and 1 collide at location 216 at time 844
Warning: TestConstraints found future collision at timestep 805 (will be re-planned)
Agent 0 and 1 collide at location 216 at time 844
Warning: TestConstraints found future collision at end of timestep 805
  CostFlow: agents=1 tasks=1 maxlen=833 global_makespan=1044
Agent 0 and 9 collide at location 399 at time 837
Warning: TestConstraints found future collision at timestep 806 (will be re-planned)
Agent 0 and 9 collide at location 399 at time 837
Warning: TestConstraints found future collision at end of timestep 806
  CostFlow: agents=1 tasks=1 maxlen=833 global_makespan=1044
Agent 0 and 9 collide at location 399 at time 837
Warning: TestConstraints found future collision at timestep 807 (will be re-planned)
Agent 0 and 9 collide at location 399 at time 837
Warning: TestConstraints found future collision at end of timestep 807
  CostFlow: agents=1 tasks=1 maxlen=833 global_makespan=1044
Agent 0 and 9 collide at location 399 at time 837
Warning: TestConstraints found future collision at timestep 808 (will be re-planned)
Agent 0 and 9 collide at location 399 at time 837
Warning: TestConstraints found future collision at end of timestep 808
  CostFlow: agents=1 tasks=1 maxlen=844 global_makespan=1044
Agent 0 and 9 collide at location 399 at time 837
Warning: TestConstraints found future collision at timestep 809 (will be re-planned)
Agent 0 and 9 collide at location 399 at time 837
Warning: TestConstraints found future collision at end of timestep 809
  CostFlow: agents=1 tasks=1 maxlen=844 global_makespan=1044
Agent 0 and 9 collide at location 399 at time 837
Warning: TestConstraints found future collision at timestep 810 (will be re-planned)
Agent 0 and 9 collide at location 399 at time 837
Warning: TestConstraints found future collision at end of timestep 810
  CostFlow: agents=0 tasks=0 maxlen=0 global_makespan=1044
Agent 0 and 9 collide at location 399 at time 837
Warning: TestConstraints found future collision at timestep 811 (will be re-planned)
Agent 0 and 9 collide at location 399 at time 837
Warning: TestConstraints found future collision at end of timestep 811
  CostFlow: agents=0 tasks=0 maxlen=0 global_makespan=1044
Agent 0 and 9 collide at location 399 at time 837
Warning: TestConstraints found future collision at timestep 812 (will be re-planned)
Agent 0 and 9 collide at location 399 at time 837
Warning: TestConstraints found future collision at end of timestep 812
  CostFlow: agents=0 tasks=0 maxlen=0 global_makespan=1044
Agent 0 and 9 collide at location 399 at time 837
Warning: TestConstraints found future collision at timestep 813 (will be re-planned)
Agent 0 and 9 collide at location 399 at time 837
Warning: TestConstraints found future collision at end of timestep 813
  CostFlow: agents=0 tasks=0 maxlen=0 global_makespan=1044
Agent 0 and 9 collide at location 399 at time 837
Warning: TestConstraints found future collision at timestep 814 (will be re-planned)
Agent 0 and 9 collide at location 399 at time 837
Warning: TestConstraints found future collision at end of timestep 814
  CostFlow: agents=1 tasks=1 maxlen=834 global_makespan=1044
Agent 0 and 9 collide at location 399 at time 837
Warning: TestConstraints found future collision at timestep 815 (will be re-planned)
Agent 0 and 9 collide at location 399 at time 837
Warning: TestConstraints found future collision at end of timestep 815
  CostFlow: agents=1 tasks=1 maxlen=834 global_makespan=1044
Agent 0 and 9 collide at location 399 at time 837
Warning: TestConstraints found future collision at timestep 816 (will be re-planned)
Agent 0 and 9 collide at location 399 at time 837
Warning: TestConstraints found future collision at end of timestep 816
  CostFlow: agents=0 tasks=0 maxlen=0 global_makespan=1044
Agent 0 and 9 collide at location 399 at time 837
Warning: TestConstraints found future collision at timestep 817 (will be re-planned)
Agent 0 and 9 collide at location 399 at time 837
Warning: TestConstraints found future collision at end of timestep 817
  CostFlow: agents=0 tasks=0 maxlen=0 global_makespan=1044
Agent 0 and 9 collide at location 399 at time 837
Warning: TestConstraints found future collision at timestep 818 (will be re-planned)
Agent 0 and 9 collide at location 399 at time 837
Warning: TestConstraints found future collision at end of timestep 818
  CostFlow: agents=0 tasks=0 maxlen=0 global_makespan=1044
Agent 0 and 9 collide at location 399 at time 837
Warning: TestConstraints found future collision at timestep 819 (will be re-planned)
Agent 0 and 9 collide at location 399 at time 837
Warning: TestConstraints found future collision at end of timestep 819
  CostFlow: agents=0 tasks=0 maxlen=0 global_makespan=1044
Agent 0 and 9 collide at location 399 at time 837
Warning: TestConstraints found future collision at timestep 820 (will be re-planned)
Agent 0 and 9 collide at location 399 at time 837
Warning: TestConstraints found future collision at end of timestep 820
  CostFlow: agents=0 tasks=0 maxlen=0 global_makespan=1044
Agent 0 and 9 collide at location 399 at time 837
Warning: TestConstraints found future collision at timestep 821 (will be re-planned)
Agent 0 and 9 collide at location 399 at time 837
Warning: TestConstraints found future collision at end of timestep 821
  CostFlow: agents=0 tasks=0 maxlen=0 global_makespan=1044
Agent 0 and 9 collide at location 399 at time 837
Warning: TestConstraints found future collision at timestep 822 (will be re-planned)
Agent 0 and 9 collide at location 399 at time 837
Warning: TestConstraints found future collision at end of timestep 822
  CostFlow: agents=1 tasks=1 maxlen=839 global_makespan=1044
Agent 2 and 6 collide at location 225 at time 862
Warning: TestConstraints found future collision at timestep 823 (will be re-planned)
Agent 2 and 6 collide at location 225 at time 862
Warning: TestConstraints found future collision at end of timestep 823
  CostFlow: agents=1 tasks=1 maxlen=839 global_makespan=1044
Agent 2 and 6 collide at location 225 at time 862
Warning: TestConstraints found future collision at timestep 824 (will be re-planned)
Agent 2 and 6 collide at location 225 at time 862
Warning: TestConstraints found future collision at end of timestep 824
  CostFlow: agents=1 tasks=1 maxlen=839 global_makespan=1044
Agent 2 and 6 collide at location 225 at time 862
Warning: TestConstraints found future collision at timestep 825 (will be re-planned)
Agent 2 and 6 collide at location 225 at time 862
Warning: TestConstraints found future collision at end of timestep 825
  CostFlow: agents=1 tasks=1 maxlen=839 global_makespan=1044
Agent 2 and 6 collide at location 225 at time 862
Warning: TestConstraints found future collision at timestep 826 (will be re-planned)
Agent 2 and 6 collide at location 225 at time 862
Warning: TestConstraints found future collision at end of timestep 826
  CostFlow: agents=0 tasks=0 maxlen=0 global_makespan=1044
Agent 0 and 1 collide at location 216 at time 890
Warning: TestConstraints found future collision at timestep 827 (will be re-planned)
Agent 0 and 1 collide at location 216 at time 890
Warning: TestConstraints found future collision at end of timestep 827
  CostFlow: agents=1 tasks=1 maxlen=833 global_makespan=1044
Agent 0 and 1 collide at location 216 at time 890
Warning: TestConstraints found future collision at timestep 828 (will be re-planned)
Agent 0 and 1 collide at location 216 at time 890
Warning: TestConstraints found future collision at end of timestep 828
  CostFlow: agents=1 tasks=1 maxlen=835 global_makespan=1046
Agent 0 and 1 collide at location 216 at time 890
Warning: TestConstraints found future collision at timestep 829 (will be re-planned)
Agent 0 and 1 collide at location 216 at time 890
Warning: TestConstraints found future collision at end of timestep 829
  CostFlow: agents=1 tasks=1 maxlen=835 global_makespan=1046
Agent 0 and 1 collide at location 216 at time 890
Warning: TestConstraints found future collision at timestep 830 (will be re-planned)
Agent 0 and 1 collide at location 216 at time 890
Warning: TestConstraints found future collision at end of timestep 830
  CostFlow: agents=2 tasks=2 maxlen=877 global_makespan=1046
Agent 0 and 1 collide at location 216 at time 890
Warning: TestConstraints found future collision at timestep 831 (will be re-planned)
Agent 0 and 1 collide at location 216 at time 890
Warning: TestConstraints found future collision at end of timestep 831
  CostFlow: agents=2 tasks=2 maxlen=877 global_makespan=1046
Agent 0 and 1 collide at location 216 at time 890
Warning: TestConstraints found future collision at timestep 832 (will be re-planned)
Agent 0 and 1 collide at location 216 at time 890
Warning: TestConstraints found future collision at end of timestep 832
  CostFlow: agents=2 tasks=2 maxlen=877 global_makespan=1046
Agent 0 and 1 collide at location 216 at time 890
Warning: TestConstraints found future collision at timestep 833 (will be re-planned)
Agent 0 and 1 collide at location 216 at time 890
Warning: TestConstraints found future collision at end of timestep 833
  CostFlow: agents=1 tasks=1 maxlen=835 global_makespan=1046
Agent 0 and 1 collide at location 216 at time 890
Warning: TestConstraints found future collision at timestep 834 (will be re-planned)
Agent 0 and 1 collide at location 216 at time 890
Warning: TestConstraints found future collision at end of timestep 834
  CostFlow: agents=0 tasks=0 maxlen=0 global_makespan=1046
Agent 0 and 1 collide at location 216 at time 890
Warning: TestConstraints found future collision at timestep 835 (will be re-planned)
Agent 0 and 1 collide at location 216 at time 890
Warning: TestConstraints found future collision at end of timestep 835
  CostFlow: agents=1 tasks=1 maxlen=850 global_makespan=1046
Agent 0 and 1 collide at location 216 at time 890
Warning: TestConstraints found future collision at timestep 836 (will be re-planned)
Agent 0 and 1 collide at location 216 at time 890
Warning: TestConstraints found future collision at end of timestep 836
  CostFlow: agents=1 tasks=1 maxlen=850 global_makespan=1046
Agent 0 and 1 collide at location 216 at time 890
Warning: TestConstraints found future collision at timestep 837 (will be re-planned)
Agent 0 and 1 collide at location 216 at time 890
Warning: TestConstraints found future collision at end of timestep 837
  CostFlow: agents=2 tasks=2 maxlen=875 global_makespan=1046
Agent 0 and 1 collide at location 216 at time 890
Warning: TestConstraints found future collision at timestep 838 (will be re-planned)
Agent 0 and 1 collide at location 216 at time 890
Warning: TestConstraints found future collision at end of timestep 838
  CostFlow: agents=1 tasks=1 maxlen=875 global_makespan=1046
Agent 0 and 1 collide at location 216 at time 890
Warning: TestConstraints found future collision at timestep 839 (will be re-planned)
Agent 0 and 1 collide at location 216 at time 890
Warning: TestConstraints found future collision at end of timestep 839
  CostFlow: agents=1 tasks=1 maxlen=859 global_makespan=1046
Agent 0 and 1 collide at location 216 at time 890
Warning: TestConstraints found future collision at timestep 840 (will be re-planned)
Agent 0 and 1 collide at location 216 at time 890
Warning: TestConstraints found future collision at end of timestep 840
  CostFlow: agents=1 tasks=1 maxlen=870 global_makespan=1046
Agent 0 and 8 collide at edge 749-750 at time 854
Warning: TestConstraints found future collision at timestep 841 (will be re-planned)
Agent 0 and 8 collide at edge 749-750 at time 854
Warning: TestConstraints found future collision at end of timestep 841
  CostFlow: agents=1 tasks=1 maxlen=870 global_makespan=1046
Agent 0 and 8 collide at edge 749-750 at time 854
Warning: TestConstraints found future collision at timestep 842 (will be re-planned)
Agent 0 and 8 collide at edge 749-750 at time 854
Warning: TestConstraints found future collision at end of timestep 842
  CostFlow: agents=1 tasks=1 maxlen=870 global_makespan=1046
Agent 0 and 8 collide at edge 749-750 at time 854
Warning: TestConstraints found future collision at timestep 843 (will be re-planned)
Agent 0 and 8 collide at edge 749-750 at time 854
Warning: TestConstraints found future collision at end of timestep 843
  CostFlow: agents=0 tasks=0 maxlen=0 global_makespan=1046
Agent 0 and 8 collide at edge 749-750 at time 854
Warning: TestConstraints found future collision at timestep 844 (will be re-planned)
Agent 0 and 8 collide at edge 749-750 at time 854
Warning: TestConstraints found future collision at end of timestep 844
  CostFlow: agents=0 tasks=0 maxlen=0 global_makespan=1046
Agent 0 and 8 collide at edge 749-750 at time 854
Warning: TestConstraints found future collision at timestep 845 (will be re-planned)
Agent 0 and 8 collide at edge 749-750 at time 854
Warning: TestConstraints found future collision at end of timestep 845
  CostFlow: agents=0 tasks=0 maxlen=0 global_makespan=1046
Agent 0 and 8 collide at edge 749-750 at time 854
Warning: TestConstraints found future collision at timestep 846 (will be re-planned)
Agent 0 and 8 collide at edge 749-750 at time 854
Warning: TestConstraints found future collision at end of timestep 846
  CostFlow: agents=0 tasks=0 maxlen=0 global_makespan=1046
Agent 0 and 8 collide at edge 749-750 at time 854
Warning: TestConstraints found future collision at timestep 847 (will be re-planned)
Agent 0 and 8 collide at edge 749-750 at time 854
Warning: TestConstraints found future collision at end of timestep 847
  CostFlow: agents=0 tasks=0 maxlen=0 global_makespan=1046
Agent 0 and 8 collide at edge 749-750 at time 854
Warning: TestConstraints found future collision at timestep 848 (will be re-planned)
Agent 0 and 8 collide at edge 749-750 at time 854
Warning: TestConstraints found future collision at end of timestep 848
  CostFlow: agents=0 tasks=0 maxlen=0 global_makespan=1046
Agent 0 and 8 collide at edge 749-750 at time 854
Warning: TestConstraints found future collision at timestep 849 (will be re-planned)
Agent 0 and 8 collide at edge 749-750 at time 854
Warning: TestConstraints found future collision at end of timestep 849
  CostFlow: agents=1 tasks=1 maxlen=867 global_makespan=1046
Agent 2 and 6 collide at location 521 at time 899
Warning: TestConstraints found future collision at timestep 850 (will be re-planned)
Agent 2 and 6 collide at location 521 at time 899
Warning: TestConstraints found future collision at end of timestep 850
  CostFlow: agents=1 tasks=1 maxlen=867 global_makespan=1046
Agent 2 and 6 collide at location 521 at time 899
Warning: TestConstraints found future collision at timestep 851 (will be re-planned)
Agent 2 and 6 collide at location 521 at time 899
Warning: TestConstraints found future collision at end of timestep 851
  CostFlow: agents=2 tasks=2 maxlen=877 global_makespan=1046
Agent 2 and 6 collide at location 521 at time 899
Warning: TestConstraints found future collision at timestep 852 (will be re-planned)
Agent 2 and 6 collide at location 521 at time 899
Warning: TestConstraints found future collision at end of timestep 852
  CostFlow: agents=2 tasks=2 maxlen=880 global_makespan=1046
Agent 2 and 6 collide at location 521 at time 899
Warning: TestConstraints found future collision at timestep 853 (will be re-planned)
Agent 2 and 6 collide at location 521 at time 899
Warning: TestConstraints found future collision at end of timestep 853
  CostFlow: agents=1 tasks=1 maxlen=877 global_makespan=1046
Agent 2 and 6 collide at location 521 at time 899
Warning: TestConstraints found future collision at timestep 854 (will be re-planned)
Agent 2 and 6 collide at location 521 at time 899
Warning: TestConstraints found future collision at end of timestep 854
  CostFlow: agents=1 tasks=1 maxlen=877 global_makespan=1046
Agent 2 and 6 collide at location 521 at time 899
Warning: TestConstraints found future collision at timestep 855 (will be re-planned)
Agent 2 and 6 collide at location 521 at time 899
Warning: TestConstraints found future collision at end of timestep 855
  CostFlow: agents=2 tasks=2 maxlen=877 global_makespan=1046
Agent 2 and 6 collide at location 521 at time 899
Warning: TestConstraints found future collision at timestep 856 (will be re-planned)
Agent 2 and 6 collide at location 521 at time 899
Warning: TestConstraints found future collision at end of timestep 856
  CostFlow: agents=2 tasks=2 maxlen=877 global_makespan=1046
Agent 2 and 6 collide at location 521 at time 899
Warning: TestConstraints found future collision at timestep 857 (will be re-planned)
Agent 2 and 6 collide at location 521 at time 899
Warning: TestConstraints found future collision at end of timestep 857
  CostFlow: agents=2 tasks=2 maxlen=877 global_makespan=1046
Agent 2 and 6 collide at location 521 at time 899
Warning: TestConstraints found future collision at timestep 858 (will be re-planned)
Agent 2 and 6 collide at location 521 at time 899
Warning: TestConstraints found future collision at end of timestep 858
  CostFlow: agents=1 tasks=1 maxlen=877 global_makespan=1046
Agent 2 and 6 collide at location 521 at time 899
Warning: TestConstraints found future collision at timestep 859 (will be re-planned)
Agent 2 and 6 collide at location 521 at time 899
Warning: TestConstraints found future collision at end of timestep 859
  CostFlow: agents=2 tasks=2 maxlen=877 global_makespan=1046
Agent 2 and 6 collide at location 521 at time 899
Warning: TestConstraints found future collision at timestep 860 (will be re-planned)
Agent 2 and 6 collide at location 521 at time 899
Warning: TestConstraints found future collision at end of timestep 860
  CostFlow: agents=2 tasks=2 maxlen=877 global_makespan=1046
Agent 2 and 6 collide at location 521 at time 899
Warning: TestConstraints found future collision at timestep 861 (will be re-planned)
Agent 2 and 6 collide at location 521 at time 899
Warning: TestConstraints found future collision at end of timestep 861
  CostFlow: agents=1 tasks=1 maxlen=877 global_makespan=1046
Agent 2 and 6 collide at location 521 at time 899
Warning: TestConstraints found future collision at timestep 862 (will be re-planned)
Agent 2 and 6 collide at location 521 at time 899
Warning: TestConstraints found future collision at end of timestep 862
  CostFlow: agents=2 tasks=2 maxlen=899 global_makespan=1046
Agent 2 and 6 collide at location 521 at time 899
Warning: TestConstraints found future collision at timestep 863 (will be re-planned)
Agent 2 and 6 collide at location 521 at time 899
Warning: TestConstraints found future collision at end of timestep 863
  CostFlow: agents=1 tasks=1 maxlen=877 global_makespan=1046
Agent 2 and 4 collide at edge 538-537 at time 883
Warning: TestConstraints found future collision at timestep 864 (will be re-planned)
Agent 2 and 4 collide at edge 538-537 at time 883
Warning: TestConstraints found future collision at end of timestep 864
  CostFlow: agents=2 tasks=2 maxlen=902 global_makespan=1046
Agent 2 and 6 collide at location 521 at time 899
Warning: TestConstraints found future collision at timestep 865 (will be re-planned)
Agent 2 and 6 collide at location 521 at time 899
Warning: TestConstraints found future collision at end of timestep 865
  CostFlow: agents=1 tasks=1 maxlen=902 global_makespan=1046
Agent 2 and 6 collide at location 521 at time 899
Warning: TestConstraints found future collision at timestep 866 (will be re-planned)
Agent 2 and 6 collide at location 521 at time 899
Warning: TestConstraints found future collision at end of timestep 866
  CostFlow: agents=0 tasks=0 maxlen=0 global_makespan=1046
Agent 2 and 6 collide at location 521 at time 899
Warning: TestConstraints found future collision at timestep 867 (will be re-planned)
Agent 2 and 6 collide at location 521 at time 899
Warning: TestConstraints found future collision at end of timestep 867
  CostFlow: agents=0 tasks=0 maxlen=0 global_makespan=1046
Agent 2 and 6 collide at location 521 at time 899
Warning: TestConstraints found future collision at timestep 868 (will be re-planned)
Agent 2 and 6 collide at location 521 at time 899
Warning: TestConstraints found future collision at end of timestep 868
  CostFlow: agents=0 tasks=0 maxlen=0 global_makespan=1046
Agent 2 and 6 collide at location 521 at time 899
Warning: TestConstraints found future collision at timestep 869 (will be re-planned)
Agent 2 and 6 collide at location 521 at time 899
Warning: TestConstraints found future collision at end of timestep 869
  CostFlow: agents=0 tasks=0 maxlen=0 global_makespan=1046
Agent 2 and 6 collide at location 521 at time 899
Warning: TestConstraints found future collision at timestep 870 (will be re-planned)
Agent 2 and 6 collide at location 521 at time 899
Warning: TestConstraints found future collision at end of timestep 870
  CostFlow: agents=0 tasks=0 maxlen=0 global_makespan=1046
Agent 2 and 6 collide at location 521 at time 899
Warning: TestConstraints found future collision at timestep 871 (will be re-planned)
Agent 2 and 6 collide at location 521 at time 899
Warning: TestConstraints found future collision at end of timestep 871
  CostFlow: agents=3 tasks=3 maxlen=910 global_makespan=1046
Agent 1 and 2 collide at location 693 at time 879
Warning: TestConstraints found future collision at timestep 872 (will be re-planned)
Agent 1 and 2 collide at location 693 at time 879
Warning: TestConstraints found future collision at end of timestep 872
  CostFlow: agents=2 tasks=2 maxlen=910 global_makespan=1046
Agent 1 and 2 collide at location 693 at time 879
Warning: TestConstraints found future collision at timestep 873 (will be re-planned)
Agent 1 and 2 collide at location 693 at time 879
Warning: TestConstraints found future collision at end of timestep 873
  CostFlow: agents=3 tasks=3 maxlen=921 global_makespan=1046
Agent 1 and 2 collide at location 693 at time 879
Warning: TestConstraints found future collision at timestep 874 (will be re-planned)
Agent 1 and 2 collide at location 693 at time 879
Warning: TestConstraints found future collision at end of timestep 874
  CostFlow: agents=3 tasks=3 maxlen=921 global_makespan=1046
Agent 1 and 2 collide at location 693 at time 879
Warning: TestConstraints found future collision at timestep 875 (will be re-planned)
Agent 1 and 2 collide at location 693 at time 879
Warning: TestConstraints found future collision at end of timestep 875
  CostFlow: agents=4 tasks=4 maxlen=921 global_makespan=1046
Agent 4 and 7 collide at location 551 at time 916
Warning: TestConstraints found future collision at timestep 876 (will be re-planned)
Agent 4 and 7 collide at location 551 at time 916
Warning: TestConstraints found future collision at end of timestep 876
  CostFlow: agents=3 tasks=3 maxlen=921 global_makespan=1046
Agent 4 and 7 collide at location 551 at time 916
Warning: TestConstraints found future collision at timestep 877 (will be re-planned)
Agent 4 and 7 collide at location 551 at time 916
Warning: TestConstraints found future collision at end of timestep 877
  CostFlow: agents=1 tasks=1 maxlen=897 global_makespan=1046
Agent 4 and 7 collide at location 551 at time 916
Warning: TestConstraints found future collision at timestep 878 (will be re-planned)
Agent 4 and 7 collide at location 551 at time 916
Warning: TestConstraints found future collision at end of timestep 878
  CostFlow: agents=0 tasks=0 maxlen=0 global_makespan=1046
Agent 2 and 7 collide at location 499 at time 893
Warning: TestConstraints found future collision at timestep 879 (will be re-planned)
Agent 2 and 7 collide at location 499 at time 893
Warning: TestConstraints found future collision at end of timestep 879
  CostFlow: agents=0 tasks=0 maxlen=0 global_makespan=1046
Agent 2 and 7 collide at location 499 at time 893
Warning: TestConstraints found future collision at timestep 880 (will be re-planned)
Agent 2 and 7 collide at location 499 at time 893
Warning: TestConstraints found future collision at end of timestep 880
  CostFlow: agents=0 tasks=0 maxlen=0 global_makespan=1046
Agent 2 and 8 collide at location 314 at time 898
Warning: TestConstraints found future collision at timestep 881 (will be re-planned)
Agent 2 and 8 collide at location 314 at time 898
Warning: TestConstraints found future collision at end of timestep 881
  CostFlow: agents=1 tasks=1 maxlen=918 global_makespan=1046
Agent 2 and 8 collide at location 314 at time 898
Warning: TestConstraints found future collision at timestep 882 (will be re-planned)
Agent 2 and 8 collide at location 314 at time 898
Warning: TestConstraints found future collision at end of timestep 882
  CostFlow: agents=0 tasks=0 maxlen=0 global_makespan=1046
Agent 2 and 8 collide at location 314 at time 898
Warning: TestConstraints found future collision at timestep 883 (will be re-planned)
Agent 2 and 8 collide at location 314 at time 898
Warning: TestConstraints found future collision at end of timestep 883
  CostFlow: agents=0 tasks=0 maxlen=0 global_makespan=1046
Agent 2 and 8 collide at location 314 at time 898
Warning: TestConstraints found future collision at timestep 884 (will be re-planned)
Agent 2 and 8 collide at location 314 at time 898
Warning: TestConstraints found future collision at end of timestep 884
  CostFlow: agents=1 tasks=1 maxlen=932 global_makespan=1046
Agent 2 and 8 collide at location 314 at time 898
Warning: TestConstraints found future collision at timestep 885 (will be re-planned)
Agent 2 and 8 collide at location 314 at time 898
Warning: TestConstraints found future collision at end of timestep 885
  CostFlow: agents=1 tasks=1 maxlen=932 global_makespan=1046
Agent 2 and 8 collide at location 314 at time 898
Warning: TestConstraints found future collision at timestep 886 (will be re-planned)
Agent 2 and 8 collide at location 314 at time 898
Warning: TestConstraints found future collision at end of timestep 886
  CostFlow: agents=1 tasks=1 maxlen=932 global_makespan=1046
Agent 2 and 8 collide at location 314 at time 898
Warning: TestConstraints found future collision at timestep 887 (will be re-planned)
Agent 2 and 8 collide at location 314 at time 898
Warning: TestConstraints found future collision at end of timestep 887
  CostFlow: agents=1 tasks=1 maxlen=932 global_makespan=1046
Agent 2 and 8 collide at location 314 at time 898
Warning: TestConstraints found future collision at timestep 888 (will be re-planned)
Agent 2 and 8 collide at location 314 at time 898
Warning: TestConstraints found future collision at end of timestep 888
  CostFlow: agents=0 tasks=0 maxlen=0 global_makespan=1046
Agent 2 and 6 collide at location 225 at time 946
Warning: TestConstraints found future collision at timestep 889 (will be re-planned)
Agent 2 and 6 collide at location 225 at time 946
Warning: TestConstraints found future collision at end of timestep 889
  CostFlow: agents=0 tasks=0 maxlen=0 global_makespan=1046
Agent 2 and 6 collide at location 225 at time 946
Warning: TestConstraints found future collision at timestep 890 (will be re-planned)
Agent 2 and 6 collide at location 225 at time 946
Warning: TestConstraints found future collision at end of timestep 890
  CostFlow: agents=0 tasks=0 maxlen=0 global_makespan=1046
Agent 2 and 6 collide at location 225 at time 946
Warning: TestConstraints found future collision at timestep 891 (will be re-planned)
Agent 2 and 6 collide at location 225 at time 946
Warning: TestConstraints found future collision at end of timestep 891
  CostFlow: agents=1 tasks=1 maxlen=923 global_makespan=1046
Agent 2 and 6 collide at location 225 at time 946
Warning: TestConstraints found future collision at timestep 892 (will be re-planned)
Agent 2 and 6 collide at location 225 at time 946
Warning: TestConstraints found future collision at end of timestep 892
  CostFlow: agents=1 tasks=1 maxlen=923 global_makespan=1046
Agent 2 and 6 collide at location 225 at time 946
Warning: TestConstraints found future collision at timestep 893 (will be re-planned)
Agent 2 and 6 collide at location 225 at time 946
Warning: TestConstraints found future collision at end of timestep 893
  CostFlow: agents=2 tasks=2 maxlen=923 global_makespan=1046
Agent 2 and 6 collide at location 225 at time 946
Warning: TestConstraints found future collision at timestep 894 (will be re-planned)
Agent 2 and 6 collide at location 225 at time 946
Warning: TestConstraints found future collision at end of timestep 894
  CostFlow: agents=2 tasks=2 maxlen=923 global_makespan=1046
Agent 2 and 6 collide at location 225 at time 946
Warning: TestConstraints found future collision at timestep 895 (will be re-planned)
Agent 2 and 6 collide at location 225 at time 946
Warning: TestConstraints found future collision at end of timestep 895
  CostFlow: agents=2 tasks=2 maxlen=923 global_makespan=1046
Agent 2 and 6 collide at location 225 at time 946
Warning: TestConstraints found future collision at timestep 896 (will be re-planned)
Agent 2 and 6 collide at location 225 at time 946
Warning: TestConstraints found future collision at end of timestep 896
  CostFlow: agents=2 tasks=2 maxlen=923 global_makespan=1046
Agent 2 and 6 collide at location 225 at time 946
Warning: TestConstraints found future collision at timestep 897 (will be re-planned)
Agent 2 and 6 collide at location 225 at time 946
Warning: TestConstraints found future collision at end of timestep 897
  CostFlow: agents=1 tasks=1 maxlen=915 global_makespan=1046
Agent 0 and 1 collide at location 216 at time 952
Warning: TestConstraints found future collision at timestep 898 (will be re-planned)
Agent 0 and 1 collide at location 216 at time 952
Warning: TestConstraints found future collision at end of timestep 898
  CostFlow: agents=2 tasks=2 maxlen=926 global_makespan=1046
Agent 2 and 6 collide at location 225 at time 946
Warning: TestConstraints found future collision at timestep 899 (will be re-planned)
Agent 2 and 6 collide at location 225 at time 946
Warning: TestConstraints found future collision at end of timestep 899
  CostFlow: agents=1 tasks=1 maxlen=915 global_makespan=1046
Agent 0 and 1 collide at location 216 at time 952
Warning: TestConstraints found future collision at timestep 900 (will be re-planned)
Agent 0 and 1 collide at location 216 at time 952
Warning: TestConstraints found future collision at end of timestep 900
  CostFlow: agents=0 tasks=0 maxlen=0 global_makespan=1046
Agent 0 and 1 collide at location 216 at time 952
Warning: TestConstraints found future collision at timestep 901 (will be re-planned)
Agent 0 and 1 collide at location 216 at time 952
Warning: TestConstraints found future collision at end of timestep 901
  CostFlow: agents=0 tasks=0 maxlen=0 global_makespan=1046
Agent 0 and 1 collide at location 216 at time 952
Warning: TestConstraints found future collision at timestep 902 (will be re-planned)
Agent 0 and 1 collide at location 216 at time 952
Warning: TestConstraints found future collision at end of timestep 902
  CostFlow: agents=1 tasks=1 maxlen=943 global_makespan=1046
Agent 0 and 1 collide at location 216 at time 952
Warning: TestConstraints found future collision at timestep 903 (will be re-planned)
Agent 0 and 1 collide at location 216 at time 952
Warning: TestConstraints found future collision at end of timestep 903
  CostFlow: agents=1 tasks=1 maxlen=943 global_makespan=1046
Agent 0 and 1 collide at location 216 at time 952
Warning: TestConstraints found future collision at timestep 904 (will be re-planned)
Agent 0 and 1 collide at location 216 at time 952
Warning: TestConstraints found future collision at end of timestep 904
  CostFlow: agents=1 tasks=1 maxlen=943 global_makespan=1046
Agent 0 and 1 collide at location 216 at time 952
Warning: TestConstraints found future collision at timestep 905 (will be re-planned)
Agent 0 and 1 collide at location 216 at time 952
Warning: TestConstraints found future collision at end of timestep 905
  CostFlow: agents=1 tasks=1 maxlen=943 global_makespan=1046
Agent 0 and 1 collide at location 216 at time 952
Warning: TestConstraints found future collision at timestep 906 (will be re-planned)
Agent 0 and 1 collide at location 216 at time 952
Warning: TestConstraints found future collision at end of timestep 906
  CostFlow: agents=1 tasks=1 maxlen=943 global_makespan=1046
Agent 0 and 1 collide at location 216 at time 952
Warning: TestConstraints found future collision at timestep 907 (will be re-planned)
Agent 0 and 1 collide at location 216 at time 952
Warning: TestConstraints found future collision at end of timestep 907
  CostFlow: agents=0 tasks=0 maxlen=0 global_makespan=1046
Agent 0 and 1 collide at location 216 at time 952
Warning: TestConstraints found future collision at timestep 908 (will be re-planned)
Agent 0 and 1 collide at location 216 at time 952
Warning: TestConstraints found future collision at end of timestep 908
  CostFlow: agents=0 tasks=0 maxlen=0 global_makespan=1046
Agent 0 and 1 collide at location 216 at time 952
Warning: TestConstraints found future collision at timestep 909 (will be re-planned)
Agent 0 and 1 collide at location 216 at time 952
Warning: TestConstraints found future collision at end of timestep 909
  CostFlow: agents=0 tasks=0 maxlen=0 global_makespan=1046
Agent 0 and 1 collide at location 216 at time 952
Warning: TestConstraints found future collision at timestep 910 (will be re-planned)
Agent 0 and 1 collide at location 216 at time 952
Warning: TestConstraints found future collision at end of timestep 910
  CostFlow: agents=1 tasks=1 maxlen=926 global_makespan=1046
Agent 0 and 1 collide at location 216 at time 952
Warning: TestConstraints found future collision at timestep 911 (will be re-planned)
Agent 0 and 1 collide at location 216 at time 952
Warning: TestConstraints found future collision at end of timestep 911
  CostFlow: agents=2 tasks=2 maxlen=942 global_makespan=1046
Agent 0 and 1 collide at location 216 at time 952
Warning: TestConstraints found future collision at timestep 912 (will be re-planned)
Agent 0 and 1 collide at location 216 at time 952
Warning: TestConstraints found future collision at end of timestep 912
  CostFlow: agents=2 tasks=2 maxlen=942 global_makespan=1046
Agent 0 and 1 collide at location 216 at time 952
Warning: TestConstraints found future collision at timestep 913 (will be re-planned)
Agent 0 and 1 collide at location 216 at time 952
Warning: TestConstraints found future collision at end of timestep 913
  CostFlow: agents=2 tasks=2 maxlen=942 global_makespan=1046
Agent 0 and 1 collide at location 216 at time 952
Warning: TestConstraints found future collision at timestep 914 (will be re-planned)
Agent 0 and 1 collide at location 216 at time 952
Warning: TestConstraints found future collision at end of timestep 914
  CostFlow: agents=2 tasks=2 maxlen=942 global_makespan=1046
Agent 0 and 1 collide at location 216 at time 952
Warning: TestConstraints found future collision at timestep 915 (will be re-planned)
Agent 0 and 1 collide at location 216 at time 952
Warning: TestConstraints found future collision at end of timestep 915
  CostFlow: agents=2 tasks=2 maxlen=942 global_makespan=1046
Agent 0 and 1 collide at location 216 at time 952
Warning: TestConstraints found future collision at timestep 916 (will be re-planned)
Agent 0 and 1 collide at location 216 at time 952
Warning: TestConstraints found future collision at end of timestep 916
  CostFlow: agents=1 tasks=1 maxlen=962 global_makespan=1046
Agent 0 and 1 collide at location 216 at time 952
Warning: TestConstraints found future collision at timestep 917 (will be re-planned)
Agent 0 and 1 collide at location 216 at time 952
Warning: TestConstraints found future collision at end of timestep 917
  CostFlow: agents=1 tasks=1 maxlen=962 global_makespan=1046
Agent 0 and 1 collide at location 216 at time 952
Warning: TestConstraints found future collision at timestep 918 (will be re-planned)
Agent 0 and 1 collide at location 216 at time 952
Warning: TestConstraints found future collision at end of timestep 918
  CostFlow: agents=1 tasks=1 maxlen=920 global_makespan=1046
Agent 0 and 1 collide at location 216 at time 952
Warning: TestConstraints found future collision at timestep 919 (will be re-planned)
Agent 0 and 1 collide at location 216 at time 952
Warning: TestConstraints found future collision at end of timestep 919
  CostFlow: agents=0 tasks=0 maxlen=0 global_makespan=1046
Agent 0 and 1 collide at location 216 at time 952
Warning: TestConstraints found future collision at timestep 920 (will be re-planned)
Agent 0 and 1 collide at location 216 at time 952
Warning: TestConstraints found future collision at end of timestep 920
  CostFlow: agents=0 tasks=0 maxlen=0 global_makespan=1046
Agent 0 and 1 collide at location 216 at time 952
Warning: TestConstraints found future collision at timestep 921 (will be re-planned)
Agent 0 and 1 collide at location 216 at time 952
Warning: TestConstraints found future collision at end of timestep 921
  CostFlow: agents=0 tasks=0 maxlen=0 global_makespan=1046
Agent 0 and 1 collide at location 216 at time 952
Warning: TestConstraints found future collision at timestep 922 (will be re-planned)
Agent 0 and 1 collide at location 216 at time 952
Warning: TestConstraints found future collision at end of timestep 922
  CostFlow: agents=1 tasks=1 maxlen=924 global_makespan=1046
Agent 0 and 1 collide at location 216 at time 952
Warning: TestConstraints found future collision at timestep 923 (will be re-planned)
Agent 0 and 1 collide at location 216 at time 952
Warning: TestConstraints found future collision at end of timestep 923
  CostFlow: agents=1 tasks=1 maxlen=925 global_makespan=1047
Agent 0 and 1 collide at location 216 at time 952
Warning: TestConstraints found future collision at timestep 924 (will be re-planned)
Agent 0 and 1 collide at location 216 at time 952
Warning: TestConstraints found future collision at end of timestep 924
  CostFlow: agents=0 tasks=0 maxlen=0 global_makespan=1047
Agent 0 and 1 collide at location 216 at time 952
Warning: TestConstraints found future collision at timestep 925 (will be re-planned)
Agent 0 and 1 collide at location 216 at time 952
Warning: TestConstraints found future collision at end of timestep 925
  CostFlow: agents=0 tasks=0 maxlen=0 global_makespan=1047
Agent 0 and 1 collide at location 216 at time 952
Warning: TestConstraints found future collision at timestep 926 (will be re-planned)
Agent 0 and 1 collide at location 216 at time 952
Warning: TestConstraints found future collision at end of timestep 926
  CostFlow: agents=1 tasks=1 maxlen=943 global_makespan=1047
Agent 2 and 6 collide at location 225 at time 952
Warning: TestConstraints found future collision at timestep 927 (will be re-planned)
Agent 2 and 6 collide at location 225 at time 952
Warning: TestConstraints found future collision at end of timestep 927
  CostFlow: agents=0 tasks=0 maxlen=0 global_makespan=1047
Agent 0 and 1 collide at location 216 at time 958
Warning: TestConstraints found future collision at timestep 928 (will be re-planned)
Agent 0 and 1 collide at location 216 at time 958
Warning: TestConstraints found future collision at end of timestep 928
  CostFlow: agents=0 tasks=0 maxlen=0 global_makespan=1047
Agent 0 and 1 collide at location 216 at time 958
Warning: TestConstraints found future collision at timestep 929 (will be re-planned)
Agent 0 and 1 collide at location 216 at time 958
Warning: TestConstraints found future collision at end of timestep 929
  CostFlow: agents=1 tasks=1 maxlen=944 global_makespan=1047
Agent 0 and 1 collide at location 216 at time 958
Warning: TestConstraints found future collision at timestep 930 (will be re-planned)
Agent 0 and 1 collide at location 216 at time 958
Warning: TestConstraints found future collision at end of timestep 930
  CostFlow: agents=1 tasks=1 maxlen=944 global_makespan=1047
Agent 0 and 1 collide at location 216 at time 958
Warning: TestConstraints found future collision at timestep 931 (will be re-planned)
Agent 0 and 1 collide at location 216 at time 958
Warning: TestConstraints found future collision at end of timestep 931
  CostFlow: agents=2 tasks=2 maxlen=977 global_makespan=1047
Agent 0 and 1 collide at location 216 at time 958
Warning: TestConstraints found future collision at timestep 932 (will be re-planned)
Agent 0 and 1 collide at location 216 at time 958
Warning: TestConstraints found future collision at end of timestep 932
  CostFlow: agents=0 tasks=0 maxlen=0 global_makespan=1047
Agent 0 and 1 collide at location 216 at time 958
Warning: TestConstraints found future collision at timestep 933 (will be re-planned)
Agent 0 and 1 collide at location 216 at time 958
Warning: TestConstraints found future collision at end of timestep 933
  CostFlow: agents=0 tasks=0 maxlen=0 global_makespan=1047
Agent 0 and 1 collide at location 216 at time 958
Warning: TestConstraints found future collision at timestep 934 (will be re-planned)
Agent 0 and 1 collide at location 216 at time 958
Warning: TestConstraints found future collision at end of timestep 934
  CostFlow: agents=1 tasks=1 maxlen=973 global_makespan=1047
Agent 0 and 1 collide at location 216 at time 958
Warning: TestConstraints found future collision at timestep 935 (will be re-planned)
Agent 0 and 1 collide at location 216 at time 958
Warning: TestConstraints found future collision at end of timestep 935
  CostFlow: agents=1 tasks=1 maxlen=973 global_makespan=1047
Agent 0 and 1 collide at location 216 at time 958
Warning: TestConstraints found future collision at timestep 936 (will be re-planned)
Agent 0 and 1 collide at location 216 at time 958
Warning: TestConstraints found future collision at end of timestep 936
  CostFlow: agents=0 tasks=0 maxlen=0 global_makespan=1047
Agent 0 and 1 collide at location 216 at time 958
Warning: TestConstraints found future collision at timestep 937 (will be re-planned)
Agent 0 and 1 collide at location 216 at time 958
Warning: TestConstraints found future collision at end of timestep 937
  CostFlow: agents=3 tasks=3 maxlen=970 global_makespan=1047
  CostFlow: agents=3 tasks=3 maxlen=970 global_makespan=1047
  CostFlow: agents=2 tasks=2 maxlen=970 global_makespan=1047
  CostFlow: agents=2 tasks=2 maxlen=970 global_makespan=1047
  CostFlow: agents=3 tasks=3 maxlen=970 global_makespan=1047
  CostFlow: agents=2 tasks=2 maxlen=970 global_makespan=1047
  CostFlow: agents=3 tasks=3 maxlen=967 global_makespan=1047
Agent 0 and 1 collide at location 216 at time 968
Warning: TestConstraints found future collision at timestep 944 (will be re-planned)
Agent 0 and 1 collide at location 216 at time 968
Warning: TestConstraints found future collision at end of timestep 944
  CostFlow: agents=3 tasks=3 maxlen=967 global_makespan=1047
Agent 0 and 1 collide at location 216 at time 968
Warning: TestConstraints found future collision at timestep 945 (will be re-planned)
Agent 0 and 1 collide at location 216 at time 968
Warning: TestConstraints found future collision at end of timestep 945
  CostFlow: agents=4 tasks=4 maxlen=967 global_makespan=1047
Agent 0 and 1 collide at location 216 at time 968
Warning: TestConstraints found future collision at timestep 946 (will be re-planned)
Agent 0 and 1 collide at location 216 at time 968
Warning: TestConstraints found future collision at end of timestep 946
  CostFlow: agents=5 tasks=5 maxlen=975 global_makespan=1047
  CostFlow: agents=3 tasks=3 maxlen=975 global_makespan=1047
Agent 3 and 4 collide at location 366 at time 983
Warning: TestConstraints found future collision at timestep 948 (will be re-planned)
Agent 3 and 4 collide at location 366 at time 983
Warning: TestConstraints found future collision at end of timestep 948
  CostFlow: agents=2 tasks=2 maxlen=967 global_makespan=1047
Agent 3 and 4 collide at location 366 at time 983
Warning: TestConstraints found future collision at timestep 949 (will be re-planned)
Agent 3 and 4 collide at location 366 at time 983
Warning: TestConstraints found future collision at end of timestep 949
  CostFlow: agents=2 tasks=2 maxlen=967 global_makespan=1047
Agent 3 and 4 collide at location 366 at time 983
Warning: TestConstraints found future collision at timestep 950 (will be re-planned)
Agent 3 and 4 collide at location 366 at time 983
Warning: TestConstraints found future collision at end of timestep 950
  CostFlow: agents=2 tasks=2 maxlen=967 global_makespan=1047
Agent 3 and 4 collide at location 366 at time 983
Warning: TestConstraints found future collision at timestep 951 (will be re-planned)
Agent 3 and 4 collide at location 366 at time 983
Warning: TestConstraints found future collision at end of timestep 951
  CostFlow: agents=1 tasks=1 maxlen=967 global_makespan=1047
Agent 0 and 1 collide at location 216 at time 1002
Warning: TestConstraints found future collision at timestep 952 (will be re-planned)
Agent 0 and 1 collide at location 216 at time 1002
Warning: TestConstraints found future collision at end of timestep 952
  CostFlow: agents=2 tasks=2 maxlen=982 global_makespan=1047
Agent 0 and 1 collide at location 216 at time 1002
Warning: TestConstraints found future collision at timestep 953 (will be re-planned)
Agent 0 and 1 collide at location 216 at time 1002
Warning: TestConstraints found future collision at end of timestep 953
  CostFlow: agents=2 tasks=2 maxlen=982 global_makespan=1047
Agent 0 and 1 collide at location 216 at time 1002
Warning: TestConstraints found future collision at timestep 954 (will be re-planned)
Agent 0 and 1 collide at location 216 at time 1002
Warning: TestConstraints found future collision at end of timestep 954
  CostFlow: agents=3 tasks=3 maxlen=983 global_makespan=1047
Agent 3 and 4 collide at location 366 at time 983
Warning: TestConstraints found future collision at timestep 955 (will be re-planned)
Agent 3 and 4 collide at location 366 at time 983
Warning: TestConstraints found future collision at end of timestep 955
  CostFlow: agents=1 tasks=1 maxlen=982 global_makespan=1047
Agent 3 and 4 collide at location 366 at time 983
Warning: TestConstraints found future collision at timestep 956 (will be re-planned)
Agent 3 and 4 collide at location 366 at time 983
Warning: TestConstraints found future collision at end of timestep 956
  CostFlow: agents=2 tasks=2 maxlen=982 global_makespan=1047
Agent 4 and 8 collide at location 366 at time 990
Warning: TestConstraints found future collision at timestep 957 (will be re-planned)
Agent 4 and 8 collide at location 366 at time 990
Warning: TestConstraints found future collision at end of timestep 957
  CostFlow: agents=2 tasks=2 maxlen=982 global_makespan=1047
Agent 4 and 8 collide at location 366 at time 990
Warning: TestConstraints found future collision at timestep 958 (will be re-planned)
Agent 4 and 8 collide at location 366 at time 990
Warning: TestConstraints found future collision at end of timestep 958
  CostFlow: agents=2 tasks=2 maxlen=982 global_makespan=1047
Agent 4 and 8 collide at location 366 at time 990
Warning: TestConstraints found future collision at timestep 959 (will be re-planned)
Agent 4 and 8 collide at location 366 at time 990
Warning: TestConstraints found future collision at end of timestep 959
  CostFlow: agents=2 tasks=2 maxlen=982 global_makespan=1047
Agent 4 and 8 collide at location 366 at time 990
Warning: TestConstraints found future collision at timestep 960 (will be re-planned)
Agent 4 and 8 collide at location 366 at time 990
Warning: TestConstraints found future collision at end of timestep 960
  CostFlow: agents=3 tasks=3 maxlen=996 global_makespan=1047
  CostFlow: agents=2 tasks=2 maxlen=982 global_makespan=1047
  CostFlow: agents=1 tasks=1 maxlen=978 global_makespan=1047
  CostFlow: agents=2 tasks=2 maxlen=978 global_makespan=1047
  CostFlow: agents=2 tasks=2 maxlen=978 global_makespan=1047
  CostFlow: agents=1 tasks=1 maxlen=978 global_makespan=1047
Agent 7 and 9 collide at edge 462-499 at time 982
Warning: TestConstraints found future collision at timestep 966 (will be re-planned)
Agent 7 and 9 collide at edge 462-499 at time 982
Warning: TestConstraints found future collision at end of timestep 966
  CostFlow: agents=1 tasks=1 maxlen=978 global_makespan=1047
Agent 7 and 9 collide at edge 462-499 at time 982
Warning: TestConstraints found future collision at timestep 967 (will be re-planned)
Agent 7 and 9 collide at edge 462-499 at time 982
Warning: TestConstraints found future collision at end of timestep 967
  CostFlow: agents=0 tasks=0 maxlen=0 global_makespan=1047
Agent 3 and 4 collide at location 366 at time 997
Warning: TestConstraints found future collision at timestep 968 (will be re-planned)
Agent 3 and 4 collide at location 366 at time 997
Warning: TestConstraints found future collision at end of timestep 968
  CostFlow: agents=0 tasks=0 maxlen=0 global_makespan=1047
Agent 3 and 4 collide at location 366 at time 997
Warning: TestConstraints found future collision at timestep 969 (will be re-planned)
Agent 3 and 4 collide at location 366 at time 997
Warning: TestConstraints found future collision at end of timestep 969
  CostFlow: agents=1 tasks=1 maxlen=984 global_makespan=1047
Agent 3 and 4 collide at location 366 at time 997
Warning: TestConstraints found future collision at timestep 970 (will be re-planned)
Agent 3 and 4 collide at location 366 at time 997
Warning: TestConstraints found future collision at end of timestep 970
  CostFlow: agents=0 tasks=0 maxlen=0 global_makespan=1047
Agent 0 and 1 collide at location 216 at time 1016
Warning: TestConstraints found future collision at timestep 971 (will be re-planned)
Agent 0 and 1 collide at location 216 at time 1016
Warning: TestConstraints found future collision at end of timestep 971
  CostFlow: agents=1 tasks=1 maxlen=1009 global_makespan=1047
Agent 0 and 1 collide at location 216 at time 1016
Warning: TestConstraints found future collision at timestep 972 (will be re-planned)
Agent 0 and 1 collide at location 216 at time 1016
Warning: TestConstraints found future collision at end of timestep 972
  CostFlow: agents=1 tasks=1 maxlen=1009 global_makespan=1047
Agent 0 and 1 collide at location 216 at time 1016
Warning: TestConstraints found future collision at timestep 973 (will be re-planned)
Agent 0 and 1 collide at location 216 at time 1016
Warning: TestConstraints found future collision at end of timestep 973
  CostFlow: agents=1 tasks=1 maxlen=1009 global_makespan=1047
Agent 0 and 1 collide at location 216 at time 1016
Warning: TestConstraints found future collision at timestep 974 (will be re-planned)
Agent 0 and 1 collide at location 216 at time 1016
Warning: TestConstraints found future collision at end of timestep 974
  CostFlow: agents=0 tasks=0 maxlen=0 global_makespan=1047
Agent 0 and 1 collide at location 216 at time 1016
Warning: TestConstraints found future collision at timestep 975 (will be re-planned)
Agent 0 and 1 collide at location 216 at time 1016
Warning: TestConstraints found future collision at end of timestep 975
  CostFlow: agents=0 tasks=0 maxlen=0 global_makespan=1047
Agent 0 and 1 collide at location 216 at time 1016
Warning: TestConstraints found future collision at timestep 976 (will be re-planned)
Agent 0 and 1 collide at location 216 at time 1016
Warning: TestConstraints found future collision at end of timestep 976
  CostFlow: agents=1 tasks=1 maxlen=990 global_makespan=1047
Agent 0 and 1 collide at location 216 at time 1016
Warning: TestConstraints found future collision at timestep 977 (will be re-planned)
Agent 0 and 1 collide at location 216 at time 1016
Warning: TestConstraints found future collision at end of timestep 977
  CostFlow: agents=1 tasks=1 maxlen=990 global_makespan=1047
Agent 0 and 1 collide at location 216 at time 1016
Warning: TestConstraints found future collision at timestep 978 (will be re-planned)
Agent 0 and 1 collide at location 216 at time 1016
Warning: TestConstraints found future collision at end of timestep 978
  CostFlow: agents=1 tasks=1 maxlen=990 global_makespan=1047
Agent 0 and 1 collide at location 216 at time 1016
Warning: TestConstraints found future collision at timestep 979 (will be re-planned)
Agent 0 and 1 collide at location 216 at time 1016
Warning: TestConstraints found future collision at end of timestep 979
  CostFlow: agents=1 tasks=1 maxlen=1010 global_makespan=1047
Agent 0 and 1 collide at location 216 at time 1016
Warning: TestConstraints found future collision at timestep 980 (will be re-planned)
Agent 0 and 1 collide at location 216 at time 1016
Warning: TestConstraints found future collision at end of timestep 980
  CostFlow: agents=2 tasks=2 maxlen=1010 global_makespan=1047
Agent 2 and 6 collide at location 521 at time 1009
Warning: TestConstraints found future collision at timestep 981 (will be re-planned)
Agent 2 and 6 collide at location 521 at time 1009
Warning: TestConstraints found future collision at end of timestep 981
  CostFlow: agents=1 tasks=1 maxlen=1010 global_makespan=1047
Agent 2 and 6 collide at location 521 at time 1009
Warning: TestConstraints found future collision at timestep 982 (will be re-planned)
Agent 2 and 6 collide at location 521 at time 1009
Warning: TestConstraints found future collision at end of timestep 982
  CostFlow: agents=0 tasks=0 maxlen=0 global_makespan=1047
Agent 2 and 6 collide at location 521 at time 1009
Warning: TestConstraints found future collision at timestep 983 (will be re-planned)
Agent 2 and 6 collide at location 521 at time 1009
Warning: TestConstraints found future collision at end of timestep 983
  CostFlow: agents=0 tasks=0 maxlen=0 global_makespan=1047
Agent 2 and 6 collide at location 521 at time 1009
Warning: TestConstraints found future collision at timestep 984 (will be re-planned)
Agent 2 and 6 collide at location 521 at time 1009
Warning: TestConstraints found future collision at end of timestep 984
  CostFlow: agents=2 tasks=2 maxlen=1033 global_makespan=1047
Agent 5 and 8 collide at location 663 at time 1029
Warning: TestConstraints found future collision at timestep 985 (will be re-planned)
Agent 5 and 8 collide at location 663 at time 1029
Warning: TestConstraints found future collision at end of timestep 985
  CostFlow: agents=1 tasks=1 maxlen=1033 global_makespan=1047
Agent 5 and 8 collide at location 663 at time 1029
Warning: TestConstraints found future collision at timestep 986 (will be re-planned)
Agent 5 and 8 collide at location 663 at time 1029
Warning: TestConstraints found future collision at end of timestep 986
  CostFlow: agents=2 tasks=2 maxlen=1033 global_makespan=1047
Agent 5 and 8 collide at location 663 at time 1029
Warning: TestConstraints found future collision at timestep 987 (will be re-planned)
Agent 5 and 8 collide at location 663 at time 1029
Warning: TestConstraints found future collision at end of timestep 987
  CostFlow: agents=2 tasks=2 maxlen=1033 global_makespan=1047
Agent 5 and 8 collide at location 663 at time 1029
Warning: TestConstraints found future collision at timestep 988 (will be re-planned)
Agent 5 and 8 collide at location 663 at time 1029
Warning: TestConstraints found future collision at end of timestep 988
  CostFlow: agents=2 tasks=2 maxlen=1031 global_makespan=1047
Agent 2 and 6 collide at location 521 at time 1019
Warning: TestConstraints found future collision at timestep 989 (will be re-planned)
Agent 2 and 6 collide at location 521 at time 1019
Warning: TestConstraints found future collision at end of timestep 989
  CostFlow: agents=3 tasks=3 maxlen=1031 global_makespan=1047
Agent 2 and 6 collide at location 521 at time 1019
Warning: TestConstraints found future collision at timestep 990 (will be re-planned)
Agent 2 and 6 collide at location 521 at time 1019
Warning: TestConstraints found future collision at end of timestep 990
  CostFlow: agents=4 tasks=4 maxlen=1031 global_makespan=1047
Agent 2 and 6 collide at location 521 at time 1019
Warning: TestConstraints found future collision at timestep 991 (will be re-planned)
Agent 2 and 6 collide at location 521 at time 1019
Warning: TestConstraints found future collision at end of timestep 991
  CostFlow: agents=1 tasks=1 maxlen=1031 global_makespan=1047
Agent 2 and 6 collide at location 521 at time 1019
Warning: TestConstraints found future collision at timestep 992 (will be re-planned)
Agent 2 and 6 collide at location 521 at time 1019
Warning: TestConstraints found future collision at end of timestep 992
  CostFlow: agents=1 tasks=1 maxlen=1031 global_makespan=1047
Agent 2 and 6 collide at location 521 at time 1019
Warning: TestConstraints found future collision at timestep 993 (will be re-planned)
Agent 2 and 6 collide at location 521 at time 1019
Warning: TestConstraints found future collision at end of timestep 993
  CostFlow: agents=1 tasks=1 maxlen=1031 global_makespan=1047
Agent 2 and 6 collide at location 521 at time 1019
Warning: TestConstraints found future collision at timestep 994 (will be re-planned)
Agent 2 and 6 collide at location 521 at time 1019
Warning: TestConstraints found future collision at end of timestep 994
  CostFlow: agents=3 tasks=3 maxlen=1031 global_makespan=1047
Agent 2 and 6 collide at location 521 at time 1019
Warning: TestConstraints found future collision at timestep 995 (will be re-planned)
Agent 2 and 6 collide at location 521 at time 1019
Warning: TestConstraints found future collision at end of timestep 995
  CostFlow: agents=2 tasks=2 maxlen=1031 global_makespan=1047
Agent 2 and 6 collide at location 521 at time 1019
Warning: TestConstraints found future collision at timestep 996 (will be re-planned)
Agent 2 and 6 collide at location 521 at time 1019
Warning: TestConstraints found future collision at end of timestep 996
  CostFlow: agents=0 tasks=0 maxlen=0 global_makespan=1047
Agent 2 and 6 collide at location 521 at time 1019
Warning: TestConstraints found future collision at timestep 997 (will be re-planned)
Agent 2 and 6 collide at location 521 at time 1019
Warning: TestConstraints found future collision at end of timestep 997
  CostFlow: agents=0 tasks=0 maxlen=0 global_makespan=1047
Agent 2 and 6 collide at location 521 at time 1019
Warning: TestConstraints found future collision at timestep 998 (will be re-planned)
Agent 2 and 6 collide at location 521 at time 1019
Warning: TestConstraints found future collision at end of timestep 998
  CostFlow: agents=1 tasks=1 maxlen=1000 global_makespan=1047
Agent 2 and 6 collide at location 521 at time 1019
Warning: TestConstraints found future collision at timestep 999 (will be re-planned)
Agent 2 and 6 collide at location 521 at time 1019
Warning: TestConstraints found future collision at end of timestep 999
  CostFlow: agents=2 tasks=2 maxlen=1005 global_makespan=1049
Agent 2 and 6 collide at location 521 at time 1019
Warning: TestConstraints found future collision at timestep 1000 (will be re-planned)
Agent 2 and 6 collide at location 521 at time 1019
Warning: TestConstraints found future collision at end of timestep 1000
  CostFlow: agents=2 tasks=2 maxlen=1005 global_makespan=1049
Agent 2 and 3 collide at location 225 at time 1032
Warning: TestConstraints found future collision at timestep 1001 (will be re-planned)
Agent 2 and 3 collide at location 225 at time 1032
Warning: TestConstraints found future collision at end of timestep 1001
  CostFlow: agents=0 tasks=0 maxlen=0 global_makespan=1049
Agent 2 and 3 collide at location 225 at time 1032
Warning: TestConstraints found future collision at timestep 1002 (will be re-planned)
Agent 2 and 3 collide at location 225 at time 1032
Warning: TestConstraints found future collision at end of timestep 1002
  CostFlow: agents=0 tasks=0 maxlen=0 global_makespan=1049
Agent 2 and 3 collide at location 225 at time 1032
Warning: TestConstraints found future collision at timestep 1003 (will be re-planned)
Agent 2 and 3 collide at location 225 at time 1032
Warning: TestConstraints found future collision at end of timestep 1003
  CostFlow: agents=1 tasks=1 maxlen=1009 global_makespan=1028
Agent 2 and 3 collide at location 225 at time 1032
Warning: TestConstraints found future collision at timestep 1004 (will be re-planned)
Agent 2 and 3 collide at location 225 at time 1032
Warning: TestConstraints found future collision at end of timestep 1004
  CostFlow: agents=1 tasks=1 maxlen=1009 global_makespan=1028
Agent 2 and 3 collide at location 225 at time 1032
Warning: TestConstraints found future collision at timestep 1005 (will be re-planned)
Agent 2 and 3 collide at location 225 at time 1032
Warning: TestConstraints found future collision at end of timestep 1005
  CostFlow: agents=0 tasks=0 maxlen=0 global_makespan=1028
Agent 2 and 3 collide at location 225 at time 1032
Warning: TestConstraints found future collision at timestep 1006 (will be re-planned)
Agent 2 and 3 collide at location 225 at time 1032
Warning: TestConstraints found future collision at end of timestep 1006
  CostFlow: agents=0 tasks=0 maxlen=0 global_makespan=1028
Agent 2 and 3 collide at location 225 at time 1032
Warning: TestConstraints found future collision at timestep 1007 (will be re-planned)
Agent 2 and 3 collide at location 225 at time 1032
Warning: TestConstraints found future collision at end of timestep 1007
  CostFlow: agents=0 tasks=0 maxlen=0 global_makespan=1028
Agent 2 and 3 collide at location 225 at time 1032
Warning: TestConstraints found future collision at timestep 1008 (will be re-planned)
Agent 2 and 3 collide at location 225 at time 1032
Warning: TestConstraints found future collision at end of timestep 1008
  CostFlow: agents=0 tasks=0 maxlen=0 global_makespan=1028
Agent 2 and 3 collide at location 225 at time 1032
Warning: TestConstraints found future collision at timestep 1009 (will be re-planned)
Agent 2 and 3 collide at location 225 at time 1032
Warning: TestConstraints found future collision at end of timestep 1009
  CostFlow: agents=0 tasks=0 maxlen=0 global_makespan=1028
Agent 2 and 3 collide at location 225 at time 1032
Warning: TestConstraints found future collision at timestep 1010 (will be re-planned)
Agent 2 and 3 collide at location 225 at time 1032
Warning: TestConstraints found future collision at end of timestep 1010
  CostFlow: agents=0 tasks=0 maxlen=0 global_makespan=1028
Agent 2 and 3 collide at location 225 at time 1032
Warning: TestConstraints found future collision at timestep 1011 (will be re-planned)
Agent 2 and 3 collide at location 225 at time 1032
Warning: TestConstraints found future collision at end of timestep 1011
  CostFlow: agents=1 tasks=1 maxlen=1012 global_makespan=1028
Agent 2 and 3 collide at location 225 at time 1032
Warning: TestConstraints found future collision at timestep 1012 (will be re-planned)
Agent 2 and 3 collide at location 225 at time 1032
Warning: TestConstraints found future collision at end of timestep 1012
  CostFlow: agents=1 tasks=1 maxlen=1018 global_makespan=1036
Agent 0 and 1 collide at location 216 at time 1055
Warning: TestConstraints found future collision at timestep 1013 (will be re-planned)
Agent 0 and 1 collide at location 216 at time 1055
Warning: TestConstraints found future collision at end of timestep 1013
  CostFlow: agents=2 tasks=2 maxlen=1015 global_makespan=1033
Agent 0 and 1 collide at location 216 at time 1055
Warning: TestConstraints found future collision at timestep 1014 (will be re-planned)
Agent 0 and 1 collide at location 216 at time 1055
Warning: TestConstraints found future collision at end of timestep 1014
  CostFlow: agents=2 tasks=2 maxlen=1019 global_makespan=1037
Agent 0 and 1 collide at location 216 at time 1055
Warning: TestConstraints found future collision at timestep 1015 (will be re-planned)
Agent 0 and 1 collide at location 216 at time 1055
Warning: TestConstraints found future collision at end of timestep 1015
  CostFlow: agents=2 tasks=2 maxlen=1019 global_makespan=1037
Agent 0 and 1 collide at location 216 at time 1055
Warning: TestConstraints found future collision at timestep 1016 (will be re-planned)
Agent 0 and 1 collide at location 216 at time 1055
Warning: TestConstraints found future collision at end of timestep 1016
  CostFlow: agents=2 tasks=2 maxlen=1019 global_makespan=1037
Agent 0 and 1 collide at location 216 at time 1055
Warning: TestConstraints found future collision at timestep 1017 (will be re-planned)
Agent 0 and 1 collide at location 216 at time 1055
Warning: TestConstraints found future collision at end of timestep 1017
  CostFlow: agents=0 tasks=0 maxlen=0 global_makespan=1037
Agent 0 and 1 collide at location 216 at time 1055
Warning: TestConstraints found future collision at timestep 1018 (will be re-planned)
Agent 0 and 1 collide at location 216 at time 1055
Warning: TestConstraints found future collision at end of timestep 1018
  CostFlow: agents=0 tasks=0 maxlen=0 global_makespan=1037
Agent 0 and 1 collide at location 216 at time 1055
Warning: TestConstraints found future collision at timestep 1019 (will be re-planned)
Agent 0 and 1 collide at location 216 at time 1055
Warning: TestConstraints found future collision at end of timestep 1019
  CostFlow: agents=0 tasks=0 maxlen=0 global_makespan=1037
Agent 0 and 1 collide at location 216 at time 1055
Warning: TestConstraints found future collision at timestep 1020 (will be re-planned)
Agent 0 and 1 collide at location 216 at time 1055
Warning: TestConstraints found future collision at end of timestep 1020
  CostFlow: agents=0 tasks=0 maxlen=0 global_makespan=1037
Agent 0 and 1 collide at location 216 at time 1055
Warning: TestConstraints found future collision at timestep 1021 (will be re-planned)
Agent 0 and 1 collide at location 216 at time 1055
Warning: TestConstraints found future collision at end of timestep 1021
ACTUAL COLLISION: agents 5 and 9 at loc 238 at timestep 1022
  CostFlow: agents=0 tasks=0 maxlen=0 global_makespan=1037
Agent 0 and 1 collide at location 216 at time 1055
Warning: TestConstraints found future collision at timestep 1022 (will be re-planned)
Agent 0 and 1 collide at location 216 at time 1055
Warning: TestConstraints found future collision at end of timestep 1022
  CostFlow: agents=0 tasks=0 maxlen=0 global_makespan=1037
Agent 0 and 1 collide at location 216 at time 1055
Warning: TestConstraints found future collision at timestep 1023 (will be re-planned)
Agent 0 and 1 collide at location 216 at time 1055
Warning: TestConstraints found future collision at end of timestep 1023
  CostFlow: agents=0 tasks=0 maxlen=0 global_makespan=1037
Agent 0 and 1 collide at location 216 at time 1055
Warning: TestConstraints found future collision at timestep 1024 (will be re-planned)
Agent 0 and 1 collide at location 216 at time 1055
Warning: TestConstraints found future collision at end of timestep 1024
  CostFlow: agents=0 tasks=0 maxlen=0 global_makespan=1037
Agent 0 and 1 collide at location 216 at time 1055
Warning: TestConstraints found future collision at timestep 1025 (will be re-planned)
Agent 0 and 1 collide at location 216 at time 1055
Warning: TestConstraints found future collision at end of timestep 1025
  CostFlow: agents=0 tasks=0 maxlen=0 global_makespan=1037
Agent 0 and 1 collide at location 216 at time 1055
Warning: TestConstraints found future collision at timestep 1026 (will be re-planned)
Agent 0 and 1 collide at location 216 at time 1055
Warning: TestConstraints found future collision at end of timestep 1026
  CostFlow: agents=0 tasks=0 maxlen=0 global_makespan=1037
Agent 0 and 1 collide at location 216 at time 1055
Warning: TestConstraints found future collision at timestep 1027 (will be re-planned)
Agent 0 and 1 collide at location 216 at time 1055
Warning: TestConstraints found future collision at end of timestep 1027
  CostFlow: agents=0 tasks=0 maxlen=0 global_makespan=1037
Agent 0 and 1 collide at location 216 at time 1055
Warning: TestConstraints found future collision at timestep 1028 (will be re-planned)
Agent 0 and 1 collide at location 216 at time 1055
Warning: TestConstraints found future collision at end of timestep 1028
  CostFlow: agents=0 tasks=0 maxlen=0 global_makespan=1037
Agent 0 and 1 collide at location 216 at time 1055
Warning: TestConstraints found future collision at timestep 1029 (will be re-planned)
Agent 0 and 1 collide at location 216 at time 1055
Warning: TestConstraints found future collision at end of timestep 1029
  CostFlow: agents=0 tasks=0 maxlen=0 global_makespan=1037
Agent 0 and 1 collide at location 216 at time 1055
Warning: TestConstraints found future collision at timestep 1030 (will be re-planned)
Agent 0 and 1 collide at location 216 at time 1055
Warning: TestConstraints found future collision at end of timestep 1030
  CostFlow: agents=0 tasks=0 maxlen=0 global_makespan=1037
Agent 0 and 1 collide at location 216 at time 1055
Warning: TestConstraints found future collision at timestep 1031 (will be re-planned)
Agent 0 and 1 collide at location 216 at time 1055
Warning: TestConstraints found future collision at end of timestep 1031
  CostFlow: agents=0 tasks=0 maxlen=0 global_makespan=1037
Agent 0 and 1 collide at location 216 at time 1055
Warning: TestConstraints found future collision at timestep 1032 (will be re-planned)
Agent 0 and 1 collide at location 216 at time 1055
Warning: TestConstraints found future collision at end of timestep 1032
  CostFlow: agents=0 tasks=0 maxlen=0 global_makespan=1037
Agent 0 and 1 collide at location 216 at time 1055
Warning: TestConstraints found future collision at timestep 1033 (will be re-planned)
Agent 0 and 1 collide at location 216 at time 1055
Warning: TestConstraints found future collision at end of timestep 1033
  CostFlow: agents=0 tasks=0 maxlen=0 global_makespan=1037
Agent 0 and 1 collide at location 216 at time 1055
Warning: TestConstraints found future collision at timestep 1034 (will be re-planned)
Agent 0 and 1 collide at location 216 at time 1055
Warning: TestConstraints found future collision at end of timestep 1034
  CostFlow: agents=0 tasks=0 maxlen=0 global_makespan=1037
Agent 0 and 1 collide at location 216 at time 1055
Warning: TestConstraints found future collision at timestep 1035 (will be re-planned)
Agent 0 and 1 collide at location 216 at time 1055
Warning: TestConstraints found future collision at end of timestep 1035
  CostFlow: agents=0 tasks=0 maxlen=0 global_makespan=1037
Agent 0 and 1 collide at location 216 at time 1055
Warning: TestConstraints found future collision at timestep 1036 (will be re-planned)
Agent 0 and 1 collide at location 216 at time 1055
Warning: TestConstraints found future collision at end of timestep 1036
ACTUAL COLLISION: agents 2 and 6 at loc 521 at timestep 1037
  CostFlow: agents=0 tasks=0 maxlen=0 global_makespan=1037
Agent 0 and 1 collide at location 216 at time 1055
Warning: TestConstraints found future collision at timestep 1037 (will be re-planned)
Agent 0 and 1 collide at location 216 at time 1055
Warning: TestConstraints found future collision at end of timestep 1037
