  Agent 0 seq_id=0 first_task_release=0 tasks=44
  Agent 4 seq_id=1 first_task_release=0 tasks=54
  Agent 8 seq_id=2 first_task_release=0 tasks=49
  Agent 3 seq_id=3 first_task_release=0 tasks=49
  Agent 1 seq_id=4 first_task_release=0 tasks=53
  Agent 2 seq_id=5 first_task_release=0 tasks=50
  Agent 5 seq_id=6 first_task_release=0 tasks=46
  Agent 7 seq_id=7 first_task_release=0 tasks=51
  Agent 6 seq_id=8 first_task_release=0 tasks=52
  Agent 9 seq_id=9 first_task_release=0 tasks=52
  CostFlow: agents=9 tasks=9 maxlen=19 global_makespan=1015
  CostFlow: agents=1 tasks=1 maxlen=1 global_makespan=1016
  CostFlow: agents=5 tasks=5 maxlen=20 global_makespan=1016
  CostFlow: agents=2 tasks=2 maxlen=6 global_makespan=1016
Agent 0 and 1 collide at location 216 at time 43
Warning: TestConstraints found future collision at timestep 2 (will be re-planned)
Agent 0 and 1 collide at location 216 at time 43
Warning: TestConstraints found future collision at end of timestep 2
  CostFlow: agents=1 tasks=1 maxlen=6 global_makespan=1016
Agent 0 and 1 collide at location 216 at time 43
Warning: TestConstraints found future collision at timestep 3 (will be re-planned)
Agent 0 and 1 collide at location 216 at time 43
Warning: TestConstraints found future collision at end of timestep 3
  CostFlow: agents=1 tasks=1 maxlen=6 global_makespan=1016
Agent 0 and 1 collide at location 216 at time 43
Warning: TestConstraints found future collision at timestep 4 (will be re-planned)
Agent 0 and 1 collide at location 216 at time 43
Warning: TestConstraints found future collision at end of timestep 4
  CostFlow: agents=0 tasks=0 maxlen=0 global_makespan=1016
Agent 0 and 1 collide at location 216 at time 43
Warning: TestConstraints found future collision at timestep 5 (will be re-planned)
Agent 0 and 1 collide at location 216 at time 43
Warning: TestConstraints found future collision at end of timestep 5
  CostFlow: agents=0 tasks=0 maxlen=0 global_makespan=1016
Agent 0 and 1 collide at location 216 at time 43
Warning: TestConstraints found future collision at timestep 6 (will be re-planned)
Agent 0 and 1 collide at location 216 at time 43
Warning: TestConstraints found future collision at end of timestep 6
  CostFlow: agents=0 tasks=0 maxlen=0 global_makespan=1016
Agent 0 and 1 collide at location 216 at time 43
Warning: TestConstraints found future collision at timestep 7 (will be re-planned)
Agent 0 and 1 collide at location 216 at time 43
Warning: TestConstraints found future collision at end of timestep 7
  CostFlow: agents=0 tasks=0 maxlen=0 global_makespan=1016
Agent 0 and 1 collide at location 216 at time 43
Warning: TestConstraints found future collision at timestep 8 (will be re-planned)
Agent 0 and 1 collide at location 216 at time 43
Warning: TestConstraints found future collision at end of timestep 8
  CostFlow: agents=0 tasks=0 maxlen=0 global_makespan=1016
Agent 0 and 1 collide at location 216 at time 43
Warning: TestConstraints found future collision at timestep 9 (will be re-planned)
Agent 0 and 1 collide at location 216 at time 43
Warning: TestConstraints found future collision at end of timestep 9
  CostFlow: agents=0 tasks=0 maxlen=0 global_makespan=1016
Agent 0 and 1 collide at location 216 at time 43
Warning: TestConstraints found future collision at timestep 10 (will be re-planned)
Agent 0 and 1 collide at location 216 at time 43
Warning: TestConstraints found future collision at end of timestep 10
  CostFlow: agents=0 tasks=0 maxlen=0 global_makespan=1016
Agent 0 and 1 collide at location 216 at time 43
Warning: TestConstraints found future collision at timestep 11 (will be re-planned)
Agent 0 and 1 collide at location 216 at time 43
Warning: TestConstraints found future collision at end of timestep 11
  CostFlow: agents=0 tasks=0 maxlen=0 global_makespan=1016
Agent 0 and 1 collide at location 216 at time 43
Warning: TestConstraints found future collision at timestep 12 (will be re-planned)
Agent 0 and 1 collide at location 216 at time 43
Warning: TestConstraints found future collision at end of timestep 12
  CostFlow: agents=0 tasks=0 maxlen=0 global_makespan=1016
Agent 0 and 1 collide at location 216 at time 43
Warning: TestConstraints found future collision at timestep 13 (will be re-planned)
Agent 0 and 1 collide at location 216 at time 43
Warning: TestConstraints found future collision at end of timestep 13
  CostFlow: agents=0 tasks=0 maxlen=0 global_makespan=1016
Agent 0 and 1 collide at location 216 at time 43
Warning: TestConstraints found future collision at timestep 14 (will be re-planned)
Agent 0 and 1 collide at location 216 at time 43
Warning: TestConstraints found future collision at end of timestep 14
  CostFlow: agents=0 tasks=0 maxlen=0 global_makespan=1016
Agent 0 and 1 collide at location 216 at time 43
Warning: TestConstraints found future collision at timestep 15 (will be re-planned)
Agent 0 and 1 collide at location 216 at time 43
Warning: TestConstraints found future collision at end of timestep 15
  CostFlow: agents=1 tasks=1 maxlen=18 global_makespan=1016
Agent 0 and 1 collide at location 216 at time 43
Warning: TestConstraints found future collision at timestep 16 (will be re-planned)
Agent 0 and 1 collide at location 216 at time 43
Warning: TestConstraints found future collision at end of timestep 16
  CostFlow: agents=0 tasks=0 maxlen=0 global_makespan=1016
Agent 0 and 1 collide at location 216 at time 43
Warning: TestConstraints found future collision at timestep 17 (will be re-planned)
Agent 0 and 1 collide at location 216 at time 43
Warning: TestConstraints found future collision at end of timestep 17
  CostFlow: agents=0 tasks=0 maxlen=0 global_makespan=1016
Agent 0 and 1 collide at location 216 at time 43
Warning: TestConstraints found future collision at timestep 18 (will be re-planned)
Agent 0 and 1 collide at location 216 at time 43
Warning: TestConstraints found future collision at end of timestep 18
  CostFlow: agents=1 tasks=1 maxlen=24 global_makespan=1016
Agent 2 and 6 collide at location 81 at time 24
Warning: TestConstraints found future collision at timestep 19 (will be re-planned)
Agent 2 and 6 collide at location 81 at time 24
Warning: TestConstraints found future collision at end of timestep 19
  CostFlow: agents=0 tasks=0 maxlen=0 global_makespan=1016
Agent 2 and 6 collide at location 225 at time 62
Warning: TestConstraints found future collision at timestep 20 (will be re-planned)
Agent 2 and 6 collide at location 225 at time 62
Warning: TestConstraints found future collision at end of timestep 20
  CostFlow: agents=0 tasks=0 maxlen=0 global_makespan=1016
Agent 2 and 6 collide at location 225 at time 62
Warning: TestConstraints found future collision at timestep 21 (will be re-planned)
Agent 2 and 6 collide at location 225 at time 62
Warning: TestConstraints found future collision at end of timestep 21
  CostFlow: agents=0 tasks=0 maxlen=0 global_makespan=1016
Agent 2 and 6 collide at location 225 at time 62
Warning: TestConstraints found future collision at timestep 22 (will be re-planned)
Agent 2 and 6 collide at location 225 at time 62
Warning: TestConstraints found future collision at end of timestep 22
  CostFlow: agents=1 tasks=1 maxlen=30 global_makespan=1016
Agent 2 and 6 collide at location 225 at time 62
Warning: TestConstraints found future collision at timestep 23 (will be re-planned)
Agent 2 and 6 collide at location 225 at time 62
Warning: TestConstraints found future collision at end of timestep 23
  CostFlow: agents=1 tasks=1 maxlen=30 global_makespan=1016
Agent 2 and 6 collide at location 225 at time 62
Warning: TestConstraints found future collision at timestep 24 (will be re-planned)
Agent 2 and 6 collide at location 225 at time 62
Warning: TestConstraints found future collision at end of timestep 24
  CostFlow: agents=0 tasks=0 maxlen=0 global_makespan=1016
Agent 2 and 6 collide at location 225 at time 62
Warning: TestConstraints found future collision at timestep 25 (will be re-planned)
Agent 2 and 6 collide at location 225 at time 62
Warning: TestConstraints found future collision at end of timestep 25
  CostFlow: agents=0 tasks=0 maxlen=0 global_makespan=1016
Agent 2 and 6 collide at location 225 at time 62
Warning: TestConstraints found future collision at timestep 26 (will be re-planned)
Agent 2 and 6 collide at location 225 at time 62
Warning: TestConstraints found future collision at end of timestep 26
  CostFlow: agents=0 tasks=0 maxlen=0 global_makespan=1016
Agent 2 and 6 collide at location 225 at time 62
Warning: TestConstraints found future collision at timestep 27 (will be re-planned)
Agent 2 and 6 collide at location 225 at time 62
Warning: TestConstraints found future collision at end of timestep 27
  CostFlow: agents=0 tasks=0 maxlen=0 global_makespan=1016
Agent 2 and 6 collide at location 225 at time 62
Warning: TestConstraints found future collision at timestep 28 (will be re-planned)
Agent 2 and 6 collide at location 225 at time 62
Warning: TestConstraints found future collision at end of timestep 28
  CostFlow: agents=0 tasks=0 maxlen=0 global_makespan=1016
Agent 2 and 6 collide at location 225 at time 62
Warning: TestConstraints found future collision at timestep 29 (will be re-planned)
Agent 2 and 6 collide at location 225 at time 62
Warning: TestConstraints found future collision at end of timestep 29
  CostFlow: agents=0 tasks=0 maxlen=0 global_makespan=1016
Agent 2 and 6 collide at location 225 at time 62
Warning: TestConstraints found future collision at timestep 30 (will be re-planned)
Agent 2 and 6 collide at location 225 at time 62
Warning: TestConstraints found future collision at end of timestep 30
  CostFlow: agents=0 tasks=0 maxlen=0 global_makespan=1016
Agent 2 and 6 collide at location 225 at time 62
Warning: TestConstraints found future collision at timestep 31 (will be re-planned)
Agent 2 and 6 collide at location 225 at time 62
Warning: TestConstraints found future collision at end of timestep 31
  CostFlow: agents=0 tasks=0 maxlen=0 global_makespan=1016
Agent 2 and 6 collide at location 225 at time 62
Warning: TestConstraints found future collision at timestep 32 (will be re-planned)
Agent 2 and 6 collide at location 225 at time 62
Warning: TestConstraints found future collision at end of timestep 32
  CostFlow: agents=0 tasks=0 maxlen=0 global_makespan=1016
Agent 2 and 6 collide at location 225 at time 62
Warning: TestConstraints found future collision at timestep 33 (will be re-planned)
Agent 2 and 6 collide at location 225 at time 62
Warning: TestConstraints found future collision at end of timestep 33
  CostFlow: agents=3 tasks=3 maxlen=30 global_makespan=1016
  CostFlow: giving up after 21 iterations (flow=0/3)
Agent 2 and 6 collide at location 225 at time 62
Warning: TestConstraints found future collision at timestep 34 (will be re-planned)
Agent 2 and 6 collide at location 225 at time 62
Warning: TestConstraints found future collision at end of timestep 34
  CostFlow: agents=3 tasks=3 maxlen=30 global_makespan=1037
  CostFlow: giving up after 21 iterations (flow=0/3)
Agent 2 and 6 collide at location 225 at time 62
Warning: TestConstraints found future collision at timestep 35 (will be re-planned)
Agent 2 and 6 collide at location 225 at time 62
Warning: TestConstraints found future collision at end of timestep 35
  CostFlow: agents=3 tasks=3 maxlen=30 global_makespan=1058
  CostFlow: giving up after 21 iterations (flow=0/3)
Agent 2 and 6 collide at location 225 at time 62
Warning: TestConstraints found future collision at timestep 36 (will be re-planned)
Agent 2 and 6 collide at location 225 at time 62
Warning: TestConstraints found future collision at end of timestep 36
  CostFlow: agents=3 tasks=3 maxlen=30 global_makespan=1079
  CostFlow: giving up after 21 iterations (flow=0/3)
Agent 2 and 6 collide at location 225 at time 62
Warning: TestConstraints found future collision at timestep 37 (will be re-planned)
Agent 2 and 6 collide at location 225 at time 62
Warning: TestConstraints found future collision at end of timestep 37
  CostFlow: agents=3 tasks=3 maxlen=30 global_makespan=1100
  CostFlow: giving up after 21 iterations (flow=0/3)
Agent 2 and 6 collide at location 225 at time 62
Warning: TestConstraints found future collision at timestep 38 (will be re-planned)
Agent 2 and 6 collide at location 225 at time 62
Warning: TestConstraints found future collision at end of timestep 38
  CostFlow: agents=4 tasks=4 maxlen=30 global_makespan=1121
  CostFlow: giving up after 21 iterations (flow=0/4)
  CostFlow: agents=5 tasks=5 maxlen=30 global_makespan=1142
  CostFlow: giving up after 21 iterations (flow=0/5)
  CostFlow: agents=4 tasks=4 maxlen=30 global_makespan=1163
  CostFlow: giving up after 21 iterations (flow=0/4)
Agent 0 and 7 collide at location 549 at time 62
Warning: TestConstraints found future collision at timestep 41 (will be re-planned)
Agent 0 and 7 collide at location 549 at time 62
Warning: TestConstraints found future collision at end of timestep 41
  CostFlow: agents=4 tasks=4 maxlen=30 global_makespan=1184
  CostFlow: giving up after 21 iterations (flow=0/4)
Agent 0 and 7 collide at location 549 at time 62
Warning: TestConstraints found future collision at timestep 42 (will be re-planned)
Agent 0 and 7 collide at location 549 at time 62
Warning: TestConstraints found future collision at end of timestep 42
  CostFlow: agents=5 tasks=5 maxlen=30 global_makespan=1205
  CostFlow: giving up after 21 iterations (flow=0/5)
  CostFlow: agents=5 tasks=5 maxlen=30 global_makespan=1226
  CostFlow: giving up after 21 iterations (flow=0/5)
  CostFlow: agents=1 tasks=1 maxlen=30 global_makespan=1247
  CostFlow: giving up after 21 iterations (flow=0/1)
  CostFlow: agents=5 tasks=5 maxlen=30 global_makespan=1268
  CostFlow: giving up after 21 iterations (flow=0/5)
  CostFlow: agents=1 tasks=1 maxlen=30 global_makespan=1289
  CostFlow: giving up after 21 iterations (flow=0/1)
  CostFlow: agents=5 tasks=5 maxlen=30 global_makespan=1310
  CostFlow: giving up after 21 iterations (flow=0/5)
  CostFlow: agents=1 tasks=1 maxlen=30 global_makespan=1331
  CostFlow: giving up after 21 iterations (flow=0/1)
  CostFlow: agents=5 tasks=5 maxlen=30 global_makespan=1352
  CostFlow: giving up after 21 iterations (flow=0/5)
  CostFlow: agents=1 tasks=1 maxlen=30 global_makespan=1373
  CostFlow: giving up after 21 iterations (flow=0/1)
  CostFlow: agents=5 tasks=5 maxlen=30 global_makespan=1394
  CostFlow: giving up after 21 iterations (flow=0/5)
  CostFlow: agents=1 tasks=1 maxlen=30 global_makespan=1415
  CostFlow: giving up after 21 iterations (flow=0/1)
  CostFlow: agents=5 tasks=5 maxlen=30 global_makespan=1436
  CostFlow: giving up after 21 iterations (flow=0/5)
  CostFlow: agents=1 tasks=1 maxlen=30 global_makespan=1457
  CostFlow: giving up after 21 iterations (flow=0/1)
  CostFlow: agents=5 tasks=5 maxlen=30 global_makespan=1478
  CostFlow: giving up after 21 iterations (flow=0/5)
  CostFlow: agents=1 tasks=1 maxlen=30 global_makespan=1499
  CostFlow: giving up after 21 iterations (flow=0/1)
  CostFlow: agents=5 tasks=5 maxlen=30 global_makespan=1520
  CostFlow: giving up after 21 iterations (flow=0/5)
  CostFlow: agents=1 tasks=1 maxlen=30 global_makespan=1541
  CostFlow: giving up after 21 iterations (flow=0/1)
  CostFlow: agents=5 tasks=5 maxlen=30 global_makespan=1562
  CostFlow: giving up after 21 iterations (flow=0/5)
Agent 2 and 3 collide at location 461 at time 74
Warning: TestConstraints found future collision at timestep 52 (will be re-planned)
  CostFlow: agents=1 tasks=1 maxlen=30 global_makespan=1583
  CostFlow: giving up after 21 iterations (flow=0/1)
Agent 2 and 3 collide at location 461 at time 74
Warning: TestConstraints found future collision at timestep 52 (will be re-planned)
Agent 2 and 3 collide at location 461 at time 74
Warning: TestConstraints found future collision at end of timestep 52
  CostFlow: agents=5 tasks=5 maxlen=30 global_makespan=1604
  CostFlow: giving up after 21 iterations (flow=0/5)
Agent 2 and 3 collide at location 461 at time 74
Warning: TestConstraints found future collision at timestep 53 (will be re-planned)
  CostFlow: agents=1 tasks=1 maxlen=30 global_makespan=1625
  CostFlow: giving up after 21 iterations (flow=0/1)
Agent 2 and 3 collide at location 461 at time 74
Warning: TestConstraints found future collision at timestep 53 (will be re-planned)
Agent 2 and 3 collide at location 461 at time 74
Warning: TestConstraints found future collision at end of timestep 53
  CostFlow: agents=5 tasks=5 maxlen=30 global_makespan=1646
  CostFlow: giving up after 21 iterations (flow=0/5)
Agent 2 and 3 collide at location 461 at time 74
Warning: TestConstraints found future collision at timestep 54 (will be re-planned)
  CostFlow: agents=1 tasks=1 maxlen=30 global_makespan=1667
  CostFlow: giving up after 21 iterations (flow=0/1)
Agent 2 and 3 collide at location 461 at time 74
Warning: TestConstraints found future collision at timestep 54 (will be re-planned)
Agent 2 and 3 collide at location 461 at time 74
Warning: TestConstraints found future collision at end of timestep 54
  CostFlow: agents=5 tasks=5 maxlen=30 global_makespan=1688
  CostFlow: giving up after 21 iterations (flow=0/5)
Agent 2 and 3 collide at location 461 at time 74
Warning: TestConstraints found future collision at timestep 55 (will be re-planned)
  CostFlow: agents=1 tasks=1 maxlen=30 global_makespan=1709
  CostFlow: giving up after 21 iterations (flow=0/1)
Agent 2 and 3 collide at location 461 at time 74
Warning: TestConstraints found future collision at timestep 55 (will be re-planned)
Agent 2 and 3 collide at location 461 at time 74
Warning: TestConstraints found future collision at end of timestep 55
  CostFlow: agents=5 tasks=5 maxlen=30 global_makespan=1730
  CostFlow: giving up after 21 iterations (flow=0/5)
Agent 2 and 3 collide at location 461 at time 74
Warning: TestConstraints found future collision at timestep 56 (will be re-planned)
  CostFlow: agents=1 tasks=1 maxlen=30 global_makespan=1751
  CostFlow: giving up after 21 iterations (flow=0/1)
Agent 2 and 3 collide at location 461 at time 74
Warning: TestConstraints found future collision at timestep 56 (will be re-planned)
Agent 2 and 3 collide at location 461 at time 74
Warning: TestConstraints found future collision at end of timestep 56
  CostFlow: agents=5 tasks=5 maxlen=30 global_makespan=1772
  CostFlow: giving up after 21 iterations (flow=0/5)
Agent 2 and 3 collide at location 461 at time 74
Warning: TestConstraints found future collision at timestep 57 (will be re-planned)
  CostFlow: agents=1 tasks=1 maxlen=30 global_makespan=1793
  CostFlow: giving up after 21 iterations (flow=0/1)
Agent 2 and 3 collide at location 461 at time 74
Warning: TestConstraints found future collision at timestep 57 (will be re-planned)
Agent 2 and 3 collide at location 461 at time 74
Warning: TestConstraints found future collision at end of timestep 57
  CostFlow: agents=5 tasks=5 maxlen=30 global_makespan=1814
  CostFlow: giving up after 21 iterations (flow=0/5)
Agent 2 and 3 collide at location 461 at time 74
Warning: TestConstraints found future collision at timestep 58 (will be re-planned)
  CostFlow: agents=1 tasks=1 maxlen=30 global_makespan=1835
  CostFlow: giving up after 21 iterations (flow=0/1)
Agent 2 and 3 collide at location 461 at time 74
Warning: TestConstraints found future collision at timestep 58 (will be re-planned)
Agent 2 and 3 collide at location 461 at time 74
Warning: TestConstraints found future collision at end of timestep 58
  CostFlow: agents=5 tasks=5 maxlen=30 global_makespan=1856
  CostFlow: giving up after 21 iterations (flow=0/5)
Agent 2 and 3 collide at location 461 at time 74
Warning: TestConstraints found future collision at timestep 59 (will be re-planned)
  CostFlow: agents=1 tasks=1 maxlen=30 global_makespan=1877
  CostFlow: giving up after 21 iterations (flow=0/1)
Agent 2 and 3 collide at location 461 at time 74
Warning: TestConstraints found future collision at timestep 59 (will be re-planned)
Agent 2 and 3 collide at location 461 at time 74
Warning: TestConstraints found future collision at end of timestep 59
  CostFlow: agents=5 tasks=5 maxlen=30 global_makespan=1898
  CostFlow: giving up after 21 iterations (flow=0/5)
Agent 2 and 3 collide at location 461 at time 74
Warning: TestConstraints found future collision at timestep 60 (will be re-planned)
  CostFlow: agents=1 tasks=1 maxlen=30 global_makespan=1919
  CostFlow: giving up after 21 iterations (flow=0/1)
Agent 2 and 3 collide at location 461 at time 74
Warning: TestConstraints found future collision at timestep 60 (will be re-planned)
Agent 2 and 3 collide at location 461 at time 74
Warning: TestConstraints found future collision at end of timestep 60
  CostFlow: agents=5 tasks=5 maxlen=30 global_makespan=1940
  CostFlow: giving up after 21 iterations (flow=0/5)
  CostFlow: agents=1 tasks=1 maxlen=30 global_makespan=1961
  CostFlow: giving up after 21 iterations (flow=0/1)
  CostFlow: agents=5 tasks=5 maxlen=30 global_makespan=1982
  CostFlow: giving up after 21 iterations (flow=0/5)
  CostFlow: agents=1 tasks=1 maxlen=30 global_makespan=2003
  CostFlow: giving up after 21 iterations (flow=0/1)
  CostFlow: agents=5 tasks=5 maxlen=30 global_makespan=2024
  CostFlow: giving up after 21 iterations (flow=0/5)
  CostFlow: agents=1 tasks=1 maxlen=30 global_makespan=2045
  CostFlow: giving up after 21 iterations (flow=0/1)
  CostFlow: agents=5 tasks=5 maxlen=30 global_makespan=2066
  CostFlow: giving up after 21 iterations (flow=0/5)
  CostFlow: agents=1 tasks=1 maxlen=30 global_makespan=2087
  CostFlow: giving up after 21 iterations (flow=0/1)
  CostFlow: agents=5 tasks=5 maxlen=30 global_makespan=2108
  CostFlow: giving up after 21 iterations (flow=0/5)
  CostFlow: agents=1 tasks=1 maxlen=30 global_makespan=2129
  CostFlow: giving up after 21 iterations (flow=0/1)
  CostFlow: agents=6 tasks=6 maxlen=30 global_makespan=2150
  CostFlow: giving up after 21 iterations (flow=0/6)
  CostFlow: agents=1 tasks=1 maxlen=30 global_makespan=2171
  CostFlow: giving up after 21 iterations (flow=0/1)
  CostFlow: agents=6 tasks=6 maxlen=30 global_makespan=2192
  CostFlow: giving up after 21 iterations (flow=0/6)
  CostFlow: agents=1 tasks=1 maxlen=30 global_makespan=2213
  CostFlow: giving up after 21 iterations (flow=0/1)
  CostFlow: agents=6 tasks=6 maxlen=30 global_makespan=2234
  CostFlow: giving up after 21 iterations (flow=0/6)
  CostFlow: agents=1 tasks=1 maxlen=30 global_makespan=2255
  CostFlow: giving up after 21 iterations (flow=0/1)
  CostFlow: agents=6 tasks=6 maxlen=30 global_makespan=2276
  CostFlow: giving up after 21 iterations (flow=0/6)
  CostFlow: agents=1 tasks=1 maxlen=30 global_makespan=2297
  CostFlow: giving up after 21 iterations (flow=0/1)
  CostFlow: agents=6 tasks=6 maxlen=30 global_makespan=2318
  CostFlow: giving up after 21 iterations (flow=0/6)
  CostFlow: agents=1 tasks=1 maxlen=30 global_makespan=2339
  CostFlow: giving up after 21 iterations (flow=0/1)
  CostFlow: agents=7 tasks=7 maxlen=30 global_makespan=2360
  CostFlow: giving up after 21 iterations (flow=0/7)
  CostFlow: agents=1 tasks=1 maxlen=30 global_makespan=2381
  CostFlow: giving up after 21 iterations (flow=0/1)
  CostFlow: agents=7 tasks=7 maxlen=30 global_makespan=2402
  CostFlow: giving up after 21 iterations (flow=0/7)
  CostFlow: agents=1 tasks=1 maxlen=30 global_makespan=2423
  CostFlow: giving up after 21 iterations (flow=0/1)
  CostFlow: agents=7 tasks=7 maxlen=30 global_makespan=2444
  CostFlow: giving up after 21 iterations (flow=0/7)
  CostFlow: agents=1 tasks=1 maxlen=30 global_makespan=2465
  CostFlow: giving up after 21 iterations (flow=0/1)
  CostFlow: agents=7 tasks=7 maxlen=30 global_makespan=2486
  CostFlow: giving up after 21 iterations (flow=0/7)
  CostFlow: agents=1 tasks=1 maxlen=30 global_makespan=2507
  CostFlow: giving up after 21 iterations (flow=0/1)
  CostFlow: agents=7 tasks=7 maxlen=30 global_makespan=2528
  CostFlow: giving up after 21 iterations (flow=0/7)
  CostFlow: agents=1 tasks=1 maxlen=30 global_makespan=2549
  CostFlow: giving up after 21 iterations (flow=0/1)
  CostFlow: agents=7 tasks=7 maxlen=30 global_makespan=2570
  CostFlow: giving up after 21 iterations (flow=0/7)
  CostFlow: agents=1 tasks=1 maxlen=30 global_makespan=2591
  CostFlow: giving up after 21 iterations (flow=0/1)
  CostFlow: agents=7 tasks=7 maxlen=30 global_makespan=2612
  CostFlow: giving up after 21 iterations (flow=0/7)
  CostFlow: agents=1 tasks=1 maxlen=30 global_makespan=2633
  CostFlow: giving up after 21 iterations (flow=0/1)
  CostFlow: agents=7 tasks=7 maxlen=30 global_makespan=2654
  CostFlow: giving up after 21 iterations (flow=0/7)
  CostFlow: agents=1 tasks=1 maxlen=30 global_makespan=2675
  CostFlow: giving up after 21 iterations (flow=0/1)
  CostFlow: agents=7 tasks=7 maxlen=30 global_makespan=2696
  CostFlow: giving up after 21 iterations (flow=0/7)
  CostFlow: agents=1 tasks=1 maxlen=30 global_makespan=2717
  CostFlow: giving up after 21 iterations (flow=0/1)
  CostFlow: agents=7 tasks=7 maxlen=30 global_makespan=2738
  CostFlow: giving up after 21 iterations (flow=0/7)
  CostFlow: agents=1 tasks=1 maxlen=30 global_makespan=2759
  CostFlow: giving up after 21 iterations (flow=0/1)
  CostFlow: agents=7 tasks=7 maxlen=30 global_makespan=2780
  CostFlow: giving up after 21 iterations (flow=0/7)
  CostFlow: agents=1 tasks=1 maxlen=30 global_makespan=2801
  CostFlow: giving up after 21 iterations (flow=0/1)
  CostFlow: agents=7 tasks=7 maxlen=30 global_makespan=2822
  CostFlow: giving up after 21 iterations (flow=0/7)
  CostFlow: agents=1 tasks=1 maxlen=30 global_makespan=2843
  CostFlow: giving up after 21 iterations (flow=0/1)
  CostFlow: agents=7 tasks=7 maxlen=30 global_makespan=2864
  CostFlow: giving up after 21 iterations (flow=0/7)
  CostFlow: agents=1 tasks=1 maxlen=30 global_makespan=2885
  CostFlow: giving up after 21 iterations (flow=0/1)
  CostFlow: agents=7 tasks=7 maxlen=30 global_makespan=2906
  CostFlow: giving up after 21 iterations (flow=0/7)
  CostFlow: agents=1 tasks=1 maxlen=30 global_makespan=2927
  CostFlow: giving up after 21 iterations (flow=0/1)
  CostFlow: agents=7 tasks=7 maxlen=30 global_makespan=2948
  CostFlow: giving up after 21 iterations (flow=0/7)
  CostFlow: agents=1 tasks=1 maxlen=30 global_makespan=2969
  CostFlow: giving up after 21 iterations (flow=0/1)
  CostFlow: agents=7 tasks=7 maxlen=30 global_makespan=2990
  CostFlow: giving up after 21 iterations (flow=0/7)
  CostFlow: agents=1 tasks=1 maxlen=30 global_makespan=3011
  CostFlow: giving up after 21 iterations (flow=0/1)
  CostFlow: agents=7 tasks=7 maxlen=30 global_makespan=3032
  CostFlow: giving up after 21 iterations (flow=0/7)
  CostFlow: agents=1 tasks=1 maxlen=30 global_makespan=3053
  CostFlow: giving up after 21 iterations (flow=0/1)
  CostFlow: agents=7 tasks=7 maxlen=30 global_makespan=3074
  CostFlow: giving up after 21 iterations (flow=0/7)
  CostFlow: agents=1 tasks=1 maxlen=30 global_makespan=3095
  CostFlow: giving up after 21 iterations (flow=0/1)
  CostFlow: agents=7 tasks=7 maxlen=30 global_makespan=3116
  CostFlow: giving up after 21 iterations (flow=0/7)
  CostFlow: agents=1 tasks=1 maxlen=30 global_makespan=3137
  CostFlow: giving up after 21 iterations (flow=0/1)
  CostFlow: agents=7 tasks=7 maxlen=30 global_makespan=3158
  CostFlow: giving up after 21 iterations (flow=0/7)
  CostFlow: agents=1 tasks=1 maxlen=30 global_makespan=3179
  CostFlow: giving up after 21 iterations (flow=0/1)
  CostFlow: agents=7 tasks=7 maxlen=30 global_makespan=3200
  CostFlow: giving up after 21 iterations (flow=0/7)
  CostFlow: agents=1 tasks=1 maxlen=30 global_makespan=3221
  CostFlow: giving up after 21 iterations (flow=0/1)
  CostFlow: agents=7 tasks=7 maxlen=30 global_makespan=3242
  CostFlow: giving up after 21 iterations (flow=0/7)
  CostFlow: agents=1 tasks=1 maxlen=30 global_makespan=3263
  CostFlow: giving up after 21 iterations (flow=0/1)
  CostFlow: agents=7 tasks=7 maxlen=30 global_makespan=3284
  CostFlow: giving up after 21 iterations (flow=0/7)
  CostFlow: agents=1 tasks=1 maxlen=30 global_makespan=3305
  CostFlow: giving up after 21 iterations (flow=0/1)
  CostFlow: agents=7 tasks=7 maxlen=30 global_makespan=3326
  CostFlow: giving up after 21 iterations (flow=0/7)
  CostFlow: agents=1 tasks=1 maxlen=30 global_makespan=3347
  CostFlow: giving up after 21 iterations (flow=0/1)
  CostFlow: agents=7 tasks=7 maxlen=30 global_makespan=3368
  CostFlow: giving up after 21 iterations (flow=0/7)
  CostFlow: agents=1 tasks=1 maxlen=30 global_makespan=3389
  CostFlow: giving up after 21 iterations (flow=0/1)
  CostFlow: agents=7 tasks=7 maxlen=30 global_makespan=3410
  CostFlow: giving up after 21 iterations (flow=0/7)
  CostFlow: agents=1 tasks=1 maxlen=30 global_makespan=3431
  CostFlow: giving up after 21 iterations (flow=0/1)
  CostFlow: agents=7 tasks=7 maxlen=30 global_makespan=3452
  CostFlow: giving up after 21 iterations (flow=0/7)
  CostFlow: agents=1 tasks=1 maxlen=30 global_makespan=3473
  CostFlow: giving up after 21 iterations (flow=0/1)
  CostFlow: agents=7 tasks=7 maxlen=30 global_makespan=3494
  CostFlow: giving up after 21 iterations (flow=0/7)
  CostFlow: agents=1 tasks=1 maxlen=30 global_makespan=3515
  CostFlow: giving up after 21 iterations (flow=0/1)
  CostFlow: agents=7 tasks=7 maxlen=30 global_makespan=3536
  CostFlow: giving up after 21 iterations (flow=0/7)
  CostFlow: agents=1 tasks=1 maxlen=30 global_makespan=3557
  CostFlow: giving up after 21 iterations (flow=0/1)
  CostFlow: agents=8 tasks=8 maxlen=30 global_makespan=3578
  CostFlow: giving up after 21 iterations (flow=0/8)
  CostFlow: agents=1 tasks=1 maxlen=30 global_makespan=3599
  CostFlow: giving up after 21 iterations (flow=0/1)
  CostFlow: agents=8 tasks=8 maxlen=30 global_makespan=3620
  CostFlow: giving up after 21 iterations (flow=0/8)
  CostFlow: agents=1 tasks=1 maxlen=30 global_makespan=3641
  CostFlow: giving up after 21 iterations (flow=0/1)
  CostFlow: agents=8 tasks=8 maxlen=30 global_makespan=3662
  CostFlow: giving up after 21 iterations (flow=0/8)
  CostFlow: agents=1 tasks=1 maxlen=30 global_makespan=3683
  CostFlow: giving up after 21 iterations (flow=0/1)
  CostFlow: agents=8 tasks=8 maxlen=30 global_makespan=3704
  CostFlow: giving up after 21 iterations (flow=0/8)
  CostFlow: agents=1 tasks=1 maxlen=30 global_makespan=3725
  CostFlow: giving up after 21 iterations (flow=0/1)
  CostFlow: agents=8 tasks=8 maxlen=30 global_makespan=3746
  CostFlow: giving up after 21 iterations (flow=0/8)
  CostFlow: agents=1 tasks=1 maxlen=30 global_makespan=3767
  CostFlow: giving up after 21 iterations (flow=0/1)
  CostFlow: agents=8 tasks=8 maxlen=30 global_makespan=3788
  CostFlow: giving up after 21 iterations (flow=0/8)
  CostFlow: agents=1 tasks=1 maxlen=30 global_makespan=3809
  CostFlow: giving up after 21 iterations (flow=0/1)
  CostFlow: agents=8 tasks=8 maxlen=30 global_makespan=3830
  CostFlow: giving up after 21 iterations (flow=0/8)
  CostFlow: agents=1 tasks=1 maxlen=30 global_makespan=3851
  CostFlow: giving up after 21 iterations (flow=0/1)
  CostFlow: agents=8 tasks=8 maxlen=30 global_makespan=3872
  CostFlow: giving up after 21 iterations (flow=0/8)
  CostFlow: agents=1 tasks=1 maxlen=30 global_makespan=3893
  CostFlow: giving up after 21 iterations (flow=0/1)
  CostFlow: agents=8 tasks=8 maxlen=30 global_makespan=3914
  CostFlow: giving up after 21 iterations (flow=0/8)
  CostFlow: agents=1 tasks=1 maxlen=30 global_makespan=3935
  CostFlow: giving up after 21 iterations (flow=0/1)
  CostFlow: agents=8 tasks=8 maxlen=30 global_makespan=3956
  CostFlow: giving up after 21 iterations (flow=0/8)
  CostFlow: agents=1 tasks=1 maxlen=30 global_makespan=3977
  CostFlow: giving up after 21 iterations (flow=0/1)
  CostFlow: agents=8 tasks=8 maxlen=30 global_makespan=3998
  CostFlow: giving up after 21 iterations (flow=0/8)
  CostFlow: agents=1 tasks=1 maxlen=30 global_makespan=4019
  CostFlow: giving up after 21 iterations (flow=0/1)
  CostFlow: agents=8 tasks=8 maxlen=30 global_makespan=4040
  CostFlow: giving up after 21 iterations (flow=0/8)
  CostFlow: agents=1 tasks=1 maxlen=30 global_makespan=4061
  CostFlow: giving up after 21 iterations (flow=0/1)
  CostFlow: agents=8 tasks=8 maxlen=30 global_makespan=4082
  CostFlow: giving up after 21 iterations (flow=0/8)
  CostFlow: agents=1 tasks=1 maxlen=30 global_makespan=4103
  CostFlow: giving up after 21 iterations (flow=0/1)
  CostFlow: agents=8 tasks=8 maxlen=30 global_makespan=4124
  CostFlow: giving up after 21 iterations (flow=0/8)
  CostFlow: agents=1 tasks=1 maxlen=30 global_makespan=4145
  CostFlow: giving up after 21 iterations (flow=0/1)
  CostFlow: agents=8 tasks=8 maxlen=30 global_makespan=4166
  CostFlow: giving up after 21 iterations (flow=0/8)
  CostFlow: agents=1 tasks=1 maxlen=30 global_makespan=4187
  CostFlow: giving up after 21 iterations (flow=0/1)
  CostFlow: agents=9 tasks=9 maxlen=30 global_makespan=4208
  CostFlow: giving up after 21 iterations (flow=0/9)
  CostFlow: agents=1 tasks=1 maxlen=30 global_makespan=4229
  CostFlow: giving up after 21 iterations (flow=0/1)
  CostFlow: agents=9 tasks=9 maxlen=30 global_makespan=4250
  CostFlow: giving up after 21 iterations (flow=0/9)
  CostFlow: agents=1 tasks=1 maxlen=30 global_makespan=4271
  CostFlow: giving up after 21 iterations (flow=0/1)
  CostFlow: agents=9 tasks=9 maxlen=30 global_makespan=4292
  CostFlow: giving up after 21 iterations (flow=0/9)
  CostFlow: agents=1 tasks=1 maxlen=30 global_makespan=4313
  CostFlow: giving up after 21 iterations (flow=0/1)
  CostFlow: agents=9 tasks=9 maxlen=30 global_makespan=4334
  CostFlow: giving up after 21 iterations (flow=0/9)
  CostFlow: agents=1 tasks=1 maxlen=30 global_makespan=4355
  CostFlow: giving up after 21 iterations (flow=0/1)
  CostFlow: agents=9 tasks=9 maxlen=30 global_makespan=4376
  CostFlow: giving up after 21 iterations (flow=0/9)
  CostFlow: agents=1 tasks=1 maxlen=30 global_makespan=4397
  CostFlow: giving up after 21 iterations (flow=0/1)
  CostFlow: agents=9 tasks=9 maxlen=30 global_makespan=4418
  CostFlow: giving up after 21 iterations (flow=0/9)
  CostFlow: agents=1 tasks=1 maxlen=30 global_makespan=4439
  CostFlow: giving up after 21 iterations (flow=0/1)
  CostFlow: agents=9 tasks=9 maxlen=30 global_makespan=4460
  CostFlow: giving up after 21 iterations (flow=0/9)
  CostFlow: agents=1 tasks=1 maxlen=30 global_makespan=4481
  CostFlow: giving up after 21 iterations (flow=0/1)
  CostFlow: agents=9 tasks=9 maxlen=30 global_makespan=4502
  CostFlow: giving up after 21 iterations (flow=0/9)
  CostFlow: agents=1 tasks=1 maxlen=30 global_makespan=4523
  CostFlow: giving up after 21 iterations (flow=0/1)
  CostFlow: agents=9 tasks=9 maxlen=30 global_makespan=4544
  CostFlow: giving up after 21 iterations (flow=0/9)
  CostFlow: agents=1 tasks=1 maxlen=30 global_makespan=4565
  CostFlow: giving up after 21 iterations (flow=0/1)
  CostFlow: agents=9 tasks=9 maxlen=30 global_makespan=4586
  CostFlow: giving up after 21 iterations (flow=0/9)
  CostFlow: agents=1 tasks=1 maxlen=30 global_makespan=4607
  CostFlow: giving up after 21 iterations (flow=0/1)
  CostFlow: agents=9 tasks=9 maxlen=30 global_makespan=4628
  CostFlow: giving up after 21 iterations (flow=0/9)
  CostFlow: agents=1 tasks=1 maxlen=30 global_makespan=4649
  CostFlow: giving up after 21 iterations (flow=0/1)
  CostFlow: agents=9 tasks=9 maxlen=30 global_makespan=4670
  CostFlow: giving up after 21 iterations (flow=0/9)
  CostFlow: agents=1 tasks=1 maxlen=30 global_makespan=4691
  CostFlow: giving up after 21 iterations (flow=0/1)
  CostFlow: agents=9 tasks=9 maxlen=30 global_makespan=4712
  CostFlow: giving up after 21 iterations (flow=0/9)
  CostFlow: agents=1 tasks=1 maxlen=30 global_makespan=4733
  CostFlow: giving up after 21 iterations (flow=0/1)
  CostFlow: agents=9 tasks=9 maxlen=30 global_makespan=4754
  CostFlow: giving up after 21 iterations (flow=0/9)
  CostFlow: agents=1 tasks=1 maxlen=30 global_makespan=4775
  CostFlow: giving up after 21 iterations (flow=0/1)
  CostFlow: agents=9 tasks=9 maxlen=30 global_makespan=4796
  CostFlow: giving up after 21 iterations (flow=0/9)
  CostFlow: agents=1 tasks=1 maxlen=30 global_makespan=4817
  CostFlow: giving up after 21 iterations (flow=0/1)
  CostFlow: agents=9 tasks=9 maxlen=30 global_makespan=4838
  CostFlow: giving up after 21 iterations (flow=0/9)
  CostFlow: agents=1 tasks=1 maxlen=30 global_makespan=4859
  CostFlow: giving up after 21 iterations (flow=0/1)
  CostFlow: agents=9 tasks=9 maxlen=30 global_makespan=4880
  CostFlow: giving up after 21 iterations (flow=0/9)
  CostFlow: agents=1 tasks=1 maxlen=30 global_makespan=4901
  CostFlow: giving up after 21 iterations (flow=0/1)
  CostFlow: agents=9 tasks=9 maxlen=30 global_makespan=4922
  CostFlow: giving up after 21 iterations (flow=0/9)
  CostFlow: agents=1 tasks=1 maxlen=30 global_makespan=4943
  CostFlow: giving up after 21 iterations (flow=0/1)
  CostFlow: agents=9 tasks=9 maxlen=30 global_makespan=4964
  CostFlow: giving up after 21 iterations (flow=0/9)
  CostFlow: agents=1 tasks=1 maxlen=30 global_makespan=4985
  CostFlow: giving up after 21 iterations (flow=0/1)
  CostFlow: agents=9 tasks=9 maxlen=30 global_makespan=5006
  CostFlow: giving up after 21 iterations (flow=0/9)
  CostFlow: agents=1 tasks=1 maxlen=30 global_makespan=5027
  CostFlow: giving up after 21 iterations (flow=0/1)
  CostFlow: agents=9 tasks=9 maxlen=30 global_makespan=5048
  CostFlow: giving up after 21 iterations (flow=0/9)
  CostFlow: agents=1 tasks=1 maxlen=30 global_makespan=5069
  CostFlow: giving up after 21 iterations (flow=0/1)
  CostFlow: agents=9 tasks=9 maxlen=30 global_makespan=5090
  CostFlow: giving up after 21 iterations (flow=0/9)
  CostFlow: agents=1 tasks=1 maxlen=30 global_makespan=5111
  CostFlow: giving up after 21 iterations (flow=0/1)
  CostFlow: agents=9 tasks=9 maxlen=30 global_makespan=5132
  CostFlow: giving up after 21 iterations (flow=0/9)
  CostFlow: agents=1 tasks=1 maxlen=30 global_makespan=5153
  CostFlow: giving up after 21 iterations (flow=0/1)
  CostFlow: agents=9 tasks=9 maxlen=30 global_makespan=5174
  CostFlow: giving up after 21 iterations (flow=0/9)
  CostFlow: agents=1 tasks=1 maxlen=30 global_makespan=5195
  CostFlow: giving up after 21 iterations (flow=0/1)
  CostFlow: agents=9 tasks=9 maxlen=30 global_makespan=5216
  CostFlow: giving up after 21 iterations (flow=0/9)
  CostFlow: agents=1 tasks=1 maxlen=30 global_makespan=5237
  CostFlow: giving up after 21 iterations (flow=0/1)
  CostFlow: agents=9 tasks=9 maxlen=30 global_makespan=5258
  CostFlow: giving up after 21 iterations (flow=0/9)
  CostFlow: agents=1 tasks=1 maxlen=30 global_makespan=5279
  CostFlow: giving up after 21 iterations (flow=0/1)
  CostFlow: agents=9 tasks=9 maxlen=30 global_makespan=5300
  CostFlow: giving up after 21 iterations (flow=0/9)
  CostFlow: agents=1 tasks=1 maxlen=30 global_makespan=5321
  CostFlow: giving up after 21 iterations (flow=0/1)
  CostFlow: agents=9 tasks=9 maxlen=30 global_makespan=5342
  CostFlow: giving up after 21 iterations (flow=0/9)
  CostFlow: agents=1 tasks=1 maxlen=30 global_makespan=5363
  CostFlow: giving up after 21 iterations (flow=0/1)
  CostFlow: agents=9 tasks=9 maxlen=30 global_makespan=5384
  CostFlow: giving up after 21 iterations (flow=0/9)
  CostFlow: agents=1 tasks=1 maxlen=30 global_makespan=5405
  CostFlow: giving up after 21 iterations (flow=0/1)
  CostFlow: agents=9 tasks=9 maxlen=30 global_makespan=5426
  CostFlow: giving up after 21 iterations (flow=0/9)
  CostFlow: agents=1 tasks=1 maxlen=30 global_makespan=5447
  CostFlow: giving up after 21 iterations (flow=0/1)
  CostFlow: agents=9 tasks=9 maxlen=30 global_makespan=5468
  CostFlow: giving up after 21 iterations (flow=0/9)
  CostFlow: agents=1 tasks=1 maxlen=30 global_makespan=5489
  CostFlow: giving up after 21 iterations (flow=0/1)
  CostFlow: agents=9 tasks=9 maxlen=30 global_makespan=5510
  CostFlow: giving up after 21 iterations (flow=0/9)
  CostFlow: agents=1 tasks=1 maxlen=30 global_makespan=5531
  CostFlow: giving up after 21 iterations (flow=0/1)
  CostFlow: agents=9 tasks=9 maxlen=30 global_makespan=5552
  CostFlow: giving up after 21 iterations (flow=0/9)
  CostFlow: agents=1 tasks=1 maxlen=30 global_makespan=5573
  CostFlow: giving up after 21 iterations (flow=0/1)
  CostFlow: agents=9 tasks=9 maxlen=30 global_makespan=5594
  CostFlow: giving up after 21 iterations (flow=0/9)
  CostFlow: agents=1 tasks=1 maxlen=30 global_makespan=5615
  CostFlow: giving up after 21 iterations (flow=0/1)
  CostFlow: agents=9 tasks=9 maxlen=30 global_makespan=5636
  CostFlow: giving up after 21 iterations (flow=0/9)
  CostFlow: agents=1 tasks=1 maxlen=30 global_makespan=5657
  CostFlow: giving up after 21 iterations (flow=0/1)
  CostFlow: agents=9 tasks=9 maxlen=30 global_makespan=5678
  CostFlow: giving up after 21 iterations (flow=0/9)
  CostFlow: agents=1 tasks=1 maxlen=30 global_makespan=5699
  CostFlow: giving up after 21 iterations (flow=0/1)
  CostFlow: agents=9 tasks=9 maxlen=30 global_makespan=5720
  CostFlow: giving up after 21 iterations (flow=0/9)
  CostFlow: agents=1 tasks=1 maxlen=30 global_makespan=5741
  CostFlow: giving up after 21 iterations (flow=0/1)
  CostFlow: agents=9 tasks=9 maxlen=30 global_makespan=5762
  CostFlow: giving up after 21 iterations (flow=0/9)
  CostFlow: agents=1 tasks=1 maxlen=30 global_makespan=5783
  CostFlow: giving up after 21 iterations (flow=0/1)
  CostFlow: agents=9 tasks=9 maxlen=30 global_makespan=5804
  CostFlow: giving up after 21 iterations (flow=0/9)
  CostFlow: agents=1 tasks=1 maxlen=30 global_makespan=5825
  CostFlow: giving up after 21 iterations (flow=0/1)
  CostFlow: agents=9 tasks=9 maxlen=30 global_makespan=5846
  CostFlow: giving up after 21 iterations (flow=0/9)
  CostFlow: agents=1 tasks=1 maxlen=30 global_makespan=5867
  CostFlow: giving up after 21 iterations (flow=0/1)
  CostFlow: agents=9 tasks=9 maxlen=30 global_makespan=5888
  CostFlow: giving up after 21 iterations (flow=0/9)
  CostFlow: agents=1 tasks=1 maxlen=30 global_makespan=5909
  CostFlow: giving up after 21 iterations (flow=0/1)
  CostFlow: agents=9 tasks=9 maxlen=30 global_makespan=5930
  CostFlow: giving up after 21 iterations (flow=0/9)
  CostFlow: agents=1 tasks=1 maxlen=30 global_makespan=5951
  CostFlow: giving up after 21 iterations (flow=0/1)
  CostFlow: agents=9 tasks=9 maxlen=30 global_makespan=5972
  CostFlow: giving up after 21 iterations (flow=0/9)
  CostFlow: agents=1 tasks=1 maxlen=30 global_makespan=5993
  CostFlow: giving up after 21 iterations (flow=0/1)
  CostFlow: agents=9 tasks=9 maxlen=30 global_makespan=6014
  CostFlow: giving up after 21 iterations (flow=0/9)
  CostFlow: agents=1 tasks=1 maxlen=30 global_makespan=6035
  CostFlow: giving up after 21 iterations (flow=0/1)
  CostFlow: agents=9 tasks=9 maxlen=30 global_makespan=6056
  CostFlow: giving up after 21 iterations (flow=0/9)
  CostFlow: agents=1 tasks=1 maxlen=30 global_makespan=6077
  CostFlow: giving up after 21 iterations (flow=0/1)
  CostFlow: agents=9 tasks=9 maxlen=30 global_makespan=6098
  CostFlow: giving up after 21 iterations (flow=0/9)
  CostFlow: agents=1 tasks=1 maxlen=30 global_makespan=6119
  CostFlow: giving up after 21 iterations (flow=0/1)
  CostFlow: agents=9 tasks=9 maxlen=30 global_makespan=6140
  CostFlow: giving up after 21 iterations (flow=0/9)
  CostFlow: agents=1 tasks=1 maxlen=30 global_makespan=6161
  CostFlow: giving up after 21 iterations (flow=0/1)
  CostFlow: agents=9 tasks=9 maxlen=30 global_makespan=6182
  CostFlow: giving up after 21 iterations (flow=0/9)
  CostFlow: agents=1 tasks=1 maxlen=30 global_makespan=6203
  CostFlow: giving up after 21 iterations (flow=0/1)
  CostFlow: agents=9 tasks=9 maxlen=30 global_makespan=6224
  CostFlow: giving up after 21 iterations (flow=0/9)
  CostFlow: agents=1 tasks=1 maxlen=30 global_makespan=6245
  CostFlow: giving up after 21 iterations (flow=0/1)
  CostFlow: agents=9 tasks=9 maxlen=30 global_makespan=6266
  CostFlow: giving up after 21 iterations (flow=0/9)
  CostFlow: agents=1 tasks=1 maxlen=30 global_makespan=6287
  CostFlow: giving up after 21 iterations (flow=0/1)
  CostFlow: agents=9 tasks=9 maxlen=30 global_makespan=6308
  CostFlow: giving up after 21 iterations (flow=0/9)
  CostFlow: agents=1 tasks=1 maxlen=30 global_makespan=6329
  CostFlow: giving up after 21 iterations (flow=0/1)
  CostFlow: agents=9 tasks=9 maxlen=30 global_makespan=6350
  CostFlow: giving up after 21 iterations (flow=0/9)
  CostFlow: agents=1 tasks=1 maxlen=30 global_makespan=6371
  CostFlow: giving up after 21 iterations (flow=0/1)
  CostFlow: agents=9 tasks=9 maxlen=30 global_makespan=6392
  CostFlow: giving up after 21 iterations (flow=0/9)
  CostFlow: agents=1 tasks=1 maxlen=30 global_makespan=6413
  CostFlow: giving up after 21 iterations (flow=0/1)
  CostFlow: agents=9 tasks=9 maxlen=30 global_makespan=6434
  CostFlow: giving up after 21 iterations (flow=0/9)
  CostFlow: agents=1 tasks=1 maxlen=30 global_makespan=6455
  CostFlow: giving up after 21 iterations (flow=0/1)
  CostFlow: agents=9 tasks=9 maxlen=30 global_makespan=6476
  CostFlow: giving up after 21 iterations (flow=0/9)
  CostFlow: agents=1 tasks=1 maxlen=30 global_makespan=6497
  CostFlow: giving up after 21 iterations (flow=0/1)
  CostFlow: agents=9 tasks=9 maxlen=30 global_makespan=6518
  CostFlow: giving up after 21 iterations (flow=0/9)
  CostFlow: agents=1 tasks=1 maxlen=30 global_makespan=6539
  CostFlow: giving up after 21 iterations (flow=0/1)
  CostFlow: agents=9 tasks=9 maxlen=30 global_makespan=6560
  CostFlow: giving up after 21 iterations (flow=0/9)
  CostFlow: agents=1 tasks=1 maxlen=30 global_makespan=6581
  CostFlow: giving up after 21 iterations (flow=0/1)
  CostFlow: agents=9 tasks=9 maxlen=30 global_makespan=6602
  CostFlow: giving up after 21 iterations (flow=0/9)
  CostFlow: agents=1 tasks=1 maxlen=30 global_makespan=6623
  CostFlow: giving up after 21 iterations (flow=0/1)
  CostFlow: agents=9 tasks=9 maxlen=30 global_makespan=6644
  CostFlow: giving up after 21 iterations (flow=0/9)
  CostFlow: agents=1 tasks=1 maxlen=30 global_makespan=6665
  CostFlow: giving up after 21 iterations (flow=0/1)
  CostFlow: agents=9 tasks=9 maxlen=30 global_makespan=6686
  CostFlow: giving up after 21 iterations (flow=0/9)
  CostFlow: agents=1 tasks=1 maxlen=30 global_makespan=6707
  CostFlow: giving up after 21 iterations (flow=0/1)
  CostFlow: agents=9 tasks=9 maxlen=30 global_makespan=6728
  CostFlow: giving up after 21 iterations (flow=0/9)
  CostFlow: agents=1 tasks=1 maxlen=30 global_makespan=6749
  CostFlow: giving up after 21 iterations (flow=0/1)
  CostFlow: agents=9 tasks=9 maxlen=30 global_makespan=6770
  CostFlow: giving up after 21 iterations (flow=0/9)
  CostFlow: agents=1 tasks=1 maxlen=30 global_makespan=6791
  CostFlow: giving up after 21 iterations (flow=0/1)
  CostFlow: agents=9 tasks=9 maxlen=30 global_makespan=6812
  CostFlow: giving up after 21 iterations (flow=0/9)
  CostFlow: agents=1 tasks=1 maxlen=30 global_makespan=6833
  CostFlow: giving up after 21 iterations (flow=0/1)
  CostFlow: agents=9 tasks=9 maxlen=30 global_makespan=6854
  CostFlow: giving up after 21 iterations (flow=0/9)
  CostFlow: agents=1 tasks=1 maxlen=30 global_makespan=6875
  CostFlow: giving up after 21 iterations (flow=0/1)
  CostFlow: agents=9 tasks=9 maxlen=30 global_makespan=6896
  CostFlow: giving up after 21 iterations (flow=0/9)
  CostFlow: agents=1 tasks=1 maxlen=30 global_makespan=6917
  CostFlow: giving up after 21 iterations (flow=0/1)
  CostFlow: agents=9 tasks=9 maxlen=30 global_makespan=6938
  CostFlow: giving up after 21 iterations (flow=0/9)
  CostFlow: agents=1 tasks=1 maxlen=30 global_makespan=6959
  CostFlow: giving up after 21 iterations (flow=0/1)
  CostFlow: agents=9 tasks=9 maxlen=30 global_makespan=6980
  CostFlow: giving up after 21 iterations (flow=0/9)
  CostFlow: agents=1 tasks=1 maxlen=30 global_makespan=7001
  CostFlow: giving up after 21 iterations (flow=0/1)
  CostFlow: agents=9 tasks=9 maxlen=30 global_makespan=7022
  CostFlow: giving up after 21 iterations (flow=0/9)
  CostFlow: agents=1 tasks=1 maxlen=30 global_makespan=7043
  CostFlow: giving up after 21 iterations (flow=0/1)
  CostFlow: agents=9 tasks=9 maxlen=30 global_makespan=7064
  CostFlow: giving up after 21 iterations (flow=0/9)
  CostFlow: agents=1 tasks=1 maxlen=30 global_makespan=7085
  CostFlow: giving up after 21 iterations (flow=0/1)
  CostFlow: agents=9 tasks=9 maxlen=30 global_makespan=7106
  CostFlow: giving up after 21 iterations (flow=0/9)
  CostFlow: agents=1 tasks=1 maxlen=30 global_makespan=7127
  CostFlow: giving up after 21 iterations (flow=0/1)
  CostFlow: agents=9 tasks=9 maxlen=30 global_makespan=7148
  CostFlow: giving up after 21 iterations (flow=0/9)
  CostFlow: agents=1 tasks=1 maxlen=30 global_makespan=7169
  CostFlow: giving up after 21 iterations (flow=0/1)
  CostFlow: agents=9 tasks=9 maxlen=30 global_makespan=7190
  CostFlow: giving up after 21 iterations (flow=0/9)
  CostFlow: agents=1 tasks=1 maxlen=30 global_makespan=7211
  CostFlow: giving up after 21 iterations (flow=0/1)
  CostFlow: agents=9 tasks=9 maxlen=30 global_makespan=7232
  CostFlow: giving up after 21 iterations (flow=0/9)
  CostFlow: agents=1 tasks=1 maxlen=30 global_makespan=7253
  CostFlow: giving up after 21 iterations (flow=0/1)
  CostFlow: agents=9 tasks=9 maxlen=30 global_makespan=7274
  CostFlow: giving up after 21 iterations (flow=0/9)
  CostFlow: agents=1 tasks=1 maxlen=30 global_makespan=7295
  CostFlow: giving up after 21 iterations (flow=0/1)
  CostFlow: agents=9 tasks=9 maxlen=30 global_makespan=7316
  CostFlow: giving up after 21 iterations (flow=0/9)
  CostFlow: agents=1 tasks=1 maxlen=30 global_makespan=7337
  CostFlow: giving up after 21 iterations (flow=0/1)
  CostFlow: agents=9 tasks=9 maxlen=30 global_makespan=7358
  CostFlow: giving up after 21 iterations (flow=0/9)
  CostFlow: agents=1 tasks=1 maxlen=30 global_makespan=7379
  CostFlow: giving up after 21 iterations (flow=0/1)
  CostFlow: agents=9 tasks=9 maxlen=30 global_makespan=7400
  CostFlow: giving up after 21 iterations (flow=0/9)
  CostFlow: agents=1 tasks=1 maxlen=30 global_makespan=7421
  CostFlow: giving up after 21 iterations (flow=0/1)
  CostFlow: agents=9 tasks=9 maxlen=30 global_makespan=7442
  CostFlow: giving up after 21 iterations (flow=0/9)
  CostFlow: agents=1 tasks=1 maxlen=30 global_makespan=7463
  CostFlow: giving up after 21 iterations (flow=0/1)
  CostFlow: agents=9 tasks=9 maxlen=30 global_makespan=7484
  CostFlow: giving up after 21 iterations (flow=0/9)
  CostFlow: agents=1 tasks=1 maxlen=30 global_makespan=7505
  CostFlow: giving up after 21 iterations (flow=0/1)
  CostFlow: agents=9 tasks=9 maxlen=30 global_makespan=7526
  CostFlow: giving up after 21 iterations (flow=0/9)
  CostFlow: agents=1 tasks=1 maxlen=30 global_makespan=7547
  CostFlow: giving up after 21 iterations (flow=0/1)
  CostFlow: agents=9 tasks=9 maxlen=30 global_makespan=7568
  CostFlow: giving up after 21 iterations (flow=0/9)
  CostFlow: agents=1 tasks=1 maxlen=30 global_makespan=7589
  CostFlow: giving up after 21 iterations (flow=0/1)
  CostFlow: agents=9 tasks=9 maxlen=30 global_makespan=7610
  CostFlow: giving up after 21 iterations (flow=0/9)
  CostFlow: agents=1 tasks=1 maxlen=30 global_makespan=7631
  CostFlow: giving up after 21 iterations (flow=0/1)
  CostFlow: agents=9 tasks=9 maxlen=30 global_makespan=7652
  CostFlow: giving up after 21 iterations (flow=0/9)
  CostFlow: agents=1 tasks=1 maxlen=30 global_makespan=7673
  CostFlow: giving up after 21 iterations (flow=0/1)
  CostFlow: agents=9 tasks=9 maxlen=30 global_makespan=7694
  CostFlow: giving up after 21 iterations (flow=0/9)
  CostFlow: agents=1 tasks=1 maxlen=30 global_makespan=7715
  CostFlow: giving up after 21 iterations (flow=0/1)
  CostFlow: agents=9 tasks=9 maxlen=30 global_makespan=7736
  CostFlow: giving up after 21 iterations (flow=0/9)
  CostFlow: agents=1 tasks=1 maxlen=30 global_makespan=7757
  CostFlow: giving up after 21 iterations (flow=0/1)
  CostFlow: agents=9 tasks=9 maxlen=30 global_makespan=7778
  CostFlow: giving up after 21 iterations (flow=0/9)
  CostFlow: agents=1 tasks=1 maxlen=30 global_makespan=7799
  CostFlow: giving up after 21 iterations (flow=0/1)
  CostFlow: agents=9 tasks=9 maxlen=30 global_makespan=7820
  CostFlow: giving up after 21 iterations (flow=0/9)
  CostFlow: agents=1 tasks=1 maxlen=30 global_makespan=7841
  CostFlow: giving up after 21 iterations (flow=0/1)
  CostFlow: agents=9 tasks=9 maxlen=30 global_makespan=7862
  CostFlow: giving up after 21 iterations (flow=0/9)
  CostFlow: agents=1 tasks=1 maxlen=30 global_makespan=7883
  CostFlow: giving up after 21 iterations (flow=0/1)
  CostFlow: agents=9 tasks=9 maxlen=30 global_makespan=7904
  CostFlow: giving up after 21 iterations (flow=0/9)
  CostFlow: agents=1 tasks=1 maxlen=30 global_makespan=7925
  CostFlow: giving up after 21 iterations (flow=0/1)
  CostFlow: agents=9 tasks=9 maxlen=30 global_makespan=7946
  CostFlow: giving up after 21 iterations (flow=0/9)
  CostFlow: agents=1 tasks=1 maxlen=30 global_makespan=7967
  CostFlow: giving up after 21 iterations (flow=0/1)
  CostFlow: agents=9 tasks=9 maxlen=30 global_makespan=7988
  CostFlow: giving up after 21 iterations (flow=0/9)
  CostFlow: agents=1 tasks=1 maxlen=30 global_makespan=8009
  CostFlow: giving up after 21 iterations (flow=0/1)
  CostFlow: agents=9 tasks=9 maxlen=30 global_makespan=8030
  CostFlow: giving up after 21 iterations (flow=0/9)
  CostFlow: agents=1 tasks=1 maxlen=30 global_makespan=8051
  CostFlow: giving up after 21 iterations (flow=0/1)
  CostFlow: agents=9 tasks=9 maxlen=30 global_makespan=8072
  CostFlow: giving up after 21 iterations (flow=0/9)
  CostFlow: agents=1 tasks=1 maxlen=30 global_makespan=8093
  CostFlow: giving up after 21 iterations (flow=0/1)
  CostFlow: agents=9 tasks=9 maxlen=30 global_makespan=8114
  CostFlow: giving up after 21 iterations (flow=0/9)
  CostFlow: agents=1 tasks=1 maxlen=30 global_makespan=8135
  CostFlow: giving up after 21 iterations (flow=0/1)
  CostFlow: agents=9 tasks=9 maxlen=30 global_makespan=8156
  CostFlow: giving up after 21 iterations (flow=0/9)
  CostFlow: agents=1 tasks=1 maxlen=30 global_makespan=8177
  CostFlow: giving up after 21 iterations (flow=0/1)
  CostFlow: agents=9 tasks=9 maxlen=30 global_makespan=8198
  CostFlow: giving up after 21 iterations (flow=0/9)
  CostFlow: agents=1 tasks=1 maxlen=30 global_makespan=8219
  CostFlow: giving up after 21 iterations (flow=0/1)
  CostFlow: agents=9 tasks=9 maxlen=30 global_makespan=8240
  CostFlow: giving up after 21 iterations (flow=0/9)
  CostFlow: agents=1 tasks=1 maxlen=30 global_makespan=8261
  CostFlow: giving up after 21 iterations (flow=0/1)
  CostFlow: agents=9 tasks=9 maxlen=30 global_makespan=8282
  CostFlow: giving up after 21 iterations (flow=0/9)
  CostFlow: agents=1 tasks=1 maxlen=30 global_makespan=8303
  CostFlow: giving up after 21 iterations (flow=0/1)
  CostFlow: agents=9 tasks=9 maxlen=30 global_makespan=8324
  CostFlow: giving up after 21 iterations (flow=0/9)
  CostFlow: agents=1 tasks=1 maxlen=30 global_makespan=8345
  CostFlow: giving up after 21 iterations (flow=0/1)
  CostFlow: agents=9 tasks=9 maxlen=30 global_makespan=8366
  CostFlow: giving up after 21 iterations (flow=0/9)
  CostFlow: agents=1 tasks=1 maxlen=30 global_makespan=8387
  CostFlow: giving up after 21 iterations (flow=0/1)
  CostFlow: agents=9 tasks=9 maxlen=30 global_makespan=8408
  CostFlow: giving up after 21 iterations (flow=0/9)
  CostFlow: agents=1 tasks=1 maxlen=30 global_makespan=8429
  CostFlow: giving up after 21 iterations (flow=0/1)
  CostFlow: agents=9 tasks=9 maxlen=30 global_makespan=8450
  CostFlow: giving up after 21 iterations (flow=0/9)
  CostFlow: agents=1 tasks=1 maxlen=30 global_makespan=8471
  CostFlow: giving up after 21 iterations (flow=0/1)
  CostFlow: agents=9 tasks=9 maxlen=30 global_makespan=8492
  CostFlow: giving up after 21 iterations (flow=0/9)
  CostFlow: agents=1 tasks=1 maxlen=30 global_makespan=8513
  CostFlow: giving up after 21 iterations (flow=0/1)
  CostFlow: agents=9 tasks=9 maxlen=30 global_makespan=8534
  CostFlow: giving up after 21 iterations (flow=0/9)
  CostFlow: agents=1 tasks=1 maxlen=30 global_makespan=8555
  CostFlow: giving up after 21 iterations (flow=0/1)
  CostFlow: agents=9 tasks=9 maxlen=30 global_makespan=8576
  CostFlow: giving up after 21 iterations (flow=0/9)
  CostFlow: agents=1 tasks=1 maxlen=30 global_makespan=8597
  CostFlow: giving up after 21 iterations (flow=0/1)
  CostFlow: agents=9 tasks=9 maxlen=30 global_makespan=8618
  CostFlow: giving up after 21 iterations (flow=0/9)
  CostFlow: agents=1 tasks=1 maxlen=30 global_makespan=8639
  CostFlow: giving up after 21 iterations (flow=0/1)
  CostFlow: agents=9 tasks=9 maxlen=30 global_makespan=8660
  CostFlow: giving up after 21 iterations (flow=0/9)
  CostFlow: agents=1 tasks=1 maxlen=30 global_makespan=8681
  CostFlow: giving up after 21 iterations (flow=0/1)
  CostFlow: agents=9 tasks=9 maxlen=30 global_makespan=8702
  CostFlow: giving up after 21 iterations (flow=0/9)
  CostFlow: agents=1 tasks=1 maxlen=30 global_makespan=8723
  CostFlow: giving up after 21 iterations (flow=0/1)
  CostFlow: agents=9 tasks=9 maxlen=30 global_makespan=8744
  CostFlow: giving up after 21 iterations (flow=0/9)
  CostFlow: agents=1 tasks=1 maxlen=30 global_makespan=8765
  CostFlow: giving up after 21 iterations (flow=0/1)
  CostFlow: agents=9 tasks=9 maxlen=30 global_makespan=8786
  CostFlow: giving up after 21 iterations (flow=0/9)
  CostFlow: agents=1 tasks=1 maxlen=30 global_makespan=8807
  CostFlow: giving up after 21 iterations (flow=0/1)
  CostFlow: agents=9 tasks=9 maxlen=30 global_makespan=8828
  CostFlow: giving up after 21 iterations (flow=0/9)
  CostFlow: agents=1 tasks=1 maxlen=30 global_makespan=8849
  CostFlow: giving up after 21 iterations (flow=0/1)
  CostFlow: agents=9 tasks=9 maxlen=30 global_makespan=8870
  CostFlow: giving up after 21 iterations (flow=0/9)
  CostFlow: agents=1 tasks=1 maxlen=30 global_makespan=8891
  CostFlow: giving up after 21 iterations (flow=0/1)
  CostFlow: agents=9 tasks=9 maxlen=30 global_makespan=8912
  CostFlow: giving up after 21 iterations (flow=0/9)
  CostFlow: agents=1 tasks=1 maxlen=30 global_makespan=8933
  CostFlow: giving up after 21 iterations (flow=0/1)
  CostFlow: agents=9 tasks=9 maxlen=30 global_makespan=8954
  CostFlow: giving up after 21 iterations (flow=0/9)
  CostFlow: agents=1 tasks=1 maxlen=30 global_makespan=8975
  CostFlow: giving up after 21 iterations (flow=0/1)
  CostFlow: agents=9 tasks=9 maxlen=30 global_makespan=8996
  CostFlow: giving up after 21 iterations (flow=0/9)
  CostFlow: agents=1 tasks=1 maxlen=30 global_makespan=9017
  CostFlow: giving up after 21 iterations (flow=0/1)
  CostFlow: agents=9 tasks=9 maxlen=30 global_makespan=9038
  CostFlow: giving up after 21 iterations (flow=0/9)
  CostFlow: agents=1 tasks=1 maxlen=30 global_makespan=9059
  CostFlow: giving up after 21 iterations (flow=0/1)
  CostFlow: agents=9 tasks=9 maxlen=30 global_makespan=9080
  CostFlow: giving up after 21 iterations (flow=0/9)
  CostFlow: agents=1 tasks=1 maxlen=30 global_makespan=9101
  CostFlow: giving up after 21 iterations (flow=0/1)
  CostFlow: agents=9 tasks=9 maxlen=30 global_makespan=9122
  CostFlow: giving up after 21 iterations (flow=0/9)
  CostFlow: agents=1 tasks=1 maxlen=30 global_makespan=9143
  CostFlow: giving up after 21 iterations (flow=0/1)
  CostFlow: agents=9 tasks=9 maxlen=30 global_makespan=9164
  CostFlow: giving up after 21 iterations (flow=0/9)
  CostFlow: agents=1 tasks=1 maxlen=30 global_makespan=9185
  CostFlow: giving up after 21 iterations (flow=0/1)
  CostFlow: agents=9 tasks=9 maxlen=30 global_makespan=9206
  CostFlow: giving up after 21 iterations (flow=0/9)
  CostFlow: agents=1 tasks=1 maxlen=30 global_makespan=9227
  CostFlow: giving up after 21 iterations (flow=0/1)
  CostFlow: agents=9 tasks=9 maxlen=30 global_makespan=9248
  CostFlow: giving up after 21 iterations (flow=0/9)
  CostFlow: agents=1 tasks=1 maxlen=30 global_makespan=9269
  CostFlow: giving up after 21 iterations (flow=0/1)
  CostFlow: agents=9 tasks=9 maxlen=30 global_makespan=9290
  CostFlow: giving up after 21 iterations (flow=0/9)
  CostFlow: agents=1 tasks=1 maxlen=30 global_makespan=9311
  CostFlow: giving up after 21 iterations (flow=0/1)
  CostFlow: agents=9 tasks=9 maxlen=30 global_makespan=9332
  CostFlow: giving up after 21 iterations (flow=0/9)
  CostFlow: agents=1 tasks=1 maxlen=30 global_makespan=9353
  CostFlow: giving up after 21 iterations (flow=0/1)
  CostFlow: agents=9 tasks=9 maxlen=30 global_makespan=9374
  CostFlow: giving up after 21 iterations (flow=0/9)
  CostFlow: agents=1 tasks=1 maxlen=30 global_makespan=9395
  CostFlow: giving up after 21 iterations (flow=0/1)
  CostFlow: agents=9 tasks=9 maxlen=30 global_makespan=9416
  CostFlow: giving up after 21 iterations (flow=0/9)
  CostFlow: agents=1 tasks=1 maxlen=30 global_makespan=9437
  CostFlow: giving up after 21 iterations (flow=0/1)
  CostFlow: agents=9 tasks=9 maxlen=30 global_makespan=9458
  CostFlow: giving up after 21 iterations (flow=0/9)
  CostFlow: agents=1 tasks=1 maxlen=30 global_makespan=9479
  CostFlow: giving up after 21 iterations (flow=0/1)
  CostFlow: agents=9 tasks=9 maxlen=30 global_makespan=9500
  CostFlow: giving up after 21 iterations (flow=0/9)
  CostFlow: agents=1 tasks=1 maxlen=30 global_makespan=9521
  CostFlow: giving up after 21 iterations (flow=0/1)
  CostFlow: agents=9 tasks=9 maxlen=30 global_makespan=9542
  CostFlow: giving up after 21 iterations (flow=0/9)
  CostFlow: agents=1 tasks=1 maxlen=30 global_makespan=9563
  CostFlow: giving up after 21 iterations (flow=0/1)
  CostFlow: agents=9 tasks=9 maxlen=30 global_makespan=9584
  CostFlow: giving up after 21 iterations (flow=0/9)
  CostFlow: agents=1 tasks=1 maxlen=30 global_makespan=9605
  CostFlow: giving up after 21 iterations (flow=0/1)
  CostFlow: agents=9 tasks=9 maxlen=30 global_makespan=9626
  CostFlow: giving up after 21 iterations (flow=0/9)
  CostFlow: agents=1 tasks=1 maxlen=30 global_makespan=9647
  CostFlow: giving up after 21 iterations (flow=0/1)
  CostFlow: agents=9 tasks=9 maxlen=30 global_makespan=9668
  CostFlow: giving up after 21 iterations (flow=0/9)
  CostFlow: agents=1 tasks=1 maxlen=30 global_makespan=9689
  CostFlow: giving up after 21 iterations (flow=0/1)
  CostFlow: agents=9 tasks=9 maxlen=30 global_makespan=9710
  CostFlow: giving up after 21 iterations (flow=0/9)
  CostFlow: agents=1 tasks=1 maxlen=30 global_makespan=9731
  CostFlow: giving up after 21 iterations (flow=0/1)
  CostFlow: agents=9 tasks=9 maxlen=30 global_makespan=9752
  CostFlow: giving up after 21 iterations (flow=0/9)
  CostFlow: agents=1 tasks=1 maxlen=30 global_makespan=9773
  CostFlow: giving up after 21 iterations (flow=0/1)
  CostFlow: agents=9 tasks=9 maxlen=30 global_makespan=9794
  CostFlow: giving up after 21 iterations (flow=0/9)
  CostFlow: agents=1 tasks=1 maxlen=30 global_makespan=9815
  CostFlow: giving up after 21 iterations (flow=0/1)
  CostFlow: agents=9 tasks=9 maxlen=30 global_makespan=9836
  CostFlow: giving up after 21 iterations (flow=0/9)
  CostFlow: agents=1 tasks=1 maxlen=30 global_makespan=9857
  CostFlow: giving up after 21 iterations (flow=0/1)
  CostFlow: agents=9 tasks=9 maxlen=30 global_makespan=9878
  CostFlow: giving up after 21 iterations (flow=0/9)
  CostFlow: agents=1 tasks=1 maxlen=30 global_makespan=9899
  CostFlow: giving up after 21 iterations (flow=0/1)
  CostFlow: agents=9 tasks=9 maxlen=30 global_makespan=9920
  CostFlow: giving up after 21 iterations (flow=0/9)
  CostFlow: agents=1 tasks=1 maxlen=30 global_makespan=9941
  CostFlow: giving up after 21 iterations (flow=0/1)
  CostFlow: agents=9 tasks=9 maxlen=30 global_makespan=9962
  CostFlow: giving up after 21 iterations (flow=0/9)
  CostFlow: agents=1 tasks=1 maxlen=30 global_makespan=9983
  CostFlow: giving up after 21 iterations (flow=0/1)
  CostFlow: agents=9 tasks=9 maxlen=30 global_makespan=10004
  CostFlow: giving up after 21 iterations (flow=0/9)
  CostFlow: agents=1 tasks=1 maxlen=30 global_makespan=10025
  CostFlow: giving up after 21 iterations (flow=0/1)
  CostFlow: agents=9 tasks=9 maxlen=30 global_makespan=10046
  CostFlow: giving up after 21 iterations (flow=0/9)
  CostFlow: agents=1 tasks=1 maxlen=30 global_makespan=10067
  CostFlow: giving up after 21 iterations (flow=0/1)
  CostFlow: agents=9 tasks=9 maxlen=30 global_makespan=10088
  CostFlow: giving up after 21 iterations (flow=0/9)
  CostFlow: agents=1 tasks=1 maxlen=30 global_makespan=10109
  CostFlow: giving up after 21 iterations (flow=0/1)
  CostFlow: agents=9 tasks=9 maxlen=30 global_makespan=10130
  CostFlow: giving up after 21 iterations (flow=0/9)
  CostFlow: agents=1 tasks=1 maxlen=30 global_makespan=10151
  CostFlow: giving up after 21 iterations (flow=0/1)
  CostFlow: agents=9 tasks=9 maxlen=30 global_makespan=10172
  CostFlow: giving up after 21 iterations (flow=0/9)
  CostFlow: agents=1 tasks=1 maxlen=30 global_makespan=10193
  CostFlow: giving up after 21 iterations (flow=0/1)
  CostFlow: agents=9 tasks=9 maxlen=30 global_makespan=10214
  CostFlow: giving up after 21 iterations (flow=0/9)
  CostFlow: agents=1 tasks=1 maxlen=30 global_makespan=10235
  CostFlow: giving up after 21 iterations (flow=0/1)
  CostFlow: agents=9 tasks=9 maxlen=30 global_makespan=10256
  CostFlow: giving up after 21 iterations (flow=0/9)
  CostFlow: agents=1 tasks=1 maxlen=30 global_makespan=10277
  CostFlow: giving up after 21 iterations (flow=0/1)
  CostFlow: agents=9 tasks=9 maxlen=30 global_makespan=10298
  CostFlow: giving up after 21 iterations (flow=0/9)
  CostFlow: agents=1 tasks=1 maxlen=30 global_makespan=10319
  CostFlow: giving up after 21 iterations (flow=0/1)
  CostFlow: agents=9 tasks=9 maxlen=30 global_makespan=10340
  CostFlow: giving up after 21 iterations (flow=0/9)
  CostFlow: agents=1 tasks=1 maxlen=30 global_makespan=10361
  CostFlow: giving up after 21 iterations (flow=0/1)
  CostFlow: agents=9 tasks=9 maxlen=30 global_makespan=10382
  CostFlow: giving up after 21 iterations (flow=0/9)
  CostFlow: agents=1 tasks=1 maxlen=30 global_makespan=10403
  CostFlow: giving up after 21 iterations (flow=0/1)
  CostFlow: agents=9 tasks=9 maxlen=30 global_makespan=10424
  CostFlow: giving up after 21 iterations (flow=0/9)
  CostFlow: agents=1 tasks=1 maxlen=30 global_makespan=10445
  CostFlow: giving up after 21 iterations (flow=0/1)
  CostFlow: agents=9 tasks=9 maxlen=30 global_makespan=10466
  CostFlow: giving up after 21 iterations (flow=0/9)
  CostFlow: agents=1 tasks=1 maxlen=30 global_makespan=10487
  CostFlow: giving up after 21 iterations (flow=0/1)
  CostFlow: agents=9 tasks=9 maxlen=30 global_makespan=10508
  CostFlow: giving up after 21 iterations (flow=0/9)
  CostFlow: agents=1 tasks=1 maxlen=30 global_makespan=10529
  CostFlow: giving up after 21 iterations (flow=0/1)
  CostFlow: agents=9 tasks=9 maxlen=30 global_makespan=10550
  CostFlow: giving up after 21 iterations (flow=0/9)
  CostFlow: agents=1 tasks=1 maxlen=30 global_makespan=10571
  CostFlow: giving up after 21 iterations (flow=0/1)
  CostFlow: agents=9 tasks=9 maxlen=30 global_makespan=10592
  CostFlow: giving up after 21 iterations (flow=0/9)
  CostFlow: agents=1 tasks=1 maxlen=30 global_makespan=10613
  CostFlow: giving up after 21 iterations (flow=0/1)
  CostFlow: agents=9 tasks=9 maxlen=30 global_makespan=10634
  CostFlow: giving up after 21 iterations (flow=0/9)
  CostFlow: agents=1 tasks=1 maxlen=30 global_makespan=10655
  CostFlow: giving up after 21 iterations (flow=0/1)
  CostFlow: agents=9 tasks=9 maxlen=30 global_makespan=10676
  CostFlow: giving up after 21 iterations (flow=0/9)
  CostFlow: agents=1 tasks=1 maxlen=30 global_makespan=10697
  CostFlow: giving up after 21 iterations (flow=0/1)
  CostFlow: agents=9 tasks=9 maxlen=30 global_makespan=10718
  CostFlow: giving up after 21 iterations (flow=0/9)
  CostFlow: agents=1 tasks=1 maxlen=30 global_makespan=10739
  CostFlow: giving up after 21 iterations (flow=0/1)
  CostFlow: agents=9 tasks=9 maxlen=30 global_makespan=10760
  CostFlow: giving up after 21 iterations (flow=0/9)
  CostFlow: agents=1 tasks=1 maxlen=30 global_makespan=10781
  CostFlow: giving up after 21 iterations (flow=0/1)
  CostFlow: agents=9 tasks=9 maxlen=30 global_makespan=10802
  CostFlow: giving up after 21 iterations (flow=0/9)
  CostFlow: agents=1 tasks=1 maxlen=30 global_makespan=10823
  CostFlow: giving up after 21 iterations (flow=0/1)
  CostFlow: agents=9 tasks=9 maxlen=30 global_makespan=10844
  CostFlow: giving up after 21 iterations (flow=0/9)
  CostFlow: agents=1 tasks=1 maxlen=30 global_makespan=10865
  CostFlow: giving up after 21 iterations (flow=0/1)
  CostFlow: agents=9 tasks=9 maxlen=30 global_makespan=10886
  CostFlow: giving up after 21 iterations (flow=0/9)
  CostFlow: agents=1 tasks=1 maxlen=30 global_makespan=10907
  CostFlow: giving up after 21 iterations (flow=0/1)
  CostFlow: agents=9 tasks=9 maxlen=30 global_makespan=10928
  CostFlow: giving up after 21 iterations (flow=0/9)
  CostFlow: agents=1 tasks=1 maxlen=30 global_makespan=10949
  CostFlow: giving up after 21 iterations (flow=0/1)
  CostFlow: agents=9 tasks=9 maxlen=30 global_makespan=10970
  CostFlow: giving up after 21 iterations (flow=0/9)
  CostFlow: agents=1 tasks=1 maxlen=30 global_makespan=10991
  CostFlow: giving up after 21 iterations (flow=0/1)
  CostFlow: agents=9 tasks=9 maxlen=30 global_makespan=11012
  CostFlow: giving up after 21 iterations (flow=0/9)
  CostFlow: agents=1 tasks=1 maxlen=30 global_makespan=11033
  CostFlow: giving up after 21 iterations (flow=0/1)
  CostFlow: agents=9 tasks=9 maxlen=30 global_makespan=11054
  CostFlow: giving up after 21 iterations (flow=0/9)
  CostFlow: agents=1 tasks=1 maxlen=30 global_makespan=11075
  CostFlow: giving up after 21 iterations (flow=0/1)
  CostFlow: agents=9 tasks=9 maxlen=30 global_makespan=11096
  CostFlow: giving up after 21 iterations (flow=0/9)
  CostFlow: agents=1 tasks=1 maxlen=30 global_makespan=11117
  CostFlow: giving up after 21 iterations (flow=0/1)
  CostFlow: agents=9 tasks=9 maxlen=30 global_makespan=11138
  CostFlow: giving up after 21 iterations (flow=0/9)
  CostFlow: agents=1 tasks=1 maxlen=30 global_makespan=11159
  CostFlow: giving up after 21 iterations (flow=0/1)
  CostFlow: agents=9 tasks=9 maxlen=30 global_makespan=11180
  CostFlow: giving up after 21 iterations (flow=0/9)
  CostFlow: agents=1 tasks=1 maxlen=30 global_makespan=11201
  CostFlow: giving up after 21 iterations (flow=0/1)
  CostFlow: agents=9 tasks=9 maxlen=30 global_makespan=11222
  CostFlow: giving up after 21 iterations (flow=0/9)
  CostFlow: agents=1 tasks=1 maxlen=30 global_makespan=11243
  CostFlow: giving up after 21 iterations (flow=0/1)
  CostFlow: agents=9 tasks=9 maxlen=30 global_makespan=11264
  CostFlow: giving up after 21 iterations (flow=0/9)
  CostFlow: agents=1 tasks=1 maxlen=30 global_makespan=11285
  CostFlow: giving up after 21 iterations (flow=0/1)
  CostFlow: agents=9 tasks=9 maxlen=30 global_makespan=11306
  CostFlow: giving up after 21 iterations (flow=0/9)
  CostFlow: agents=1 tasks=1 maxlen=30 global_makespan=11327
  CostFlow: giving up after 21 iterations (flow=0/1)
  CostFlow: agents=9 tasks=9 maxlen=30 global_makespan=11348
  CostFlow: giving up after 21 iterations (flow=0/9)
  CostFlow: agents=1 tasks=1 maxlen=30 global_makespan=11369
  CostFlow: giving up after 21 iterations (flow=0/1)
  CostFlow: agents=9 tasks=9 maxlen=30 global_makespan=11390
  CostFlow: giving up after 21 iterations (flow=0/9)
  CostFlow: agents=1 tasks=1 maxlen=30 global_makespan=11411
  CostFlow: giving up after 21 iterations (flow=0/1)
  CostFlow: agents=9 tasks=9 maxlen=30 global_makespan=11432
  CostFlow: giving up after 21 iterations (flow=0/9)
  CostFlow: agents=1 tasks=1 maxlen=30 global_makespan=11453
  CostFlow: giving up after 21 iterations (flow=0/1)
  CostFlow: agents=9 tasks=9 maxlen=30 global_makespan=11474
  CostFlow: giving up after 21 iterations (flow=0/9)
  CostFlow: agents=1 tasks=1 maxlen=30 global_makespan=11495
  CostFlow: giving up after 21 iterations (flow=0/1)
  CostFlow: agents=9 tasks=9 maxlen=30 global_makespan=11516
  CostFlow: giving up after 21 iterations (flow=0/9)
  CostFlow: agents=1 tasks=1 maxlen=30 global_makespan=11537
  CostFlow: giving up after 21 iterations (flow=0/1)
  CostFlow: agents=9 tasks=9 maxlen=30 global_makespan=11558
  CostFlow: giving up after 21 iterations (flow=0/9)
  CostFlow: agents=1 tasks=1 maxlen=30 global_makespan=11579
  CostFlow: giving up after 21 iterations (flow=0/1)
  CostFlow: agents=9 tasks=9 maxlen=30 global_makespan=11600
  CostFlow: giving up after 21 iterations (flow=0/9)
  CostFlow: agents=1 tasks=1 maxlen=30 global_makespan=11621
  CostFlow: giving up after 21 iterations (flow=0/1)
  CostFlow: agents=9 tasks=9 maxlen=30 global_makespan=11642
  CostFlow: giving up after 21 iterations (flow=0/9)
  CostFlow: agents=1 tasks=1 maxlen=30 global_makespan=11663
  CostFlow: giving up after 21 iterations (flow=0/1)
  CostFlow: agents=9 tasks=9 maxlen=30 global_makespan=11684
  CostFlow: giving up after 21 iterations (flow=0/9)
  CostFlow: agents=1 tasks=1 maxlen=30 global_makespan=11705
  CostFlow: giving up after 21 iterations (flow=0/1)
  CostFlow: agents=9 tasks=9 maxlen=30 global_makespan=11726
  CostFlow: giving up after 21 iterations (flow=0/9)
  CostFlow: agents=1 tasks=1 maxlen=30 global_makespan=11747
  CostFlow: giving up after 21 iterations (flow=0/1)
  CostFlow: agents=9 tasks=9 maxlen=30 global_makespan=11768
  CostFlow: giving up after 21 iterations (flow=0/9)
  CostFlow: agents=1 tasks=1 maxlen=30 global_makespan=11789
  CostFlow: giving up after 21 iterations (flow=0/1)
  CostFlow: agents=9 tasks=9 maxlen=30 global_makespan=11810
  CostFlow: giving up after 21 iterations (flow=0/9)
  CostFlow: agents=1 tasks=1 maxlen=30 global_makespan=11831
  CostFlow: giving up after 21 iterations (flow=0/1)
  CostFlow: agents=9 tasks=9 maxlen=30 global_makespan=11852
  CostFlow: giving up after 21 iterations (flow=0/9)
  CostFlow: agents=1 tasks=1 maxlen=30 global_makespan=11873
  CostFlow: giving up after 21 iterations (flow=0/1)
  CostFlow: agents=9 tasks=9 maxlen=30 global_makespan=11894
  CostFlow: giving up after 21 iterations (flow=0/9)
  CostFlow: agents=1 tasks=1 maxlen=30 global_makespan=11915
  CostFlow: giving up after 21 iterations (flow=0/1)
  CostFlow: agents=9 tasks=9 maxlen=30 global_makespan=11936
  CostFlow: giving up after 21 iterations (flow=0/9)
  CostFlow: agents=1 tasks=1 maxlen=30 global_makespan=11957
  CostFlow: giving up after 21 iterations (flow=0/1)
  CostFlow: agents=9 tasks=9 maxlen=30 global_makespan=11978
  CostFlow: giving up after 21 iterations (flow=0/9)
  CostFlow: agents=1 tasks=1 maxlen=30 global_makespan=11999
  CostFlow: giving up after 21 iterations (flow=0/1)
  CostFlow: agents=9 tasks=9 maxlen=30 global_makespan=12020
  CostFlow: giving up after 21 iterations (flow=0/9)
  CostFlow: agents=1 tasks=1 maxlen=30 global_makespan=12041
  CostFlow: giving up after 21 iterations (flow=0/1)
  CostFlow: agents=9 tasks=9 maxlen=30 global_makespan=12062
  CostFlow: giving up after 21 iterations (flow=0/9)
  CostFlow: agents=1 tasks=1 maxlen=30 global_makespan=12083
  CostFlow: giving up after 21 iterations (flow=0/1)
  CostFlow: agents=9 tasks=9 maxlen=30 global_makespan=12104
  CostFlow: giving up after 21 iterations (flow=0/9)
  CostFlow: agents=1 tasks=1 maxlen=30 global_makespan=12125
  CostFlow: giving up after 21 iterations (flow=0/1)
  CostFlow: agents=9 tasks=9 maxlen=30 global_makespan=12146
  CostFlow: giving up after 21 iterations (flow=0/9)
  CostFlow: agents=1 tasks=1 maxlen=30 global_makespan=12167
  CostFlow: giving up after 21 iterations (flow=0/1)
  CostFlow: agents=9 tasks=9 maxlen=30 global_makespan=12188
  CostFlow: giving up after 21 iterations (flow=0/9)
  CostFlow: agents=1 tasks=1 maxlen=30 global_makespan=12209
  CostFlow: giving up after 21 iterations (flow=0/1)
  CostFlow: agents=9 tasks=9 maxlen=30 global_makespan=12230
  CostFlow: giving up after 21 iterations (flow=0/9)
  CostFlow: agents=1 tasks=1 maxlen=30 global_makespan=12251
  CostFlow: giving up after 21 iterations (flow=0/1)
  CostFlow: agents=9 tasks=9 maxlen=30 global_makespan=12272
  CostFlow: giving up after 21 iterations (flow=0/9)
  CostFlow: agents=1 tasks=1 maxlen=30 global_makespan=12293
  CostFlow: giving up after 21 iterations (flow=0/1)
  CostFlow: agents=9 tasks=9 maxlen=30 global_makespan=12314
  CostFlow: giving up after 21 iterations (flow=0/9)
  CostFlow: agents=1 tasks=1 maxlen=30 global_makespan=12335
  CostFlow: giving up after 21 iterations (flow=0/1)
  CostFlow: agents=9 tasks=9 maxlen=30 global_makespan=12356
  CostFlow: giving up after 21 iterations (flow=0/9)
  CostFlow: agents=1 tasks=1 maxlen=30 global_makespan=12377
  CostFlow: giving up after 21 iterations (flow=0/1)
  CostFlow: agents=9 tasks=9 maxlen=30 global_makespan=12398
  CostFlow: giving up after 21 iterations (flow=0/9)
  CostFlow: agents=1 tasks=1 maxlen=30 global_makespan=12419
  CostFlow: giving up after 21 iterations (flow=0/1)
  CostFlow: agents=9 tasks=9 maxlen=30 global_makespan=12440
  CostFlow: giving up after 21 iterations (flow=0/9)
  CostFlow: agents=1 tasks=1 maxlen=30 global_makespan=12461
  CostFlow: giving up after 21 iterations (flow=0/1)
  CostFlow: agents=9 tasks=9 maxlen=30 global_makespan=12482
  CostFlow: giving up after 21 iterations (flow=0/9)
  CostFlow: agents=1 tasks=1 maxlen=30 global_makespan=12503
  CostFlow: giving up after 21 iterations (flow=0/1)
  CostFlow: agents=9 tasks=9 maxlen=30 global_makespan=12524
  CostFlow: giving up after 21 iterations (flow=0/9)
  CostFlow: agents=1 tasks=1 maxlen=30 global_makespan=12545
  CostFlow: giving up after 21 iterations (flow=0/1)
  CostFlow: agents=9 tasks=9 maxlen=30 global_makespan=12566
  CostFlow: giving up after 21 iterations (flow=0/9)
  CostFlow: agents=1 tasks=1 maxlen=30 global_makespan=12587
  CostFlow: giving up after 21 iterations (flow=0/1)
  CostFlow: agents=9 tasks=9 maxlen=30 global_makespan=12608
  CostFlow: giving up after 21 iterations (flow=0/9)
  CostFlow: agents=1 tasks=1 maxlen=30 global_makespan=12629
  CostFlow: giving up after 21 iterations (flow=0/1)
  CostFlow: agents=9 tasks=9 maxlen=30 global_makespan=12650
  CostFlow: giving up after 21 iterations (flow=0/9)
  CostFlow: agents=1 tasks=1 maxlen=30 global_makespan=12671
  CostFlow: giving up after 21 iterations (flow=0/1)
  CostFlow: agents=9 tasks=9 maxlen=30 global_makespan=12692
  CostFlow: giving up after 21 iterations (flow=0/9)
  CostFlow: agents=1 tasks=1 maxlen=30 global_makespan=12713
  CostFlow: giving up after 21 iterations (flow=0/1)
  CostFlow: agents=9 tasks=9 maxlen=30 global_makespan=12734
  CostFlow: giving up after 21 iterations (flow=0/9)
  CostFlow: agents=1 tasks=1 maxlen=30 global_makespan=12755
  CostFlow: giving up after 21 iterations (flow=0/1)
  CostFlow: agents=9 tasks=9 maxlen=30 global_makespan=12776
  CostFlow: giving up after 21 iterations (flow=0/9)
  CostFlow: agents=1 tasks=1 maxlen=30 global_makespan=12797
  CostFlow: giving up after 21 iterations (flow=0/1)
  CostFlow: agents=9 tasks=9 maxlen=30 global_makespan=12818
  CostFlow: giving up after 21 iterations (flow=0/9)
  CostFlow: agents=1 tasks=1 maxlen=30 global_makespan=12839
  CostFlow: giving up after 21 iterations (flow=0/1)
  CostFlow: agents=9 tasks=9 maxlen=30 global_makespan=12860
  CostFlow: giving up after 21 iterations (flow=0/9)
  CostFlow: agents=1 tasks=1 maxlen=30 global_makespan=12881
  CostFlow: giving up after 21 iterations (flow=0/1)
  CostFlow: agents=9 tasks=9 maxlen=30 global_makespan=12902
  CostFlow: giving up after 21 iterations (flow=0/9)
  CostFlow: agents=1 tasks=1 maxlen=30 global_makespan=12923
  CostFlow: giving up after 21 iterations (flow=0/1)
  CostFlow: agents=9 tasks=9 maxlen=30 global_makespan=12944
  CostFlow: giving up after 21 iterations (flow=0/9)
  CostFlow: agents=1 tasks=1 maxlen=30 global_makespan=12965
  CostFlow: giving up after 21 iterations (flow=0/1)
  CostFlow: agents=9 tasks=9 maxlen=30 global_makespan=12986
  CostFlow: giving up after 21 iterations (flow=0/9)
  CostFlow: agents=1 tasks=1 maxlen=30 global_makespan=13007
  CostFlow: giving up after 21 iterations (flow=0/1)
  CostFlow: agents=9 tasks=9 maxlen=30 global_makespan=13028
  CostFlow: giving up after 21 iterations (flow=0/9)
  CostFlow: agents=1 tasks=1 maxlen=30 global_makespan=13049
  CostFlow: giving up after 21 iterations (flow=0/1)
  CostFlow: agents=9 tasks=9 maxlen=30 global_makespan=13070
  CostFlow: giving up after 21 iterations (flow=0/9)
  CostFlow: agents=1 tasks=1 maxlen=30 global_makespan=13091
  CostFlow: giving up after 21 iterations (flow=0/1)
  CostFlow: agents=9 tasks=9 maxlen=30 global_makespan=13112
  CostFlow: giving up after 21 iterations (flow=0/9)
  CostFlow: agents=1 tasks=1 maxlen=30 global_makespan=13133
  CostFlow: giving up after 21 iterations (flow=0/1)
  CostFlow: agents=9 tasks=9 maxlen=30 global_makespan=13154
  CostFlow: giving up after 21 iterations (flow=0/9)
  CostFlow: agents=1 tasks=1 maxlen=30 global_makespan=13175
  CostFlow: giving up after 21 iterations (flow=0/1)
  CostFlow: agents=9 tasks=9 maxlen=30 global_makespan=13196
  CostFlow: giving up after 21 iterations (flow=0/9)
  CostFlow: agents=1 tasks=1 maxlen=30 global_makespan=13217
  CostFlow: giving up after 21 iterations (flow=0/1)
  CostFlow: agents=9 tasks=9 maxlen=30 global_makespan=13238
  CostFlow: giving up after 21 iterations (flow=0/9)
  CostFlow: agents=1 tasks=1 maxlen=30 global_makespan=13259
  CostFlow: giving up after 21 iterations (flow=0/1)
  CostFlow: agents=9 tasks=9 maxlen=30 global_makespan=13280
  CostFlow: giving up after 21 iterations (flow=0/9)
  CostFlow: agents=1 tasks=1 maxlen=30 global_makespan=13301
  CostFlow: giving up after 21 iterations (flow=0/1)
  CostFlow: agents=9 tasks=9 maxlen=30 global_makespan=13322
  CostFlow: giving up after 21 iterations (flow=0/9)
  CostFlow: agents=1 tasks=1 maxlen=30 global_makespan=13343
  CostFlow: giving up after 21 iterations (flow=0/1)
  CostFlow: agents=9 tasks=9 maxlen=30 global_makespan=13364
  CostFlow: giving up after 21 iterations (flow=0/9)
  CostFlow: agents=1 tasks=1 maxlen=30 global_makespan=13385
  CostFlow: giving up after 21 iterations (flow=0/1)
  CostFlow: agents=9 tasks=9 maxlen=30 global_makespan=13406
  CostFlow: giving up after 21 iterations (flow=0/9)
  CostFlow: agents=1 tasks=1 maxlen=30 global_makespan=13427
  CostFlow: giving up after 21 iterations (flow=0/1)
  CostFlow: agents=9 tasks=9 maxlen=30 global_makespan=13448
  CostFlow: giving up after 21 iterations (flow=0/9)
  CostFlow: agents=1 tasks=1 maxlen=30 global_makespan=13469
  CostFlow: giving up after 21 iterations (flow=0/1)
  CostFlow: agents=9 tasks=9 maxlen=30 global_makespan=13490
  CostFlow: giving up after 21 iterations (flow=0/9)
  CostFlow: agents=1 tasks=1 maxlen=30 global_makespan=13511
  CostFlow: giving up after 21 iterations (flow=0/1)
  CostFlow: agents=9 tasks=9 maxlen=30 global_makespan=13532
  CostFlow: giving up after 21 iterations (flow=0/9)
  CostFlow: agents=1 tasks=1 maxlen=30 global_makespan=13553
  CostFlow: giving up after 21 iterations (flow=0/1)
  CostFlow: agents=9 tasks=9 maxlen=30 global_makespan=13574
  CostFlow: giving up after 21 iterations (flow=0/9)
  CostFlow: agents=1 tasks=1 maxlen=30 global_makespan=13595
  CostFlow: giving up after 21 iterations (flow=0/1)
  CostFlow: agents=9 tasks=9 maxlen=30 global_makespan=13616
  CostFlow: giving up after 21 iterations (flow=0/9)
  CostFlow: agents=1 tasks=1 maxlen=30 global_makespan=13637
  CostFlow: giving up after 21 iterations (flow=0/1)
  CostFlow: agents=9 tasks=9 maxlen=30 global_makespan=13658
  CostFlow: giving up after 21 iterations (flow=0/9)
  CostFlow: agents=1 tasks=1 maxlen=30 global_makespan=13679
  CostFlow: giving up after 21 iterations (flow=0/1)
  CostFlow: agents=9 tasks=9 maxlen=30 global_makespan=13700
  CostFlow: giving up after 21 iterations (flow=0/9)
  CostFlow: agents=1 tasks=1 maxlen=30 global_makespan=13721
  CostFlow: giving up after 21 iterations (flow=0/1)
  CostFlow: agents=9 tasks=9 maxlen=30 global_makespan=13742
  CostFlow: giving up after 21 iterations (flow=0/9)
  CostFlow: agents=1 tasks=1 maxlen=30 global_makespan=13763
  CostFlow: giving up after 21 iterations (flow=0/1)
  CostFlow: agents=9 tasks=9 maxlen=30 global_makespan=13784
  CostFlow: giving up after 21 iterations (flow=0/9)
  CostFlow: agents=1 tasks=1 maxlen=30 global_makespan=13805
  CostFlow: giving up after 21 iterations (flow=0/1)
  CostFlow: agents=9 tasks=9 maxlen=30 global_makespan=13826
  CostFlow: giving up after 21 iterations (flow=0/9)
  CostFlow: agents=1 tasks=1 maxlen=30 global_makespan=13847
  CostFlow: giving up after 21 iterations (flow=0/1)
  CostFlow: agents=9 tasks=9 maxlen=30 global_makespan=13868
  CostFlow: giving up after 21 iterations (flow=0/9)
  CostFlow: agents=1 tasks=1 maxlen=30 global_makespan=13889
  CostFlow: giving up after 21 iterations (flow=0/1)
  CostFlow: agents=9 tasks=9 maxlen=30 global_makespan=13910
  CostFlow: giving up after 21 iterations (flow=0/9)
  CostFlow: agents=1 tasks=1 maxlen=30 global_makespan=13931
  CostFlow: giving up after 21 iterations (flow=0/1)
  CostFlow: agents=9 tasks=9 maxlen=30 global_makespan=13952
  CostFlow: giving up after 21 iterations (flow=0/9)
  CostFlow: agents=1 tasks=1 maxlen=30 global_makespan=13973
  CostFlow: giving up after 21 iterations (flow=0/1)
  CostFlow: agents=9 tasks=9 maxlen=30 global_makespan=13994
  CostFlow: giving up after 21 iterations (flow=0/9)
  CostFlow: agents=1 tasks=1 maxlen=30 global_makespan=14015
  CostFlow: giving up after 21 iterations (flow=0/1)
  CostFlow: agents=9 tasks=9 maxlen=30 global_makespan=14036
  CostFlow: giving up after 21 iterations (flow=0/9)
  CostFlow: agents=1 tasks=1 maxlen=30 global_makespan=14057
  CostFlow: giving up after 21 iterations (flow=0/1)
  CostFlow: agents=9 tasks=9 maxlen=30 global_makespan=14078
  CostFlow: giving up after 21 iterations (flow=0/9)
  CostFlow: agents=1 tasks=1 maxlen=30 global_makespan=14099
  CostFlow: giving up after 21 iterations (flow=0/1)
  CostFlow: agents=9 tasks=9 maxlen=30 global_makespan=14120
  CostFlow: giving up after 21 iterations (flow=0/9)
  CostFlow: agents=1 tasks=1 maxlen=30 global_makespan=14141
  CostFlow: giving up after 21 iterations (flow=0/1)
  CostFlow: agents=9 tasks=9 maxlen=30 global_makespan=14162
  CostFlow: giving up after 21 iterations (flow=0/9)
  CostFlow: agents=1 tasks=1 maxlen=30 global_makespan=14183
  CostFlow: giving up after 21 iterations (flow=0/1)
  CostFlow: agents=9 tasks=9 maxlen=30 global_makespan=14204
  CostFlow: giving up after 21 iterations (flow=0/9)
  CostFlow: agents=1 tasks=1 maxlen=30 global_makespan=14225
  CostFlow: giving up after 21 iterations (flow=0/1)
  CostFlow: agents=9 tasks=9 maxlen=30 global_makespan=14246
  CostFlow: giving up after 21 iterations (flow=0/9)
  CostFlow: agents=1 tasks=1 maxlen=30 global_makespan=14267
  CostFlow: giving up after 21 iterations (flow=0/1)
  CostFlow: agents=9 tasks=9 maxlen=30 global_makespan=14288
  CostFlow: giving up after 21 iterations (flow=0/9)
  CostFlow: agents=1 tasks=1 maxlen=30 global_makespan=14309
  CostFlow: giving up after 21 iterations (flow=0/1)
  CostFlow: agents=9 tasks=9 maxlen=30 global_makespan=14330
  CostFlow: giving up after 21 iterations (flow=0/9)
  CostFlow: agents=1 tasks=1 maxlen=30 global_makespan=14351
  CostFlow: giving up after 21 iterations (flow=0/1)
  CostFlow: agents=9 tasks=9 maxlen=30 global_makespan=14372
  CostFlow: giving up after 21 iterations (flow=0/9)
  CostFlow: agents=1 tasks=1 maxlen=30 global_makespan=14393
  CostFlow: giving up after 21 iterations (flow=0/1)
  CostFlow: agents=9 tasks=9 maxlen=30 global_makespan=14414
  CostFlow: giving up after 21 iterations (flow=0/9)
  CostFlow: agents=1 tasks=1 maxlen=30 global_makespan=14435
  CostFlow: giving up after 21 iterations (flow=0/1)
  CostFlow: agents=9 tasks=9 maxlen=30 global_makespan=14456
  CostFlow: giving up after 21 iterations (flow=0/9)
  CostFlow: agents=1 tasks=1 maxlen=30 global_makespan=14477
  CostFlow: giving up after 21 iterations (flow=0/1)
  CostFlow: agents=9 tasks=9 maxlen=30 global_makespan=14498
  CostFlow: giving up after 21 iterations (flow=0/9)
  CostFlow: agents=1 tasks=1 maxlen=30 global_makespan=14519
  CostFlow: giving up after 21 iterations (flow=0/1)
  CostFlow: agents=9 tasks=9 maxlen=30 global_makespan=14540
  CostFlow: giving up after 21 iterations (flow=0/9)
  CostFlow: agents=1 tasks=1 maxlen=30 global_makespan=14561
  CostFlow: giving up after 21 iterations (flow=0/1)
  CostFlow: agents=9 tasks=9 maxlen=30 global_makespan=14582
  CostFlow: giving up after 21 iterations (flow=0/9)
  CostFlow: agents=1 tasks=1 maxlen=30 global_makespan=14603
  CostFlow: giving up after 21 iterations (flow=0/1)
  CostFlow: agents=9 tasks=9 maxlen=30 global_makespan=14624
  CostFlow: giving up after 21 iterations (flow=0/9)
  CostFlow: agents=1 tasks=1 maxlen=30 global_makespan=14645
  CostFlow: giving up after 21 iterations (flow=0/1)
  CostFlow: agents=9 tasks=9 maxlen=30 global_makespan=14666
  CostFlow: giving up after 21 iterations (flow=0/9)
  CostFlow: agents=1 tasks=1 maxlen=30 global_makespan=14687
  CostFlow: giving up after 21 iterations (flow=0/1)
  CostFlow: agents=9 tasks=9 maxlen=30 global_makespan=14708
  CostFlow: giving up after 21 iterations (flow=0/9)
  CostFlow: agents=1 tasks=1 maxlen=30 global_makespan=14729
  CostFlow: giving up after 21 iterations (flow=0/1)
  CostFlow: agents=9 tasks=9 maxlen=30 global_makespan=14750
  CostFlow: giving up after 21 iterations (flow=0/9)
  CostFlow: agents=1 tasks=1 maxlen=30 global_makespan=14771
  CostFlow: giving up after 21 iterations (flow=0/1)
  CostFlow: agents=9 tasks=9 maxlen=30 global_makespan=14792
  CostFlow: giving up after 21 iterations (flow=0/9)
  CostFlow: agents=1 tasks=1 maxlen=30 global_makespan=14813
  CostFlow: giving up after 21 iterations (flow=0/1)
  CostFlow: agents=9 tasks=9 maxlen=30 global_makespan=14834
  CostFlow: giving up after 21 iterations (flow=0/9)
  CostFlow: agents=1 tasks=1 maxlen=30 global_makespan=14855
  CostFlow: giving up after 21 iterations (flow=0/1)
  CostFlow: agents=9 tasks=9 maxlen=30 global_makespan=14876
  CostFlow: giving up after 21 iterations (flow=0/9)
  CostFlow: agents=1 tasks=1 maxlen=30 global_makespan=14897
  CostFlow: giving up after 21 iterations (flow=0/1)
  CostFlow: agents=9 tasks=9 maxlen=30 global_makespan=14918
  CostFlow: giving up after 21 iterations (flow=0/9)
  CostFlow: agents=1 tasks=1 maxlen=30 global_makespan=14939
  CostFlow: giving up after 21 iterations (flow=0/1)
  CostFlow: agents=9 tasks=9 maxlen=30 global_makespan=14960
  CostFlow: giving up after 21 iterations (flow=0/9)
  CostFlow: agents=1 tasks=1 maxlen=30 global_makespan=14981
  CostFlow: giving up after 21 iterations (flow=0/1)
  CostFlow: agents=9 tasks=9 maxlen=30 global_makespan=15002
  CostFlow: giving up after 21 iterations (flow=0/9)
  CostFlow: agents=1 tasks=1 maxlen=30 global_makespan=15023
  CostFlow: giving up after 21 iterations (flow=0/1)
  CostFlow: agents=9 tasks=9 maxlen=30 global_makespan=15044
  CostFlow: giving up after 21 iterations (flow=0/9)
  CostFlow: agents=1 tasks=1 maxlen=30 global_makespan=15065
  CostFlow: giving up after 21 iterations (flow=0/1)
  CostFlow: agents=9 tasks=9 maxlen=30 global_makespan=15086
  CostFlow: giving up after 21 iterations (flow=0/9)
  CostFlow: agents=1 tasks=1 maxlen=30 global_makespan=15107
  CostFlow: giving up after 21 iterations (flow=0/1)
  CostFlow: agents=9 tasks=9 maxlen=30 global_makespan=15128
  CostFlow: giving up after 21 iterations (flow=0/9)
  CostFlow: agents=1 tasks=1 maxlen=30 global_makespan=15149
  CostFlow: giving up after 21 iterations (flow=0/1)
  CostFlow: agents=9 tasks=9 maxlen=30 global_makespan=15170
  CostFlow: giving up after 21 iterations (flow=0/9)
  CostFlow: agents=1 tasks=1 maxlen=30 global_makespan=15191
  CostFlow: giving up after 21 iterations (flow=0/1)
  CostFlow: agents=9 tasks=9 maxlen=30 global_makespan=15212
  CostFlow: giving up after 21 iterations (flow=0/9)
  CostFlow: agents=1 tasks=1 maxlen=30 global_makespan=15233
  CostFlow: giving up after 21 iterations (flow=0/1)
  CostFlow: agents=9 tasks=9 maxlen=30 global_makespan=15254
  CostFlow: giving up after 21 iterations (flow=0/9)
  CostFlow: agents=1 tasks=1 maxlen=30 global_makespan=15275
  CostFlow: giving up after 21 iterations (flow=0/1)
  CostFlow: agents=9 tasks=9 maxlen=30 global_makespan=15296
  CostFlow: giving up after 21 iterations (flow=0/9)
  CostFlow: agents=1 tasks=1 maxlen=30 global_makespan=15317
  CostFlow: giving up after 21 iterations (flow=0/1)
  CostFlow: agents=9 tasks=9 maxlen=30 global_makespan=15338
  CostFlow: giving up after 21 iterations (flow=0/9)
  CostFlow: agents=1 tasks=1 maxlen=30 global_makespan=15359
  CostFlow: giving up after 21 iterations (flow=0/1)
  CostFlow: agents=9 tasks=9 maxlen=30 global_makespan=15380
  CostFlow: giving up after 21 iterations (flow=0/9)
  CostFlow: agents=1 tasks=1 maxlen=30 global_makespan=15401
  CostFlow: giving up after 21 iterations (flow=0/1)
  CostFlow: agents=9 tasks=9 maxlen=30 global_makespan=15422
  CostFlow: giving up after 21 iterations (flow=0/9)
  CostFlow: agents=1 tasks=1 maxlen=30 global_makespan=15443
  CostFlow: giving up after 21 iterations (flow=0/1)
  CostFlow: agents=9 tasks=9 maxlen=30 global_makespan=15464
  CostFlow: giving up after 21 iterations (flow=0/9)
  CostFlow: agents=1 tasks=1 maxlen=30 global_makespan=15485
  CostFlow: giving up after 21 iterations (flow=0/1)
  CostFlow: agents=9 tasks=9 maxlen=30 global_makespan=15506
  CostFlow: giving up after 21 iterations (flow=0/9)
  CostFlow: agents=1 tasks=1 maxlen=30 global_makespan=15527
  CostFlow: giving up after 21 iterations (flow=0/1)
  CostFlow: agents=9 tasks=9 maxlen=30 global_makespan=15548
  CostFlow: giving up after 21 iterations (flow=0/9)
  CostFlow: agents=1 tasks=1 maxlen=30 global_makespan=15569
  CostFlow: giving up after 21 iterations (flow=0/1)
  CostFlow: agents=9 tasks=9 maxlen=30 global_makespan=15590
  CostFlow: giving up after 21 iterations (flow=0/9)
  CostFlow: agents=1 tasks=1 maxlen=30 global_makespan=15611
  CostFlow: giving up after 21 iterations (flow=0/1)
  CostFlow: agents=9 tasks=9 maxlen=30 global_makespan=15632
  CostFlow: giving up after 21 iterations (flow=0/9)
  CostFlow: agents=1 tasks=1 maxlen=30 global_makespan=15653
  CostFlow: giving up after 21 iterations (flow=0/1)
  CostFlow: agents=9 tasks=9 maxlen=30 global_makespan=15674
  CostFlow: giving up after 21 iterations (flow=0/9)
  CostFlow: agents=1 tasks=1 maxlen=30 global_makespan=15695
  CostFlow: giving up after 21 iterations (flow=0/1)
  CostFlow: agents=9 tasks=9 maxlen=30 global_makespan=15716
  CostFlow: giving up after 21 iterations (flow=0/9)
  CostFlow: agents=1 tasks=1 maxlen=30 global_makespan=15737
  CostFlow: giving up after 21 iterations (flow=0/1)
  CostFlow: agents=9 tasks=9 maxlen=30 global_makespan=15758
  CostFlow: giving up after 21 iterations (flow=0/9)
  CostFlow: agents=1 tasks=1 maxlen=30 global_makespan=15779
  CostFlow: giving up after 21 iterations (flow=0/1)
  CostFlow: agents=9 tasks=9 maxlen=30 global_makespan=15800
  CostFlow: giving up after 21 iterations (flow=0/9)
  CostFlow: agents=1 tasks=1 maxlen=30 global_makespan=15821
  CostFlow: giving up after 21 iterations (flow=0/1)
  CostFlow: agents=9 tasks=9 maxlen=30 global_makespan=15842
  CostFlow: giving up after 21 iterations (flow=0/9)
  CostFlow: agents=1 tasks=1 maxlen=30 global_makespan=15863
  CostFlow: giving up after 21 iterations (flow=0/1)
  CostFlow: agents=9 tasks=9 maxlen=30 global_makespan=15884
  CostFlow: giving up after 21 iterations (flow=0/9)
  CostFlow: agents=1 tasks=1 maxlen=30 global_makespan=15905
  CostFlow: giving up after 21 iterations (flow=0/1)
  CostFlow: agents=9 tasks=9 maxlen=30 global_makespan=15926
  CostFlow: giving up after 21 iterations (flow=0/9)
  CostFlow: agents=1 tasks=1 maxlen=30 global_makespan=15947
  CostFlow: giving up after 21 iterations (flow=0/1)
  CostFlow: agents=9 tasks=9 maxlen=30 global_makespan=15968
  CostFlow: giving up after 21 iterations (flow=0/9)
  CostFlow: agents=1 tasks=1 maxlen=30 global_makespan=15989
  CostFlow: giving up after 21 iterations (flow=0/1)
  CostFlow: agents=9 tasks=9 maxlen=30 global_makespan=16010
  CostFlow: giving up after 21 iterations (flow=0/9)
  CostFlow: agents=1 tasks=1 maxlen=30 global_makespan=16031
  CostFlow: giving up after 21 iterations (flow=0/1)
  CostFlow: agents=9 tasks=9 maxlen=30 global_makespan=16052
  CostFlow: giving up after 21 iterations (flow=0/9)
  CostFlow: agents=1 tasks=1 maxlen=30 global_makespan=16073
  CostFlow: giving up after 21 iterations (flow=0/1)
  CostFlow: agents=9 tasks=9 maxlen=30 global_makespan=16094
  CostFlow: giving up after 21 iterations (flow=0/9)
  CostFlow: agents=1 tasks=1 maxlen=30 global_makespan=16115
  CostFlow: giving up after 21 iterations (flow=0/1)
  CostFlow: agents=9 tasks=9 maxlen=30 global_makespan=16136
  CostFlow: giving up after 21 iterations (flow=0/9)
  CostFlow: agents=1 tasks=1 maxlen=30 global_makespan=16157
  CostFlow: giving up after 21 iterations (flow=0/1)
  CostFlow: agents=9 tasks=9 maxlen=30 global_makespan=16178
  CostFlow: giving up after 21 iterations (flow=0/9)
  CostFlow: agents=1 tasks=1 maxlen=30 global_makespan=16199
  CostFlow: giving up after 21 iterations (flow=0/1)
  CostFlow: agents=9 tasks=9 maxlen=30 global_makespan=16220
  CostFlow: giving up after 21 iterations (flow=0/9)
  CostFlow: agents=1 tasks=1 maxlen=30 global_makespan=16241
  CostFlow: giving up after 21 iterations (flow=0/1)
  CostFlow: agents=9 tasks=9 maxlen=30 global_makespan=16262
  CostFlow: giving up after 21 iterations (flow=0/9)
  CostFlow: agents=1 tasks=1 maxlen=30 global_makespan=16283
  CostFlow: giving up after 21 iterations (flow=0/1)
  CostFlow: agents=9 tasks=9 maxlen=30 global_makespan=16304
  CostFlow: giving up after 21 iterations (flow=0/9)
  CostFlow: agents=1 tasks=1 maxlen=30 global_makespan=16325
  CostFlow: giving up after 21 iterations (flow=0/1)
  CostFlow: agents=9 tasks=9 maxlen=30 global_makespan=16346
  CostFlow: giving up after 21 iterations (flow=0/9)
  CostFlow: agents=1 tasks=1 maxlen=30 global_makespan=16367
  CostFlow: giving up after 21 iterations (flow=0/1)
  CostFlow: agents=9 tasks=9 maxlen=30 global_makespan=16388
  CostFlow: giving up after 21 iterations (flow=0/9)
  CostFlow: agents=1 tasks=1 maxlen=30 global_makespan=16409
  CostFlow: giving up after 21 iterations (flow=0/1)
  CostFlow: agents=9 tasks=9 maxlen=30 global_makespan=16430
  CostFlow: giving up after 21 iterations (flow=0/9)
  CostFlow: agents=1 tasks=1 maxlen=30 global_makespan=16451
  CostFlow: giving up after 21 iterations (flow=0/1)
  CostFlow: agents=9 tasks=9 maxlen=30 global_makespan=16472
  CostFlow: giving up after 21 iterations (flow=0/9)
  CostFlow: agents=1 tasks=1 maxlen=30 global_makespan=16493
  CostFlow: giving up after 21 iterations (flow=0/1)
  CostFlow: agents=9 tasks=9 maxlen=30 global_makespan=16514
  CostFlow: giving up after 21 iterations (flow=0/9)
  CostFlow: agents=1 tasks=1 maxlen=30 global_makespan=16535
  CostFlow: giving up after 21 iterations (flow=0/1)
  CostFlow: agents=9 tasks=9 maxlen=30 global_makespan=16556
  CostFlow: giving up after 21 iterations (flow=0/9)
  CostFlow: agents=1 tasks=1 maxlen=30 global_makespan=16577
  CostFlow: giving up after 21 iterations (flow=0/1)
  CostFlow: agents=9 tasks=9 maxlen=30 global_makespan=16598
  CostFlow: giving up after 21 iterations (flow=0/9)
  CostFlow: agents=1 tasks=1 maxlen=30 global_makespan=16619
  CostFlow: giving up after 21 iterations (flow=0/1)
  CostFlow: agents=9 tasks=9 maxlen=30 global_makespan=16640
  CostFlow: giving up after 21 iterations (flow=0/9)
  CostFlow: agents=1 tasks=1 maxlen=30 global_makespan=16661
  CostFlow: giving up after 21 iterations (flow=0/1)
  CostFlow: agents=9 tasks=9 maxlen=30 global_makespan=16682
  CostFlow: giving up after 21 iterations (flow=0/9)
  CostFlow: agents=1 tasks=1 maxlen=30 global_makespan=16703
  CostFlow: giving up after 21 iterations (flow=0/1)
  CostFlow: agents=9 tasks=9 maxlen=30 global_makespan=16724
  CostFlow: giving up after 21 iterations (flow=0/9)
  CostFlow: agents=1 tasks=1 maxlen=30 global_makespan=16745
  CostFlow: giving up after 21 iterations (flow=0/1)
  CostFlow: agents=9 tasks=9 maxlen=30 global_makespan=16766
  CostFlow: giving up after 21 iterations (flow=0/9)
  CostFlow: agents=1 tasks=1 maxlen=30 global_makespan=16787
  CostFlow: giving up after 21 iterations (flow=0/1)
  CostFlow: agents=9 tasks=9 maxlen=30 global_makespan=16808
  CostFlow: giving up after 21 iterations (flow=0/9)
  CostFlow: agents=1 tasks=1 maxlen=30 global_makespan=16829
  CostFlow: giving up after 21 iterations (flow=0/1)
  CostFlow: agents=9 tasks=9 maxlen=30 global_makespan=16850
  CostFlow: giving up after 21 iterations (flow=0/9)
  CostFlow: agents=1 tasks=1 maxlen=30 global_makespan=16871
  CostFlow: giving up after 21 iterations (flow=0/1)
  CostFlow: agents=9 tasks=9 maxlen=30 global_makespan=16892
  CostFlow: giving up after 21 iterations (flow=0/9)
  CostFlow: agents=1 tasks=1 maxlen=30 global_makespan=16913
  CostFlow: giving up after 21 iterations (flow=0/1)
  CostFlow: agents=9 tasks=9 maxlen=30 global_makespan=16934
  CostFlow: giving up after 21 iterations (flow=0/9)
  CostFlow: agents=1 tasks=1 maxlen=30 global_makespan=16955
  CostFlow: giving up after 21 iterations (flow=0/1)
  CostFlow: agents=9 tasks=9 maxlen=30 global_makespan=16976
  CostFlow: giving up after 21 iterations (flow=0/9)
  CostFlow: agents=1 tasks=1 maxlen=30 global_makespan=16997
  CostFlow: giving up after 21 iterations (flow=0/1)
  CostFlow: agents=9 tasks=9 maxlen=30 global_makespan=17018
  CostFlow: giving up after 21 iterations (flow=0/9)
  CostFlow: agents=1 tasks=1 maxlen=30 global_makespan=17039
  CostFlow: giving up after 21 iterations (flow=0/1)
  CostFlow: agents=9 tasks=9 maxlen=30 global_makespan=17060
  CostFlow: giving up after 21 iterations (flow=0/9)
  CostFlow: agents=1 tasks=1 maxlen=30 global_makespan=17081
  CostFlow: giving up after 21 iterations (flow=0/1)
  CostFlow: agents=9 tasks=9 maxlen=30 global_makespan=17102
  CostFlow: giving up after 21 iterations (flow=0/9)
  CostFlow: agents=1 tasks=1 maxlen=30 global_makespan=17123
  CostFlow: giving up after 21 iterations (flow=0/1)
  CostFlow: agents=9 tasks=9 maxlen=30 global_makespan=17144
  CostFlow: giving up after 21 iterations (flow=0/9)
  CostFlow: agents=1 tasks=1 maxlen=30 global_makespan=17165
  CostFlow: giving up after 21 iterations (flow=0/1)
  CostFlow: agents=9 tasks=9 maxlen=30 global_makespan=17186
  CostFlow: giving up after 21 iterations (flow=0/9)
  CostFlow: agents=1 tasks=1 maxlen=30 global_makespan=17207
  CostFlow: giving up after 21 iterations (flow=0/1)
  CostFlow: agents=9 tasks=9 maxlen=30 global_makespan=17228
  CostFlow: giving up after 21 iterations (flow=0/9)
  CostFlow: agents=1 tasks=1 maxlen=30 global_makespan=17249
  CostFlow: giving up after 21 iterations (flow=0/1)
  CostFlow: agents=9 tasks=9 maxlen=30 global_makespan=17270
  CostFlow: giving up after 21 iterations (flow=0/9)
  CostFlow: agents=1 tasks=1 maxlen=30 global_makespan=17291
  CostFlow: giving up after 21 iterations (flow=0/1)
  CostFlow: agents=9 tasks=9 maxlen=30 global_makespan=17312
  CostFlow: giving up after 21 iterations (flow=0/9)
  CostFlow: agents=1 tasks=1 maxlen=30 global_makespan=17333
  CostFlow: giving up after 21 iterations (flow=0/1)
  CostFlow: agents=9 tasks=9 maxlen=30 global_makespan=17354
  CostFlow: giving up after 21 iterations (flow=0/9)
  CostFlow: agents=1 tasks=1 maxlen=30 global_makespan=17375
  CostFlow: giving up after 21 iterations (flow=0/1)
  CostFlow: agents=9 tasks=9 maxlen=30 global_makespan=17396
  CostFlow: giving up after 21 iterations (flow=0/9)
  CostFlow: agents=1 tasks=1 maxlen=30 global_makespan=17417
  CostFlow: giving up after 21 iterations (flow=0/1)
  CostFlow: agents=9 tasks=9 maxlen=30 global_makespan=17438
  CostFlow: giving up after 21 iterations (flow=0/9)
  CostFlow: agents=1 tasks=1 maxlen=30 global_makespan=17459
  CostFlow: giving up after 21 iterations (flow=0/1)
  CostFlow: agents=9 tasks=9 maxlen=30 global_makespan=17480
  CostFlow: giving up after 21 iterations (flow=0/9)
  CostFlow: agents=1 tasks=1 maxlen=30 global_makespan=17501
  CostFlow: giving up after 21 iterations (flow=0/1)
  CostFlow: agents=9 tasks=9 maxlen=30 global_makespan=17522
  CostFlow: giving up after 21 iterations (flow=0/9)
  CostFlow: agents=1 tasks=1 maxlen=30 global_makespan=17543
  CostFlow: giving up after 21 iterations (flow=0/1)
  CostFlow: agents=9 tasks=9 maxlen=30 global_makespan=17564
  CostFlow: giving up after 21 iterations (flow=0/9)
  CostFlow: agents=1 tasks=1 maxlen=30 global_makespan=17585
  CostFlow: giving up after 21 iterations (flow=0/1)
  CostFlow: agents=9 tasks=9 maxlen=30 global_makespan=17606
  CostFlow: giving up after 21 iterations (flow=0/9)
  CostFlow: agents=1 tasks=1 maxlen=30 global_makespan=17627
  CostFlow: giving up after 21 iterations (flow=0/1)
  CostFlow: agents=9 tasks=9 maxlen=30 global_makespan=17648
  CostFlow: giving up after 21 iterations (flow=0/9)
  CostFlow: agents=1 tasks=1 maxlen=30 global_makespan=17669
  CostFlow: giving up after 21 iterations (flow=0/1)
  CostFlow: agents=9 tasks=9 maxlen=30 global_makespan=17690
  CostFlow: giving up after 21 iterations (flow=0/9)
  CostFlow: agents=1 tasks=1 maxlen=30 global_makespan=17711
  CostFlow: giving up after 21 iterations (flow=0/1)
  CostFlow: agents=9 tasks=9 maxlen=30 global_makespan=17732
  CostFlow: giving up after 21 iterations (flow=0/9)
  CostFlow: agents=1 tasks=1 maxlen=30 global_makespan=17753
  CostFlow: giving up after 21 iterations (flow=0/1)
  CostFlow: agents=9 tasks=9 maxlen=30 global_makespan=17774
  CostFlow: giving up after 21 iterations (flow=0/9)
  CostFlow: agents=1 tasks=1 maxlen=30 global_makespan=17795
  CostFlow: giving up after 21 iterations (flow=0/1)
  CostFlow: agents=9 tasks=9 maxlen=30 global_makespan=17816
  CostFlow: giving up after 21 iterations (flow=0/9)
  CostFlow: agents=1 tasks=1 maxlen=30 global_makespan=17837
  CostFlow: giving up after 21 iterations (flow=0/1)
  CostFlow: agents=9 tasks=9 maxlen=30 global_makespan=17858
  CostFlow: giving up after 21 iterations (flow=0/9)
  CostFlow: agents=1 tasks=1 maxlen=30 global_makespan=17879
  CostFlow: giving up after 21 iterations (flow=0/1)
  CostFlow: agents=9 tasks=9 maxlen=30 global_makespan=17900
  CostFlow: giving up after 21 iterations (flow=0/9)
  CostFlow: agents=1 tasks=1 maxlen=30 global_makespan=17921
  CostFlow: giving up after 21 iterations (flow=0/1)
  CostFlow: agents=9 tasks=9 maxlen=30 global_makespan=17942
  CostFlow: giving up after 21 iterations (flow=0/9)
  CostFlow: agents=1 tasks=1 maxlen=30 global_makespan=17963
  CostFlow: giving up after 21 iterations (flow=0/1)
  CostFlow: agents=9 tasks=9 maxlen=30 global_makespan=17984
  CostFlow: giving up after 21 iterations (flow=0/9)
  CostFlow: agents=1 tasks=1 maxlen=30 global_makespan=18005
  CostFlow: giving up after 21 iterations (flow=0/1)
  CostFlow: agents=9 tasks=9 maxlen=30 global_makespan=18026
  CostFlow: giving up after 21 iterations (flow=0/9)
  CostFlow: agents=1 tasks=1 maxlen=30 global_makespan=18047
  CostFlow: giving up after 21 iterations (flow=0/1)
  CostFlow: agents=9 tasks=9 maxlen=30 global_makespan=18068
  CostFlow: giving up after 21 iterations (flow=0/9)
  CostFlow: agents=1 tasks=1 maxlen=30 global_makespan=18089
  CostFlow: giving up after 21 iterations (flow=0/1)
  CostFlow: agents=9 tasks=9 maxlen=30 global_makespan=18110
  CostFlow: giving up after 21 iterations (flow=0/9)
  CostFlow: agents=1 tasks=1 maxlen=30 global_makespan=18131
  CostFlow: giving up after 21 iterations (flow=0/1)
  CostFlow: agents=9 tasks=9 maxlen=30 global_makespan=18152
  CostFlow: giving up after 21 iterations (flow=0/9)
  CostFlow: agents=1 tasks=1 maxlen=30 global_makespan=18173
  CostFlow: giving up after 21 iterations (flow=0/1)
  CostFlow: agents=9 tasks=9 maxlen=30 global_makespan=18194
  CostFlow: giving up after 21 iterations (flow=0/9)
  CostFlow: agents=1 tasks=1 maxlen=30 global_makespan=18215
  CostFlow: giving up after 21 iterations (flow=0/1)
  CostFlow: agents=9 tasks=9 maxlen=30 global_makespan=18236
  CostFlow: giving up after 21 iterations (flow=0/9)
  CostFlow: agents=1 tasks=1 maxlen=30 global_makespan=18257
  CostFlow: giving up after 21 iterations (flow=0/1)
  CostFlow: agents=9 tasks=9 maxlen=30 global_makespan=18278
  CostFlow: giving up after 21 iterations (flow=0/9)
  CostFlow: agents=1 tasks=1 maxlen=30 global_makespan=18299
  CostFlow: giving up after 21 iterations (flow=0/1)
  CostFlow: agents=9 tasks=9 maxlen=30 global_makespan=18320
  CostFlow: giving up after 21 iterations (flow=0/9)
  CostFlow: agents=1 tasks=1 maxlen=30 global_makespan=18341
  CostFlow: giving up after 21 iterations (flow=0/1)
  CostFlow: agents=9 tasks=9 maxlen=30 global_makespan=18362
  CostFlow: giving up after 21 iterations (flow=0/9)
  CostFlow: agents=1 tasks=1 maxlen=30 global_makespan=18383
  CostFlow: giving up after 21 iterations (flow=0/1)
  CostFlow: agents=9 tasks=9 maxlen=30 global_makespan=18404
  CostFlow: giving up after 21 iterations (flow=0/9)
  CostFlow: agents=1 tasks=1 maxlen=30 global_makespan=18425
  CostFlow: giving up after 21 iterations (flow=0/1)
  CostFlow: agents=9 tasks=9 maxlen=30 global_makespan=18446
  CostFlow: giving up after 21 iterations (flow=0/9)
  CostFlow: agents=1 tasks=1 maxlen=30 global_makespan=18467
  CostFlow: giving up after 21 iterations (flow=0/1)
  CostFlow: agents=9 tasks=9 maxlen=30 global_makespan=18488
  CostFlow: giving up after 21 iterations (flow=0/9)
  CostFlow: agents=1 tasks=1 maxlen=30 global_makespan=18509
  CostFlow: giving up after 21 iterations (flow=0/1)
  CostFlow: agents=9 tasks=9 maxlen=30 global_makespan=18530
  CostFlow: giving up after 21 iterations (flow=0/9)
  CostFlow: agents=1 tasks=1 maxlen=30 global_makespan=18551
  CostFlow: giving up after 21 iterations (flow=0/1)
  CostFlow: agents=9 tasks=9 maxlen=30 global_makespan=18572
  CostFlow: giving up after 21 iterations (flow=0/9)
  CostFlow: agents=1 tasks=1 maxlen=30 global_makespan=18593
  CostFlow: giving up after 21 iterations (flow=0/1)
  CostFlow: agents=9 tasks=9 maxlen=30 global_makespan=18614
  CostFlow: giving up after 21 iterations (flow=0/9)
  CostFlow: agents=1 tasks=1 maxlen=30 global_makespan=18635
  CostFlow: giving up after 21 iterations (flow=0/1)
  CostFlow: agents=9 tasks=9 maxlen=30 global_makespan=18656
  CostFlow: giving up after 21 iterations (flow=0/9)
  CostFlow: agents=1 tasks=1 maxlen=30 global_makespan=18677
  CostFlow: giving up after 21 iterations (flow=0/1)
  CostFlow: agents=9 tasks=9 maxlen=30 global_makespan=18698
  CostFlow: giving up after 21 iterations (flow=0/9)
  CostFlow: agents=1 tasks=1 maxlen=30 global_makespan=18719
  CostFlow: giving up after 21 iterations (flow=0/1)
  CostFlow: agents=9 tasks=9 maxlen=30 global_makespan=18740
  CostFlow: giving up after 21 iterations (flow=0/9)
  CostFlow: agents=1 tasks=1 maxlen=30 global_makespan=18761
  CostFlow: giving up after 21 iterations (flow=0/1)
  CostFlow: agents=9 tasks=9 maxlen=30 global_makespan=18782
  CostFlow: giving up after 21 iterations (flow=0/9)
  CostFlow: agents=1 tasks=1 maxlen=30 global_makespan=18803
  CostFlow: giving up after 21 iterations (flow=0/1)
  CostFlow: agents=9 tasks=9 maxlen=30 global_makespan=18824
  CostFlow: giving up after 21 iterations (flow=0/9)
  CostFlow: agents=1 tasks=1 maxlen=30 global_makespan=18845
  CostFlow: giving up after 21 iterations (flow=0/1)
  CostFlow: agents=9 tasks=9 maxlen=30 global_makespan=18866
  CostFlow: giving up after 21 iterations (flow=0/9)
  CostFlow: agents=1 tasks=1 maxlen=30 global_makespan=18887
  CostFlow: giving up after 21 iterations (flow=0/1)
  CostFlow: agents=9 tasks=9 maxlen=30 global_makespan=18908
  CostFlow: giving up after 21 iterations (flow=0/9)
  CostFlow: agents=1 tasks=1 maxlen=30 global_makespan=18929
  CostFlow: giving up after 21 iterations (flow=0/1)
  CostFlow: agents=9 tasks=9 maxlen=30 global_makespan=18950
  CostFlow: giving up after 21 iterations (flow=0/9)
  CostFlow: agents=1 tasks=1 maxlen=30 global_makespan=18971
  CostFlow: giving up after 21 iterations (flow=0/1)
  CostFlow: agents=9 tasks=9 maxlen=30 global_makespan=18992
  CostFlow: giving up after 21 iterations (flow=0/9)
  CostFlow: agents=1 tasks=1 maxlen=30 global_makespan=19013
  CostFlow: giving up after 21 iterations (flow=0/1)
  CostFlow: agents=9 tasks=9 maxlen=30 global_makespan=19034
  CostFlow: giving up after 21 iterations (flow=0/9)
  CostFlow: agents=1 tasks=1 maxlen=30 global_makespan=19055
  CostFlow: giving up after 21 iterations (flow=0/1)
  CostFlow: agents=9 tasks=9 maxlen=30 global_makespan=19076
  CostFlow: giving up after 21 iterations (flow=0/9)
  CostFlow: agents=1 tasks=1 maxlen=30 global_makespan=19097
  CostFlow: giving up after 21 iterations (flow=0/1)
  CostFlow: agents=9 tasks=9 maxlen=30 global_makespan=19118
  CostFlow: giving up after 21 iterations (flow=0/9)
  CostFlow: agents=1 tasks=1 maxlen=30 global_makespan=19139
  CostFlow: giving up after 21 iterations (flow=0/1)
  CostFlow: agents=9 tasks=9 maxlen=30 global_makespan=19160
  CostFlow: giving up after 21 iterations (flow=0/9)
  CostFlow: agents=1 tasks=1 maxlen=30 global_makespan=19181
  CostFlow: giving up after 21 iterations (flow=0/1)
  CostFlow: agents=9 tasks=9 maxlen=30 global_makespan=19202
  CostFlow: giving up after 21 iterations (flow=0/9)
  CostFlow: agents=1 tasks=1 maxlen=30 global_makespan=19223
  CostFlow: giving up after 21 iterations (flow=0/1)
  CostFlow: agents=9 tasks=9 maxlen=30 global_makespan=19244
  CostFlow: giving up after 21 iterations (flow=0/9)
  CostFlow: agents=1 tasks=1 maxlen=30 global_makespan=19265
  CostFlow: giving up after 21 iterations (flow=0/1)
  CostFlow: agents=9 tasks=9 maxlen=30 global_makespan=19286
  CostFlow: giving up after 21 iterations (flow=0/9)
  CostFlow: agents=1 tasks=1 maxlen=30 global_makespan=19307
  CostFlow: giving up after 21 iterations (flow=0/1)
  CostFlow: agents=9 tasks=9 maxlen=30 global_makespan=19328
  CostFlow: giving up after 21 iterations (flow=0/9)
  CostFlow: agents=1 tasks=1 maxlen=30 global_makespan=19349
  CostFlow: giving up after 21 iterations (flow=0/1)
  CostFlow: agents=9 tasks=9 maxlen=30 global_makespan=19370
  CostFlow: giving up after 21 iterations (flow=0/9)
  CostFlow: agents=1 tasks=1 maxlen=30 global_makespan=19391
  CostFlow: giving up after 21 iterations (flow=0/1)
  CostFlow: agents=9 tasks=9 maxlen=30 global_makespan=19412
  CostFlow: giving up after 21 iterations (flow=0/9)
  CostFlow: agents=1 tasks=1 maxlen=30 global_makespan=19433
  CostFlow: giving up after 21 iterations (flow=0/1)
  CostFlow: agents=9 tasks=9 maxlen=30 global_makespan=19454
  CostFlow: giving up after 21 iterations (flow=0/9)
  CostFlow: agents=1 tasks=1 maxlen=30 global_makespan=19475
  CostFlow: giving up after 21 iterations (flow=0/1)
  CostFlow: agents=9 tasks=9 maxlen=30 global_makespan=19496
  CostFlow: giving up after 21 iterations (flow=0/9)
  CostFlow: agents=1 tasks=1 maxlen=30 global_makespan=19517
  CostFlow: giving up after 21 iterations (flow=0/1)
  CostFlow: agents=9 tasks=9 maxlen=30 global_makespan=19538
  CostFlow: giving up after 21 iterations (flow=0/9)
  CostFlow: agents=1 tasks=1 maxlen=30 global_makespan=19559
  CostFlow: giving up after 21 iterations (flow=0/1)
  CostFlow: agents=9 tasks=9 maxlen=30 global_makespan=19580
  CostFlow: giving up after 21 iterations (flow=0/9)
  CostFlow: agents=1 tasks=1 maxlen=30 global_makespan=19601
  CostFlow: giving up after 21 iterations (flow=0/1)
  CostFlow: agents=9 tasks=9 maxlen=30 global_makespan=19622
  CostFlow: giving up after 21 iterations (flow=0/9)
  CostFlow: agents=1 tasks=1 maxlen=30 global_makespan=19643
  CostFlow: giving up after 21 iterations (flow=0/1)
  CostFlow: agents=9 tasks=9 maxlen=30 global_makespan=19664
  CostFlow: giving up after 21 iterations (flow=0/9)
  CostFlow: agents=1 tasks=1 maxlen=30 global_makespan=19685
  CostFlow: giving up after 21 iterations (flow=0/1)
  CostFlow: agents=9 tasks=9 maxlen=30 global_makespan=19706
  CostFlow: giving up after 21 iterations (flow=0/9)
  CostFlow: agents=1 tasks=1 maxlen=30 global_makespan=19727
  CostFlow: giving up after 21 iterations (flow=0/1)
  CostFlow: agents=9 tasks=9 maxlen=30 global_makespan=19748
  CostFlow: giving up after 21 iterations (flow=0/9)
  CostFlow: agents=1 tasks=1 maxlen=30 global_makespan=19769
  CostFlow: giving up after 21 iterations (flow=0/1)
  CostFlow: agents=9 tasks=9 maxlen=30 global_makespan=19790
  CostFlow: giving up after 21 iterations (flow=0/9)
  CostFlow: agents=1 tasks=1 maxlen=30 global_makespan=19811
  CostFlow: giving up after 21 iterations (flow=0/1)
  CostFlow: agents=9 tasks=9 maxlen=30 global_makespan=19832
  CostFlow: giving up after 21 iterations (flow=0/9)
  CostFlow: agents=1 tasks=1 maxlen=30 global_makespan=19853
  CostFlow: giving up after 21 iterations (flow=0/1)
  CostFlow: agents=9 tasks=9 maxlen=30 global_makespan=19874
  CostFlow: giving up after 21 iterations (flow=0/9)
  CostFlow: agents=1 tasks=1 maxlen=30 global_makespan=19895
  CostFlow: giving up after 21 iterations (flow=0/1)
  CostFlow: agents=9 tasks=9 maxlen=30 global_makespan=19916
  CostFlow: giving up after 21 iterations (flow=0/9)
  CostFlow: agents=1 tasks=1 maxlen=30 global_makespan=19937
  CostFlow: giving up after 21 iterations (flow=0/1)
  CostFlow: agents=9 tasks=9 maxlen=30 global_makespan=19958
  CostFlow: giving up after 21 iterations (flow=0/9)
  CostFlow: agents=1 tasks=1 maxlen=30 global_makespan=19979
  CostFlow: giving up after 21 iterations (flow=0/1)
  CostFlow: agents=9 tasks=9 maxlen=30 global_makespan=20000
  CostFlow: giving up after 21 iterations (flow=0/9)
  CostFlow: agents=1 tasks=1 maxlen=30 global_makespan=20021
  CostFlow: giving up after 21 iterations (flow=0/1)
  CostFlow: agents=9 tasks=9 maxlen=30 global_makespan=20042
  CostFlow: giving up after 21 iterations (flow=0/9)
  CostFlow: agents=1 tasks=1 maxlen=30 global_makespan=20063
  CostFlow: giving up after 21 iterations (flow=0/1)
  CostFlow: agents=9 tasks=9 maxlen=30 global_makespan=20084
  CostFlow: giving up after 21 iterations (flow=0/9)
  CostFlow: agents=1 tasks=1 maxlen=30 global_makespan=20105
  CostFlow: giving up after 21 iterations (flow=0/1)
  CostFlow: agents=9 tasks=9 maxlen=30 global_makespan=20126
  CostFlow: giving up after 21 iterations (flow=0/9)
  CostFlow: agents=1 tasks=1 maxlen=30 global_makespan=20147
  CostFlow: giving up after 21 iterations (flow=0/1)
  CostFlow: agents=9 tasks=9 maxlen=30 global_makespan=20168
  CostFlow: giving up after 21 iterations (flow=0/9)
  CostFlow: agents=1 tasks=1 maxlen=30 global_makespan=20189
  CostFlow: giving up after 21 iterations (flow=0/1)
  CostFlow: agents=9 tasks=9 maxlen=30 global_makespan=20210
  CostFlow: giving up after 21 iterations (flow=0/9)
  CostFlow: agents=1 tasks=1 maxlen=30 global_makespan=20231
  CostFlow: giving up after 21 iterations (flow=0/1)
  CostFlow: agents=9 tasks=9 maxlen=30 global_makespan=20252
  CostFlow: giving up after 21 iterations (flow=0/9)
  CostFlow: agents=1 tasks=1 maxlen=30 global_makespan=20273
  CostFlow: giving up after 21 iterations (flow=0/1)
  CostFlow: agents=9 tasks=9 maxlen=30 global_makespan=20294
  CostFlow: giving up after 21 iterations (flow=0/9)
  CostFlow: agents=1 tasks=1 maxlen=30 global_makespan=20315
  CostFlow: giving up after 21 iterations (flow=0/1)
  CostFlow: agents=9 tasks=9 maxlen=30 global_makespan=20336
  CostFlow: giving up after 21 iterations (flow=0/9)
  CostFlow: agents=1 tasks=1 maxlen=30 global_makespan=20357
  CostFlow: giving up after 21 iterations (flow=0/1)
  CostFlow: agents=9 tasks=9 maxlen=30 global_makespan=20378
  CostFlow: giving up after 21 iterations (flow=0/9)
  CostFlow: agents=1 tasks=1 maxlen=30 global_makespan=20399
  CostFlow: giving up after 21 iterations (flow=0/1)
  CostFlow: agents=9 tasks=9 maxlen=30 global_makespan=20420
  CostFlow: giving up after 21 iterations (flow=0/9)
  CostFlow: agents=1 tasks=1 maxlen=30 global_makespan=20441
  CostFlow: giving up after 21 iterations (flow=0/1)
  CostFlow: agents=9 tasks=9 maxlen=30 global_makespan=20462
  CostFlow: giving up after 21 iterations (flow=0/9)
  CostFlow: agents=1 tasks=1 maxlen=30 global_makespan=20483
  CostFlow: giving up after 21 iterations (flow=0/1)
  CostFlow: agents=9 tasks=9 maxlen=30 global_makespan=20504
  CostFlow: giving up after 21 iterations (flow=0/9)
  CostFlow: agents=1 tasks=1 maxlen=30 global_makespan=20525
  CostFlow: giving up after 21 iterations (flow=0/1)
  CostFlow: agents=9 tasks=9 maxlen=30 global_makespan=20546
  CostFlow: giving up after 21 iterations (flow=0/9)
  CostFlow: agents=1 tasks=1 maxlen=30 global_makespan=20567
  CostFlow: giving up after 21 iterations (flow=0/1)
  CostFlow: agents=9 tasks=9 maxlen=30 global_makespan=20588
  CostFlow: giving up after 21 iterations (flow=0/9)
  CostFlow: agents=1 tasks=1 maxlen=30 global_makespan=20609
  CostFlow: giving up after 21 iterations (flow=0/1)
  CostFlow: agents=9 tasks=9 maxlen=30 global_makespan=20630
  CostFlow: giving up after 21 iterations (flow=0/9)
  CostFlow: agents=1 tasks=1 maxlen=30 global_makespan=20651
  CostFlow: giving up after 21 iterations (flow=0/1)
  CostFlow: agents=9 tasks=9 maxlen=30 global_makespan=20672
  CostFlow: giving up after 21 iterations (flow=0/9)
  CostFlow: agents=1 tasks=1 maxlen=30 global_makespan=20693
  CostFlow: giving up after 21 iterations (flow=0/1)
  CostFlow: agents=9 tasks=9 maxlen=30 global_makespan=20714
  CostFlow: giving up after 21 iterations (flow=0/9)
  CostFlow: agents=1 tasks=1 maxlen=30 global_makespan=20735
  CostFlow: giving up after 21 iterations (flow=0/1)
  CostFlow: agents=9 tasks=9 maxlen=30 global_makespan=20756
  CostFlow: giving up after 21 iterations (flow=0/9)
  CostFlow: agents=1 tasks=1 maxlen=30 global_makespan=20777
  CostFlow: giving up after 21 iterations (flow=0/1)
  CostFlow: agents=9 tasks=9 maxlen=30 global_makespan=20798
  CostFlow: giving up after 21 iterations (flow=0/9)
  CostFlow: agents=1 tasks=1 maxlen=30 global_makespan=20819
  CostFlow: giving up after 21 iterations (flow=0/1)
  CostFlow: agents=9 tasks=9 maxlen=30 global_makespan=20840
  CostFlow: giving up after 21 iterations (flow=0/9)
  CostFlow: agents=1 tasks=1 maxlen=30 global_makespan=20861
  CostFlow: giving up after 21 iterations (flow=0/1)
  CostFlow: agents=9 tasks=9 maxlen=30 global_makespan=20882
  CostFlow: giving up after 21 iterations (flow=0/9)
  CostFlow: agents=1 tasks=1 maxlen=30 global_makespan=20903
  CostFlow: giving up after 21 iterations (flow=0/1)
  CostFlow: agents=9 tasks=9 maxlen=30 global_makespan=20924
  CostFlow: giving up after 21 iterations (flow=0/9)
  CostFlow: agents=1 tasks=1 maxlen=30 global_makespan=20945
  CostFlow: giving up after 21 iterations (flow=0/1)
  CostFlow: agents=9 tasks=9 maxlen=30 global_makespan=20966
  CostFlow: giving up after 21 iterations (flow=0/9)
  CostFlow: agents=1 tasks=1 maxlen=30 global_makespan=20987
  CostFlow: giving up after 21 iterations (flow=0/1)
  CostFlow: agents=9 tasks=9 maxlen=30 global_makespan=21008
  CostFlow: giving up after 21 iterations (flow=0/9)
  CostFlow: agents=1 tasks=1 maxlen=30 global_makespan=21029
  CostFlow: giving up after 21 iterations (flow=0/1)
  CostFlow: agents=9 tasks=9 maxlen=30 global_makespan=21050
  CostFlow: giving up after 21 iterations (flow=0/9)
  CostFlow: agents=1 tasks=1 maxlen=30 global_makespan=21071
  CostFlow: giving up after 21 iterations (flow=0/1)
  CostFlow: agents=9 tasks=9 maxlen=30 global_makespan=21092
  CostFlow: giving up after 21 iterations (flow=0/9)
  CostFlow: agents=1 tasks=1 maxlen=30 global_makespan=21113
  CostFlow: giving up after 21 iterations (flow=0/1)
  CostFlow: agents=9 tasks=9 maxlen=30 global_makespan=21134
  CostFlow: giving up after 21 iterations (flow=0/9)
  CostFlow: agents=1 tasks=1 maxlen=30 global_makespan=21155
  CostFlow: giving up after 21 iterations (flow=0/1)
  CostFlow: agents=9 tasks=9 maxlen=30 global_makespan=21176
  CostFlow: giving up after 21 iterations (flow=0/9)
  CostFlow: agents=1 tasks=1 maxlen=30 global_makespan=21197
  CostFlow: giving up after 21 iterations (flow=0/1)
  CostFlow: agents=9 tasks=9 maxlen=30 global_makespan=21218
  CostFlow: giving up after 21 iterations (flow=0/9)
  CostFlow: agents=1 tasks=1 maxlen=30 global_makespan=21239
  CostFlow: giving up after 21 iterations (flow=0/1)
  CostFlow: agents=9 tasks=9 maxlen=30 global_makespan=21260
  CostFlow: giving up after 21 iterations (flow=0/9)
  CostFlow: agents=1 tasks=1 maxlen=30 global_makespan=21281
  CostFlow: giving up after 21 iterations (flow=0/1)
  CostFlow: agents=9 tasks=9 maxlen=30 global_makespan=21302
  CostFlow: giving up after 21 iterations (flow=0/9)
  CostFlow: agents=1 tasks=1 maxlen=30 global_makespan=21323
  CostFlow: giving up after 21 iterations (flow=0/1)
  CostFlow: agents=9 tasks=9 maxlen=30 global_makespan=21344
  CostFlow: giving up after 21 iterations (flow=0/9)
  CostFlow: agents=1 tasks=1 maxlen=30 global_makespan=21365
  CostFlow: giving up after 21 iterations (flow=0/1)
  CostFlow: agents=9 tasks=9 maxlen=30 global_makespan=21386
  CostFlow: giving up after 21 iterations (flow=0/9)
  CostFlow: agents=1 tasks=1 maxlen=30 global_makespan=21407
  CostFlow: giving up after 21 iterations (flow=0/1)
  CostFlow: agents=9 tasks=9 maxlen=30 global_makespan=21428
  CostFlow: giving up after 21 iterations (flow=0/9)
  CostFlow: agents=1 tasks=1 maxlen=30 global_makespan=21449
  CostFlow: giving up after 21 iterations (flow=0/1)
  CostFlow: agents=9 tasks=9 maxlen=30 global_makespan=21470
  CostFlow: giving up after 21 iterations (flow=0/9)
  CostFlow: agents=1 tasks=1 maxlen=30 global_makespan=21491
  CostFlow: giving up after 21 iterations (flow=0/1)
  CostFlow: agents=9 tasks=9 maxlen=30 global_makespan=21512
  CostFlow: giving up after 21 iterations (flow=0/9)
  CostFlow: agents=1 tasks=1 maxlen=30 global_makespan=21533
  CostFlow: giving up after 21 iterations (flow=0/1)
  CostFlow: agents=9 tasks=9 maxlen=30 global_makespan=21554
  CostFlow: giving up after 21 iterations (flow=0/9)
  CostFlow: agents=1 tasks=1 maxlen=30 global_makespan=21575
  CostFlow: giving up after 21 iterations (flow=0/1)
  CostFlow: agents=9 tasks=9 maxlen=30 global_makespan=21596
  CostFlow: giving up after 21 iterations (flow=0/9)
  CostFlow: agents=1 tasks=1 maxlen=30 global_makespan=21617
  CostFlow: giving up after 21 iterations (flow=0/1)
  CostFlow: agents=9 tasks=9 maxlen=30 global_makespan=21638
  CostFlow: giving up after 21 iterations (flow=0/9)
  CostFlow: agents=1 tasks=1 maxlen=30 global_makespan=21659
  CostFlow: giving up after 21 iterations (flow=0/1)
  CostFlow: agents=9 tasks=9 maxlen=30 global_makespan=21680
  CostFlow: giving up after 21 iterations (flow=0/9)
  CostFlow: agents=1 tasks=1 maxlen=30 global_makespan=21701
  CostFlow: giving up after 21 iterations (flow=0/1)
  CostFlow: agents=9 tasks=9 maxlen=30 global_makespan=21722
  CostFlow: giving up after 21 iterations (flow=0/9)
  CostFlow: agents=1 tasks=1 maxlen=30 global_makespan=21743
  CostFlow: giving up after 21 iterations (flow=0/1)
  CostFlow: agents=9 tasks=9 maxlen=30 global_makespan=21764
  CostFlow: giving up after 21 iterations (flow=0/9)
  CostFlow: agents=1 tasks=1 maxlen=30 global_makespan=21785
  CostFlow: giving up after 21 iterations (flow=0/1)
  CostFlow: agents=9 tasks=9 maxlen=30 global_makespan=21806
  CostFlow: giving up after 21 iterations (flow=0/9)
  CostFlow: agents=1 tasks=1 maxlen=30 global_makespan=21827
  CostFlow: giving up after 21 iterations (flow=0/1)
  CostFlow: agents=9 tasks=9 maxlen=30 global_makespan=21848
  CostFlow: giving up after 21 iterations (flow=0/9)
  CostFlow: agents=1 tasks=1 maxlen=30 global_makespan=21869
  CostFlow: giving up after 21 iterations (flow=0/1)
  CostFlow: agents=9 tasks=9 maxlen=30 global_makespan=21890
  CostFlow: giving up after 21 iterations (flow=0/9)
  CostFlow: agents=1 tasks=1 maxlen=30 global_makespan=21911
  CostFlow: giving up after 21 iterations (flow=0/1)
  CostFlow: agents=9 tasks=9 maxlen=30 global_makespan=21932
  CostFlow: giving up after 21 iterations (flow=0/9)
  CostFlow: agents=1 tasks=1 maxlen=30 global_makespan=21953
  CostFlow: giving up after 21 iterations (flow=0/1)
  CostFlow: agents=9 tasks=9 maxlen=30 global_makespan=21974
  CostFlow: giving up after 21 iterations (flow=0/9)
  CostFlow: agents=1 tasks=1 maxlen=30 global_makespan=21995
  CostFlow: giving up after 21 iterations (flow=0/1)
  CostFlow: agents=9 tasks=9 maxlen=30 global_makespan=22016
  CostFlow: giving up after 21 iterations (flow=0/9)
  CostFlow: agents=1 tasks=1 maxlen=30 global_makespan=22037
  CostFlow: giving up after 21 iterations (flow=0/1)
  CostFlow: agents=9 tasks=9 maxlen=30 global_makespan=22058
  CostFlow: giving up after 21 iterations (flow=0/9)
  CostFlow: agents=1 tasks=1 maxlen=30 global_makespan=22079
  CostFlow: giving up after 21 iterations (flow=0/1)
  CostFlow: agents=9 tasks=9 maxlen=30 global_makespan=22100
  CostFlow: giving up after 21 iterations (flow=0/9)
  CostFlow: agents=1 tasks=1 maxlen=30 global_makespan=22121
  CostFlow: giving up after 21 iterations (flow=0/1)
  CostFlow: agents=9 tasks=9 maxlen=30 global_makespan=22142
  CostFlow: giving up after 21 iterations (flow=0/9)
  CostFlow: agents=1 tasks=1 maxlen=30 global_makespan=22163
  CostFlow: giving up after 21 iterations (flow=0/1)
  CostFlow: agents=9 tasks=9 maxlen=30 global_makespan=22184
  CostFlow: giving up after 21 iterations (flow=0/9)
  CostFlow: agents=1 tasks=1 maxlen=30 global_makespan=22205
  CostFlow: giving up after 21 iterations (flow=0/1)
  CostFlow: agents=9 tasks=9 maxlen=30 global_makespan=22226
  CostFlow: giving up after 21 iterations (flow=0/9)
  CostFlow: agents=1 tasks=1 maxlen=30 global_makespan=22247
  CostFlow: giving up after 21 iterations (flow=0/1)
  CostFlow: agents=9 tasks=9 maxlen=30 global_makespan=22268
  CostFlow: giving up after 21 iterations (flow=0/9)
  CostFlow: agents=1 tasks=1 maxlen=30 global_makespan=22289
  CostFlow: giving up after 21 iterations (flow=0/1)
  CostFlow: agents=9 tasks=9 maxlen=30 global_makespan=22310
  CostFlow: giving up after 21 iterations (flow=0/9)
  CostFlow: agents=1 tasks=1 maxlen=30 global_makespan=22331
  CostFlow: giving up after 21 iterations (flow=0/1)
  CostFlow: agents=9 tasks=9 maxlen=30 global_makespan=22352
  CostFlow: giving up after 21 iterations (flow=0/9)
  CostFlow: agents=1 tasks=1 maxlen=30 global_makespan=22373
  CostFlow: giving up after 21 iterations (flow=0/1)
  CostFlow: agents=9 tasks=9 maxlen=30 global_makespan=22394
  CostFlow: giving up after 21 iterations (flow=0/9)
  CostFlow: agents=1 tasks=1 maxlen=30 global_makespan=22415
  CostFlow: giving up after 21 iterations (flow=0/1)
  CostFlow: agents=9 tasks=9 maxlen=30 global_makespan=22436
  CostFlow: giving up after 21 iterations (flow=0/9)
  CostFlow: agents=1 tasks=1 maxlen=30 global_makespan=22457
  CostFlow: giving up after 21 iterations (flow=0/1)
  CostFlow: agents=9 tasks=9 maxlen=30 global_makespan=22478
  CostFlow: giving up after 21 iterations (flow=0/9)
  CostFlow: agents=1 tasks=1 maxlen=30 global_makespan=22499
  CostFlow: giving up after 21 iterations (flow=0/1)
  CostFlow: agents=9 tasks=9 maxlen=30 global_makespan=22520
  CostFlow: giving up after 21 iterations (flow=0/9)
  CostFlow: agents=1 tasks=1 maxlen=30 global_makespan=22541
  CostFlow: giving up after 21 iterations (flow=0/1)
  CostFlow: agents=9 tasks=9 maxlen=30 global_makespan=22562
  CostFlow: giving up after 21 iterations (flow=0/9)
  CostFlow: agents=1 tasks=1 maxlen=30 global_makespan=22583
  CostFlow: giving up after 21 iterations (flow=0/1)
  CostFlow: agents=9 tasks=9 maxlen=30 global_makespan=22604
  CostFlow: giving up after 21 iterations (flow=0/9)
  CostFlow: agents=1 tasks=1 maxlen=30 global_makespan=22625
  CostFlow: giving up after 21 iterations (flow=0/1)
  CostFlow: agents=9 tasks=9 maxlen=30 global_makespan=22646
  CostFlow: giving up after 21 iterations (flow=0/9)
  CostFlow: agents=1 tasks=1 maxlen=30 global_makespan=22667
  CostFlow: giving up after 21 iterations (flow=0/1)
  CostFlow: agents=9 tasks=9 maxlen=30 global_makespan=22688
  CostFlow: giving up after 21 iterations (flow=0/9)
  CostFlow: agents=1 tasks=1 maxlen=30 global_makespan=22709
  CostFlow: giving up after 21 iterations (flow=0/1)
  CostFlow: agents=9 tasks=9 maxlen=30 global_makespan=22730
  CostFlow: giving up after 21 iterations (flow=0/9)
  CostFlow: agents=1 tasks=1 maxlen=30 global_makespan=22751
  CostFlow: giving up after 21 iterations (flow=0/1)
  CostFlow: agents=9 tasks=9 maxlen=30 global_makespan=22772
  CostFlow: giving up after 21 iterations (flow=0/9)
  CostFlow: agents=1 tasks=1 maxlen=30 global_makespan=22793
  CostFlow: giving up after 21 iterations (flow=0/1)
  CostFlow: agents=9 tasks=9 maxlen=30 global_makespan=22814
  CostFlow: giving up after 21 iterations (flow=0/9)
  CostFlow: agents=1 tasks=1 maxlen=30 global_makespan=22835
  CostFlow: giving up after 21 iterations (flow=0/1)
  CostFlow: agents=9 tasks=9 maxlen=30 global_makespan=22856
  CostFlow: giving up after 21 iterations (flow=0/9)
  CostFlow: agents=1 tasks=1 maxlen=30 global_makespan=22877
  CostFlow: giving up after 21 iterations (flow=0/1)
  CostFlow: agents=9 tasks=9 maxlen=30 global_makespan=22898
  CostFlow: giving up after 21 iterations (flow=0/9)
  CostFlow: agents=1 tasks=1 maxlen=30 global_makespan=22919
  CostFlow: giving up after 21 iterations (flow=0/1)
  CostFlow: agents=9 tasks=9 maxlen=30 global_makespan=22940
  CostFlow: giving up after 21 iterations (flow=0/9)
  CostFlow: agents=1 tasks=1 maxlen=30 global_makespan=22961
  CostFlow: giving up after 21 iterations (flow=0/1)
  CostFlow: agents=9 tasks=9 maxlen=30 global_makespan=22982
  CostFlow: giving up after 21 iterations (flow=0/9)
  CostFlow: agents=1 tasks=1 maxlen=30 global_makespan=23003
  CostFlow: giving up after 21 iterations (flow=0/1)
  CostFlow: agents=9 tasks=9 maxlen=30 global_makespan=23024
  CostFlow: giving up after 21 iterations (flow=0/9)
  CostFlow: agents=1 tasks=1 maxlen=30 global_makespan=23045
  CostFlow: giving up after 21 iterations (flow=0/1)
  CostFlow: agents=9 tasks=9 maxlen=30 global_makespan=23066
  CostFlow: giving up after 21 iterations (flow=0/9)
  CostFlow: agents=1 tasks=1 maxlen=30 global_makespan=23087
  CostFlow: giving up after 21 iterations (flow=0/1)
  CostFlow: agents=9 tasks=9 maxlen=30 global_makespan=23108
  CostFlow: giving up after 21 iterations (flow=0/9)
  CostFlow: agents=1 tasks=1 maxlen=30 global_makespan=23129
  CostFlow: giving up after 21 iterations (flow=0/1)
  CostFlow: agents=9 tasks=9 maxlen=30 global_makespan=23150
  CostFlow: giving up after 21 iterations (flow=0/9)
  CostFlow: agents=1 tasks=1 maxlen=30 global_makespan=23171
  CostFlow: giving up after 21 iterations (flow=0/1)
  CostFlow: agents=9 tasks=9 maxlen=30 global_makespan=23192
  CostFlow: giving up after 21 iterations (flow=0/9)
  CostFlow: agents=1 tasks=1 maxlen=30 global_makespan=23213
  CostFlow: giving up after 21 iterations (flow=0/1)
  CostFlow: agents=9 tasks=9 maxlen=30 global_makespan=23234
  CostFlow: giving up after 21 iterations (flow=0/9)
  CostFlow: agents=1 tasks=1 maxlen=30 global_makespan=23255
  CostFlow: giving up after 21 iterations (flow=0/1)
  CostFlow: agents=9 tasks=9 maxlen=30 global_makespan=23276
  CostFlow: giving up after 21 iterations (flow=0/9)
  CostFlow: agents=1 tasks=1 maxlen=30 global_makespan=23297
  CostFlow: giving up after 21 iterations (flow=0/1)
  CostFlow: agents=9 tasks=9 maxlen=30 global_makespan=23318
  CostFlow: giving up after 21 iterations (flow=0/9)
  CostFlow: agents=1 tasks=1 maxlen=30 global_makespan=23339
  CostFlow: giving up after 21 iterations (flow=0/1)
  CostFlow: agents=9 tasks=9 maxlen=30 global_makespan=23360
  CostFlow: giving up after 21 iterations (flow=0/9)
  CostFlow: agents=1 tasks=1 maxlen=30 global_makespan=23381
  CostFlow: giving up after 21 iterations (flow=0/1)
  CostFlow: agents=9 tasks=9 maxlen=30 global_makespan=23402
  CostFlow: giving up after 21 iterations (flow=0/9)
  CostFlow: agents=1 tasks=1 maxlen=30 global_makespan=23423
  CostFlow: giving up after 21 iterations (flow=0/1)
  CostFlow: agents=9 tasks=9 maxlen=30 global_makespan=23444
  CostFlow: giving up after 21 iterations (flow=0/9)
  CostFlow: agents=1 tasks=1 maxlen=30 global_makespan=23465
  CostFlow: giving up after 21 iterations (flow=0/1)
  CostFlow: agents=9 tasks=9 maxlen=30 global_makespan=23486
  CostFlow: giving up after 21 iterations (flow=0/9)
  CostFlow: agents=1 tasks=1 maxlen=30 global_makespan=23507
  CostFlow: giving up after 21 iterations (flow=0/1)
  CostFlow: agents=9 tasks=9 maxlen=30 global_makespan=23528
  CostFlow: giving up after 21 iterations (flow=0/9)
  CostFlow: agents=1 tasks=1 maxlen=30 global_makespan=23549
  CostFlow: giving up after 21 iterations (flow=0/1)
  CostFlow: agents=9 tasks=9 maxlen=30 global_makespan=23570
  CostFlow: giving up after 21 iterations (flow=0/9)
  CostFlow: agents=1 tasks=1 maxlen=30 global_makespan=23591
  CostFlow: giving up after 21 iterations (flow=0/1)
  CostFlow: agents=9 tasks=9 maxlen=30 global_makespan=23612
  CostFlow: giving up after 21 iterations (flow=0/9)
  CostFlow: agents=1 tasks=1 maxlen=30 global_makespan=23633
  CostFlow: giving up after 21 iterations (flow=0/1)
  CostFlow: agents=9 tasks=9 maxlen=30 global_makespan=23654
  CostFlow: giving up after 21 iterations (flow=0/9)
  CostFlow: agents=1 tasks=1 maxlen=30 global_makespan=23675
  CostFlow: giving up after 21 iterations (flow=0/1)
  CostFlow: agents=9 tasks=9 maxlen=30 global_makespan=23696
  CostFlow: giving up after 21 iterations (flow=0/9)
  CostFlow: agents=1 tasks=1 maxlen=30 global_makespan=23717
  CostFlow: giving up after 21 iterations (flow=0/1)
  CostFlow: agents=9 tasks=9 maxlen=30 global_makespan=23738
  CostFlow: giving up after 21 iterations (flow=0/9)
  CostFlow: agents=1 tasks=1 maxlen=30 global_makespan=23759
  CostFlow: giving up after 21 iterations (flow=0/1)
  CostFlow: agents=9 tasks=9 maxlen=30 global_makespan=23780
  CostFlow: giving up after 21 iterations (flow=0/9)
  CostFlow: agents=1 tasks=1 maxlen=30 global_makespan=23801
  CostFlow: giving up after 21 iterations (flow=0/1)
  CostFlow: agents=9 tasks=9 maxlen=30 global_makespan=23822
  CostFlow: giving up after 21 iterations (flow=0/9)
  CostFlow: agents=1 tasks=1 maxlen=30 global_makespan=23843
  CostFlow: giving up after 21 iterations (flow=0/1)
  CostFlow: agents=9 tasks=9 maxlen=30 global_makespan=23864
  CostFlow: giving up after 21 iterations (flow=0/9)
  CostFlow: agents=1 tasks=1 maxlen=30 global_makespan=23885
  CostFlow: giving up after 21 iterations (flow=0/1)
  CostFlow: agents=9 tasks=9 maxlen=30 global_makespan=23906
  CostFlow: giving up after 21 iterations (flow=0/9)
  CostFlow: agents=1 tasks=1 maxlen=30 global_makespan=23927
  CostFlow: giving up after 21 iterations (flow=0/1)
  CostFlow: agents=9 tasks=9 maxlen=30 global_makespan=23948
  CostFlow: giving up after 21 iterations (flow=0/9)
  CostFlow: agents=1 tasks=1 maxlen=30 global_makespan=23969
  CostFlow: giving up after 21 iterations (flow=0/1)
  CostFlow: agents=9 tasks=9 maxlen=30 global_makespan=23990
  CostFlow: giving up after 21 iterations (flow=0/9)
  CostFlow: agents=1 tasks=1 maxlen=30 global_makespan=24011
  CostFlow: giving up after 21 iterations (flow=0/1)
  CostFlow: agents=9 tasks=9 maxlen=30 global_makespan=24032
  CostFlow: giving up after 21 iterations (flow=0/9)
  CostFlow: agents=1 tasks=1 maxlen=30 global_makespan=24053
  CostFlow: giving up after 21 iterations (flow=0/1)
  CostFlow: agents=9 tasks=9 maxlen=30 global_makespan=24074
  CostFlow: giving up after 21 iterations (flow=0/9)
  CostFlow: agents=1 tasks=1 maxlen=30 global_makespan=24095
  CostFlow: giving up after 21 iterations (flow=0/1)
  CostFlow: agents=9 tasks=9 maxlen=30 global_makespan=24116
  CostFlow: giving up after 21 iterations (flow=0/9)
  CostFlow: agents=1 tasks=1 maxlen=30 global_makespan=24137
  CostFlow: giving up after 21 iterations (flow=0/1)
  CostFlow: agents=9 tasks=9 maxlen=30 global_makespan=24158
  CostFlow: giving up after 21 iterations (flow=0/9)
  CostFlow: agents=1 tasks=1 maxlen=30 global_makespan=24179
  CostFlow: giving up after 21 iterations (flow=0/1)
  CostFlow: agents=9 tasks=9 maxlen=30 global_makespan=24200
  CostFlow: giving up after 21 iterations (flow=0/9)
  CostFlow: agents=1 tasks=1 maxlen=30 global_makespan=24221
  CostFlow: giving up after 21 iterations (flow=0/1)
  CostFlow: agents=9 tasks=9 maxlen=30 global_makespan=24242
  CostFlow: giving up after 21 iterations (flow=0/9)
  CostFlow: agents=1 tasks=1 maxlen=30 global_makespan=24263
  CostFlow: giving up after 21 iterations (flow=0/1)
  CostFlow: agents=9 tasks=9 maxlen=30 global_makespan=24284
  CostFlow: giving up after 21 iterations (flow=0/9)
  CostFlow: agents=1 tasks=1 maxlen=30 global_makespan=24305
  CostFlow: giving up after 21 iterations (flow=0/1)
  CostFlow: agents=9 tasks=9 maxlen=30 global_makespan=24326
  CostFlow: giving up after 21 iterations (flow=0/9)
  CostFlow: agents=1 tasks=1 maxlen=30 global_makespan=24347
  CostFlow: giving up after 21 iterations (flow=0/1)
  CostFlow: agents=9 tasks=9 maxlen=30 global_makespan=24368
  CostFlow: giving up after 21 iterations (flow=0/9)
  CostFlow: agents=1 tasks=1 maxlen=30 global_makespan=24389
  CostFlow: giving up after 21 iterations (flow=0/1)
  CostFlow: agents=9 tasks=9 maxlen=30 global_makespan=24410
  CostFlow: giving up after 21 iterations (flow=0/9)
  CostFlow: agents=1 tasks=1 maxlen=30 global_makespan=24431
  CostFlow: giving up after 21 iterations (flow=0/1)
  CostFlow: agents=9 tasks=9 maxlen=30 global_makespan=24452
  CostFlow: giving up after 21 iterations (flow=0/9)
  CostFlow: agents=1 tasks=1 maxlen=30 global_makespan=24473
  CostFlow: giving up after 21 iterations (flow=0/1)
  CostFlow: agents=9 tasks=9 maxlen=30 global_makespan=24494
  CostFlow: giving up after 21 iterations (flow=0/9)
  CostFlow: agents=1 tasks=1 maxlen=30 global_makespan=24515
  CostFlow: giving up after 21 iterations (flow=0/1)
  CostFlow: agents=9 tasks=9 maxlen=30 global_makespan=24536
  CostFlow: giving up after 21 iterations (flow=0/9)
  CostFlow: agents=1 tasks=1 maxlen=30 global_makespan=24557
  CostFlow: giving up after 21 iterations (flow=0/1)
  CostFlow: agents=9 tasks=9 maxlen=30 global_makespan=24578
  CostFlow: giving up after 21 iterations (flow=0/9)
  CostFlow: agents=1 tasks=1 maxlen=30 global_makespan=24599
  CostFlow: giving up after 21 iterations (flow=0/1)
  CostFlow: agents=9 tasks=9 maxlen=30 global_makespan=24620
  CostFlow: giving up after 21 iterations (flow=0/9)
  CostFlow: agents=1 tasks=1 maxlen=30 global_makespan=24641
  CostFlow: giving up after 21 iterations (flow=0/1)
  CostFlow: agents=9 tasks=9 maxlen=30 global_makespan=24662
  CostFlow: giving up after 21 iterations (flow=0/9)
  CostFlow: agents=1 tasks=1 maxlen=30 global_makespan=24683
  CostFlow: giving up after 21 iterations (flow=0/1)
  CostFlow: agents=9 tasks=9 maxlen=30 global_makespan=24704
  CostFlow: giving up after 21 iterations (flow=0/9)
  CostFlow: agents=1 tasks=1 maxlen=30 global_makespan=24725
  CostFlow: giving up after 21 iterations (flow=0/1)
  CostFlow: agents=9 tasks=9 maxlen=30 global_makespan=24746
  CostFlow: giving up after 21 iterations (flow=0/9)
  CostFlow: agents=1 tasks=1 maxlen=30 global_makespan=24767
  CostFlow: giving up after 21 iterations (flow=0/1)
  CostFlow: agents=9 tasks=9 maxlen=30 global_makespan=24788
  CostFlow: giving up after 21 iterations (flow=0/9)
  CostFlow: agents=1 tasks=1 maxlen=30 global_makespan=24809
  CostFlow: giving up after 21 iterations (flow=0/1)
  CostFlow: agents=9 tasks=9 maxlen=30 global_makespan=24830
  CostFlow: giving up after 21 iterations (flow=0/9)
  CostFlow: agents=1 tasks=1 maxlen=30 global_makespan=24851
  CostFlow: giving up after 21 iterations (flow=0/1)
  CostFlow: agents=9 tasks=9 maxlen=30 global_makespan=24872
  CostFlow: giving up after 21 iterations (flow=0/9)
  CostFlow: agents=1 tasks=1 maxlen=30 global_makespan=24893
  CostFlow: giving up after 21 iterations (flow=0/1)
  CostFlow: agents=9 tasks=9 maxlen=30 global_makespan=24914
  CostFlow: giving up after 21 iterations (flow=0/9)
  CostFlow: agents=1 tasks=1 maxlen=30 global_makespan=24935
  CostFlow: giving up after 21 iterations (flow=0/1)
  CostFlow: agents=9 tasks=9 maxlen=30 global_makespan=24956
  CostFlow: giving up after 21 iterations (flow=0/9)
  CostFlow: agents=1 tasks=1 maxlen=30 global_makespan=24977
  CostFlow: giving up after 21 iterations (flow=0/1)
  CostFlow: agents=9 tasks=9 maxlen=30 global_makespan=24998
  CostFlow: giving up after 21 iterations (flow=0/9)
  CostFlow: agents=1 tasks=1 maxlen=30 global_makespan=25019
  CostFlow: giving up after 21 iterations (flow=0/1)
  CostFlow: agents=9 tasks=9 maxlen=30 global_makespan=25040
  CostFlow: giving up after 21 iterations (flow=0/9)
  CostFlow: agents=1 tasks=1 maxlen=30 global_makespan=25061
  CostFlow: giving up after 21 iterations (flow=0/1)
  CostFlow: agents=9 tasks=9 maxlen=30 global_makespan=25082
  CostFlow: giving up after 21 iterations (flow=0/9)
  CostFlow: agents=1 tasks=1 maxlen=30 global_makespan=25103
  CostFlow: giving up after 21 iterations (flow=0/1)
  CostFlow: agents=9 tasks=9 maxlen=30 global_makespan=25124
  CostFlow: giving up after 21 iterations (flow=0/9)
  CostFlow: agents=1 tasks=1 maxlen=30 global_makespan=25145
  CostFlow: giving up after 21 iterations (flow=0/1)
  CostFlow: agents=9 tasks=9 maxlen=30 global_makespan=25166
  CostFlow: giving up after 21 iterations (flow=0/9)
  CostFlow: agents=1 tasks=1 maxlen=30 global_makespan=25187
  CostFlow: giving up after 21 iterations (flow=0/1)
  CostFlow: agents=9 tasks=9 maxlen=30 global_makespan=25208
  CostFlow: giving up after 21 iterations (flow=0/9)
  CostFlow: agents=1 tasks=1 maxlen=30 global_makespan=25229
  CostFlow: giving up after 21 iterations (flow=0/1)
  CostFlow: agents=9 tasks=9 maxlen=30 global_makespan=25250
  CostFlow: giving up after 21 iterations (flow=0/9)
  CostFlow: agents=1 tasks=1 maxlen=30 global_makespan=25271
  CostFlow: giving up after 21 iterations (flow=0/1)
  CostFlow: agents=9 tasks=9 maxlen=30 global_makespan=25292
  CostFlow: giving up after 21 iterations (flow=0/9)
  CostFlow: agents=1 tasks=1 maxlen=30 global_makespan=25313
  CostFlow: giving up after 21 iterations (flow=0/1)
  CostFlow: agents=9 tasks=9 maxlen=30 global_makespan=25334
  CostFlow: giving up after 21 iterations (flow=0/9)
  CostFlow: agents=1 tasks=1 maxlen=30 global_makespan=25355
  CostFlow: giving up after 21 iterations (flow=0/1)
  CostFlow: agents=9 tasks=9 maxlen=30 global_makespan=25376
  CostFlow: giving up after 21 iterations (flow=0/9)
  CostFlow: agents=1 tasks=1 maxlen=30 global_makespan=25397
  CostFlow: giving up after 21 iterations (flow=0/1)
  CostFlow: agents=9 tasks=9 maxlen=30 global_makespan=25418
  CostFlow: giving up after 21 iterations (flow=0/9)
  CostFlow: agents=1 tasks=1 maxlen=30 global_makespan=25439
  CostFlow: giving up after 21 iterations (flow=0/1)
  CostFlow: agents=9 tasks=9 maxlen=30 global_makespan=25460
  CostFlow: giving up after 21 iterations (flow=0/9)
  CostFlow: agents=1 tasks=1 maxlen=30 global_makespan=25481
  CostFlow: giving up after 21 iterations (flow=0/1)
  CostFlow: agents=9 tasks=9 maxlen=30 global_makespan=25502
  CostFlow: giving up after 21 iterations (flow=0/9)
  CostFlow: agents=1 tasks=1 maxlen=30 global_makespan=25523
  CostFlow: giving up after 21 iterations (flow=0/1)
  CostFlow: agents=9 tasks=9 maxlen=30 global_makespan=25544
  CostFlow: giving up after 21 iterations (flow=0/9)
  CostFlow: agents=1 tasks=1 maxlen=30 global_makespan=25565
  CostFlow: giving up after 21 iterations (flow=0/1)
  CostFlow: agents=9 tasks=9 maxlen=30 global_makespan=25586
  CostFlow: giving up after 21 iterations (flow=0/9)
  CostFlow: agents=1 tasks=1 maxlen=30 global_makespan=25607
  CostFlow: giving up after 21 iterations (flow=0/1)
  CostFlow: agents=9 tasks=9 maxlen=30 global_makespan=25628
  CostFlow: giving up after 21 iterations (flow=0/9)
  CostFlow: agents=1 tasks=1 maxlen=30 global_makespan=25649
  CostFlow: giving up after 21 iterations (flow=0/1)
  CostFlow: agents=9 tasks=9 maxlen=30 global_makespan=25670
  CostFlow: giving up after 21 iterations (flow=0/9)
  CostFlow: agents=1 tasks=1 maxlen=30 global_makespan=25691
  CostFlow: giving up after 21 iterations (flow=0/1)
  CostFlow: agents=9 tasks=9 maxlen=30 global_makespan=25712
  CostFlow: giving up after 21 iterations (flow=0/9)
  CostFlow: agents=1 tasks=1 maxlen=30 global_makespan=25733
  CostFlow: giving up after 21 iterations (flow=0/1)
  CostFlow: agents=9 tasks=9 maxlen=30 global_makespan=25754
  CostFlow: giving up after 21 iterations (flow=0/9)
  CostFlow: agents=1 tasks=1 maxlen=30 global_makespan=25775
  CostFlow: giving up after 21 iterations (flow=0/1)
  CostFlow: agents=9 tasks=9 maxlen=30 global_makespan=25796
  CostFlow: giving up after 21 iterations (flow=0/9)
  CostFlow: agents=1 tasks=1 maxlen=30 global_makespan=25817
  CostFlow: giving up after 21 iterations (flow=0/1)
  CostFlow: agents=9 tasks=9 maxlen=30 global_makespan=25838
  CostFlow: giving up after 21 iterations (flow=0/9)
  CostFlow: agents=1 tasks=1 maxlen=30 global_makespan=25859
  CostFlow: giving up after 21 iterations (flow=0/1)
  CostFlow: agents=9 tasks=9 maxlen=30 global_makespan=25880
  CostFlow: giving up after 21 iterations (flow=0/9)
  CostFlow: agents=1 tasks=1 maxlen=30 global_makespan=25901
  CostFlow: giving up after 21 iterations (flow=0/1)
  CostFlow: agents=9 tasks=9 maxlen=30 global_makespan=25922
  CostFlow: giving up after 21 iterations (flow=0/9)
  CostFlow: agents=1 tasks=1 maxlen=30 global_makespan=25943
  CostFlow: giving up after 21 iterations (flow=0/1)
  CostFlow: agents=9 tasks=9 maxlen=30 global_makespan=25964
  CostFlow: giving up after 21 iterations (flow=0/9)
  CostFlow: agents=1 tasks=1 maxlen=30 global_makespan=25985
  CostFlow: giving up after 21 iterations (flow=0/1)
  CostFlow: agents=9 tasks=9 maxlen=30 global_makespan=26006
  CostFlow: giving up after 21 iterations (flow=0/9)
  CostFlow: agents=1 tasks=1 maxlen=30 global_makespan=26027
  CostFlow: giving up after 21 iterations (flow=0/1)
  CostFlow: agents=9 tasks=9 maxlen=30 global_makespan=26048
  CostFlow: giving up after 21 iterations (flow=0/9)
  CostFlow: agents=1 tasks=1 maxlen=30 global_makespan=26069
  CostFlow: giving up after 21 iterations (flow=0/1)
  CostFlow: agents=9 tasks=9 maxlen=30 global_makespan=26090
  CostFlow: giving up after 21 iterations (flow=0/9)
  CostFlow: agents=1 tasks=1 maxlen=30 global_makespan=26111
  CostFlow: giving up after 21 iterations (flow=0/1)
  CostFlow: agents=9 tasks=9 maxlen=30 global_makespan=26132
  CostFlow: giving up after 21 iterations (flow=0/9)
  CostFlow: agents=1 tasks=1 maxlen=30 global_makespan=26153
  CostFlow: giving up after 21 iterations (flow=0/1)
  CostFlow: agents=9 tasks=9 maxlen=30 global_makespan=26174
  CostFlow: giving up after 21 iterations (flow=0/9)
  CostFlow: agents=1 tasks=1 maxlen=30 global_makespan=26195
  CostFlow: giving up after 21 iterations (flow=0/1)
  CostFlow: agents=9 tasks=9 maxlen=30 global_makespan=26216
  CostFlow: giving up after 21 iterations (flow=0/9)
  CostFlow: agents=1 tasks=1 maxlen=30 global_makespan=26237
  CostFlow: giving up after 21 iterations (flow=0/1)
  CostFlow: agents=9 tasks=9 maxlen=30 global_makespan=26258
  CostFlow: giving up after 21 iterations (flow=0/9)
  CostFlow: agents=1 tasks=1 maxlen=30 global_makespan=26279
  CostFlow: giving up after 21 iterations (flow=0/1)
  CostFlow: agents=9 tasks=9 maxlen=30 global_makespan=26300
  CostFlow: giving up after 21 iterations (flow=0/9)
  CostFlow: agents=1 tasks=1 maxlen=30 global_makespan=26321
  CostFlow: giving up after 21 iterations (flow=0/1)
  CostFlow: agents=9 tasks=9 maxlen=30 global_makespan=26342
  CostFlow: giving up after 21 iterations (flow=0/9)
  CostFlow: agents=1 tasks=1 maxlen=30 global_makespan=26363
  CostFlow: giving up after 21 iterations (flow=0/1)
  CostFlow: agents=9 tasks=9 maxlen=30 global_makespan=26384
  CostFlow: giving up after 21 iterations (flow=0/9)
  CostFlow: agents=1 tasks=1 maxlen=30 global_makespan=26405
  CostFlow: giving up after 21 iterations (flow=0/1)
  CostFlow: agents=9 tasks=9 maxlen=30 global_makespan=26426
  CostFlow: giving up after 21 iterations (flow=0/9)
  CostFlow: agents=1 tasks=1 maxlen=30 global_makespan=26447
  CostFlow: giving up after 21 iterations (flow=0/1)
  CostFlow: agents=9 tasks=9 maxlen=30 global_makespan=26468
  CostFlow: giving up after 21 iterations (flow=0/9)
  CostFlow: agents=1 tasks=1 maxlen=30 global_makespan=26489
  CostFlow: giving up after 21 iterations (flow=0/1)
  CostFlow: agents=9 tasks=9 maxlen=30 global_makespan=26510
  CostFlow: giving up after 21 iterations (flow=0/9)
  CostFlow: agents=1 tasks=1 maxlen=30 global_makespan=26531
  CostFlow: giving up after 21 iterations (flow=0/1)
  CostFlow: agents=9 tasks=9 maxlen=30 global_makespan=26552
  CostFlow: giving up after 21 iterations (flow=0/9)
  CostFlow: agents=1 tasks=1 maxlen=30 global_makespan=26573
  CostFlow: giving up after 21 iterations (flow=0/1)
  CostFlow: agents=9 tasks=9 maxlen=30 global_makespan=26594
  CostFlow: giving up after 21 iterations (flow=0/9)
  CostFlow: agents=1 tasks=1 maxlen=30 global_makespan=26615
  CostFlow: giving up after 21 iterations (flow=0/1)
  CostFlow: agents=9 tasks=9 maxlen=30 global_makespan=26636
  CostFlow: giving up after 21 iterations (flow=0/9)
  CostFlow: agents=1 tasks=1 maxlen=30 global_makespan=26657
  CostFlow: giving up after 21 iterations (flow=0/1)
  CostFlow: agents=9 tasks=9 maxlen=30 global_makespan=26678
  CostFlow: giving up after 21 iterations (flow=0/9)
  CostFlow: agents=1 tasks=1 maxlen=30 global_makespan=26699
  CostFlow: giving up after 21 iterations (flow=0/1)
  CostFlow: agents=9 tasks=9 maxlen=30 global_makespan=26720
  CostFlow: giving up after 21 iterations (flow=0/9)
  CostFlow: agents=1 tasks=1 maxlen=30 global_makespan=26741
  CostFlow: giving up after 21 iterations (flow=0/1)
  CostFlow: agents=9 tasks=9 maxlen=30 global_makespan=26762
  CostFlow: giving up after 21 iterations (flow=0/9)
  CostFlow: agents=1 tasks=1 maxlen=30 global_makespan=26783
  CostFlow: giving up after 21 iterations (flow=0/1)
  CostFlow: agents=9 tasks=9 maxlen=30 global_makespan=26804
  CostFlow: giving up after 21 iterations (flow=0/9)
  CostFlow: agents=1 tasks=1 maxlen=30 global_makespan=26825
  CostFlow: giving up after 21 iterations (flow=0/1)
  CostFlow: agents=9 tasks=9 maxlen=30 global_makespan=26846
  CostFlow: giving up after 21 iterations (flow=0/9)
  CostFlow: agents=1 tasks=1 maxlen=30 global_makespan=26867
  CostFlow: giving up after 21 iterations (flow=0/1)
  CostFlow: agents=9 tasks=9 maxlen=30 global_makespan=26888
  CostFlow: giving up after 21 iterations (flow=0/9)
  CostFlow: agents=1 tasks=1 maxlen=30 global_makespan=26909
  CostFlow: giving up after 21 iterations (flow=0/1)
  CostFlow: agents=9 tasks=9 maxlen=30 global_makespan=26930
  CostFlow: giving up after 21 iterations (flow=0/9)
  CostFlow: agents=1 tasks=1 maxlen=30 global_makespan=26951
  CostFlow: giving up after 21 iterations (flow=0/1)
  CostFlow: agents=9 tasks=9 maxlen=30 global_makespan=26972
  CostFlow: giving up after 21 iterations (flow=0/9)
  CostFlow: agents=1 tasks=1 maxlen=30 global_makespan=26993
  CostFlow: giving up after 21 iterations (flow=0/1)
  CostFlow: agents=9 tasks=9 maxlen=30 global_makespan=27014
  CostFlow: giving up after 21 iterations (flow=0/9)
  CostFlow: agents=1 tasks=1 maxlen=30 global_makespan=27035
  CostFlow: giving up after 21 iterations (flow=0/1)
  CostFlow: agents=9 tasks=9 maxlen=30 global_makespan=27056
  CostFlow: giving up after 21 iterations (flow=0/9)
  CostFlow: agents=1 tasks=1 maxlen=30 global_makespan=27077
  CostFlow: giving up after 21 iterations (flow=0/1)
  CostFlow: agents=9 tasks=9 maxlen=30 global_makespan=27098
  CostFlow: giving up after 21 iterations (flow=0/9)
  CostFlow: agents=1 tasks=1 maxlen=30 global_makespan=27119
  CostFlow: giving up after 21 iterations (flow=0/1)
  CostFlow: agents=9 tasks=9 maxlen=30 global_makespan=27140
  CostFlow: giving up after 21 iterations (flow=0/9)
  CostFlow: agents=1 tasks=1 maxlen=30 global_makespan=27161
  CostFlow: giving up after 21 iterations (flow=0/1)
  CostFlow: agents=9 tasks=9 maxlen=30 global_makespan=27182
  CostFlow: giving up after 21 iterations (flow=0/9)
  CostFlow: agents=1 tasks=1 maxlen=30 global_makespan=27203
  CostFlow: giving up after 21 iterations (flow=0/1)
  CostFlow: agents=9 tasks=9 maxlen=30 global_makespan=27224
  CostFlow: giving up after 21 iterations (flow=0/9)
  CostFlow: agents=1 tasks=1 maxlen=30 global_makespan=27245
  CostFlow: giving up after 21 iterations (flow=0/1)
  CostFlow: agents=9 tasks=9 maxlen=30 global_makespan=27266
  CostFlow: giving up after 21 iterations (flow=0/9)
  CostFlow: agents=1 tasks=1 maxlen=30 global_makespan=27287
  CostFlow: giving up after 21 iterations (flow=0/1)
  CostFlow: agents=9 tasks=9 maxlen=30 global_makespan=27308
  CostFlow: giving up after 21 iterations (flow=0/9)
  CostFlow: agents=1 tasks=1 maxlen=30 global_makespan=27329
  CostFlow: giving up after 21 iterations (flow=0/1)
  CostFlow: agents=9 tasks=9 maxlen=30 global_makespan=27350
  CostFlow: giving up after 21 iterations (flow=0/9)
  CostFlow: agents=1 tasks=1 maxlen=30 global_makespan=27371
  CostFlow: giving up after 21 iterations (flow=0/1)
  CostFlow: agents=9 tasks=9 maxlen=30 global_makespan=27392
  CostFlow: giving up after 21 iterations (flow=0/9)
  CostFlow: agents=1 tasks=1 maxlen=30 global_makespan=27413
  CostFlow: giving up after 21 iterations (flow=0/1)
  CostFlow: agents=9 tasks=9 maxlen=30 global_makespan=27434
  CostFlow: giving up after 21 iterations (flow=0/9)
  CostFlow: agents=1 tasks=1 maxlen=30 global_makespan=27455
  CostFlow: giving up after 21 iterations (flow=0/1)
  CostFlow: agents=9 tasks=9 maxlen=30 global_makespan=27476
  CostFlow: giving up after 21 iterations (flow=0/9)
  CostFlow: agents=1 tasks=1 maxlen=30 global_makespan=27497
  CostFlow: giving up after 21 iterations (flow=0/1)
  CostFlow: agents=9 tasks=9 maxlen=30 global_makespan=27518
  CostFlow: giving up after 21 iterations (flow=0/9)
  CostFlow: agents=1 tasks=1 maxlen=30 global_makespan=27539
  CostFlow: giving up after 21 iterations (flow=0/1)
  CostFlow: agents=9 tasks=9 maxlen=30 global_makespan=27560
  CostFlow: giving up after 21 iterations (flow=0/9)
  CostFlow: agents=1 tasks=1 maxlen=30 global_makespan=27581
  CostFlow: giving up after 21 iterations (flow=0/1)
  CostFlow: agents=9 tasks=9 maxlen=30 global_makespan=27602
  CostFlow: giving up after 21 iterations (flow=0/9)
  CostFlow: agents=1 tasks=1 maxlen=30 global_makespan=27623
  CostFlow: giving up after 21 iterations (flow=0/1)
  CostFlow: agents=9 tasks=9 maxlen=30 global_makespan=27644
  CostFlow: giving up after 21 iterations (flow=0/9)
  CostFlow: agents=1 tasks=1 maxlen=30 global_makespan=27665
  CostFlow: giving up after 21 iterations (flow=0/1)
  CostFlow: agents=9 tasks=9 maxlen=30 global_makespan=27686
  CostFlow: giving up after 21 iterations (flow=0/9)
  CostFlow: agents=1 tasks=1 maxlen=30 global_makespan=27707
  CostFlow: giving up after 21 iterations (flow=0/1)
  CostFlow: agents=9 tasks=9 maxlen=30 global_makespan=27728
  CostFlow: giving up after 21 iterations (flow=0/9)
  CostFlow: agents=1 tasks=1 maxlen=30 global_makespan=27749
  CostFlow: giving up after 21 iterations (flow=0/1)
  CostFlow: agents=9 tasks=9 maxlen=30 global_makespan=27770
  CostFlow: giving up after 21 iterations (flow=0/9)
  CostFlow: agents=1 tasks=1 maxlen=30 global_makespan=27791
  CostFlow: giving up after 21 iterations (flow=0/1)
  CostFlow: agents=9 tasks=9 maxlen=30 global_makespan=27812
  CostFlow: giving up after 21 iterations (flow=0/9)
  CostFlow: agents=1 tasks=1 maxlen=30 global_makespan=27833
  CostFlow: giving up after 21 iterations (flow=0/1)
  CostFlow: agents=9 tasks=9 maxlen=30 global_makespan=27854
  CostFlow: giving up after 21 iterations (flow=0/9)
  CostFlow: agents=1 tasks=1 maxlen=30 global_makespan=27875
  CostFlow: giving up after 21 iterations (flow=0/1)
  CostFlow: agents=9 tasks=9 maxlen=30 global_makespan=27896
  CostFlow: giving up after 21 iterations (flow=0/9)
  CostFlow: agents=1 tasks=1 maxlen=30 global_makespan=27917
  CostFlow: giving up after 21 iterations (flow=0/1)
  CostFlow: agents=9 tasks=9 maxlen=30 global_makespan=27938
  CostFlow: giving up after 21 iterations (flow=0/9)
  CostFlow: agents=1 tasks=1 maxlen=30 global_makespan=27959
  CostFlow: giving up after 21 iterations (flow=0/1)
  CostFlow: agents=9 tasks=9 maxlen=30 global_makespan=27980
  CostFlow: giving up after 21 iterations (flow=0/9)
  CostFlow: agents=1 tasks=1 maxlen=30 global_makespan=28001
  CostFlow: giving up after 21 iterations (flow=0/1)
  CostFlow: agents=9 tasks=9 maxlen=30 global_makespan=28022
  CostFlow: giving up after 21 iterations (flow=0/9)
  CostFlow: agents=1 tasks=1 maxlen=30 global_makespan=28043
  CostFlow: giving up after 21 iterations (flow=0/1)
  CostFlow: agents=9 tasks=9 maxlen=30 global_makespan=28064
  CostFlow: giving up after 21 iterations (flow=0/9)
  CostFlow: agents=1 tasks=1 maxlen=30 global_makespan=28085
  CostFlow: giving up after 21 iterations (flow=0/1)
  CostFlow: agents=9 tasks=9 maxlen=30 global_makespan=28106
  CostFlow: giving up after 21 iterations (flow=0/9)
  CostFlow: agents=1 tasks=1 maxlen=30 global_makespan=28127
  CostFlow: giving up after 21 iterations (flow=0/1)
  CostFlow: agents=9 tasks=9 maxlen=30 global_makespan=28148
  CostFlow: giving up after 21 iterations (flow=0/9)
  CostFlow: agents=1 tasks=1 maxlen=30 global_makespan=28169
  CostFlow: giving up after 21 iterations (flow=0/1)
  CostFlow: agents=9 tasks=9 maxlen=30 global_makespan=28190
  CostFlow: giving up after 21 iterations (flow=0/9)
  CostFlow: agents=1 tasks=1 maxlen=30 global_makespan=28211
  CostFlow: giving up after 21 iterations (flow=0/1)
  CostFlow: agents=9 tasks=9 maxlen=30 global_makespan=28232
  CostFlow: giving up after 21 iterations (flow=0/9)
  CostFlow: agents=1 tasks=1 maxlen=30 global_makespan=28253
  CostFlow: giving up after 21 iterations (flow=0/1)
  CostFlow: agents=9 tasks=9 maxlen=30 global_makespan=28274
  CostFlow: giving up after 21 iterations (flow=0/9)
  CostFlow: agents=1 tasks=1 maxlen=30 global_makespan=28295
  CostFlow: giving up after 21 iterations (flow=0/1)
  CostFlow: agents=9 tasks=9 maxlen=30 global_makespan=28316
  CostFlow: giving up after 21 iterations (flow=0/9)
  CostFlow: agents=1 tasks=1 maxlen=30 global_makespan=28337
  CostFlow: giving up after 21 iterations (flow=0/1)
  CostFlow: agents=9 tasks=9 maxlen=30 global_makespan=28358
  CostFlow: giving up after 21 iterations (flow=0/9)
  CostFlow: agents=1 tasks=1 maxlen=30 global_makespan=28379
  CostFlow: giving up after 21 iterations (flow=0/1)
  CostFlow: agents=9 tasks=9 maxlen=30 global_makespan=28400
  CostFlow: giving up after 21 iterations (flow=0/9)
  CostFlow: agents=1 tasks=1 maxlen=30 global_makespan=28421
  CostFlow: giving up after 21 iterations (flow=0/1)
  CostFlow: agents=9 tasks=9 maxlen=30 global_makespan=28442
  CostFlow: giving up after 21 iterations (flow=0/9)
  CostFlow: agents=1 tasks=1 maxlen=30 global_makespan=28463
  CostFlow: giving up after 21 iterations (flow=0/1)
  CostFlow: agents=9 tasks=9 maxlen=30 global_makespan=28484
  CostFlow: giving up after 21 iterations (flow=0/9)
  CostFlow: agents=1 tasks=1 maxlen=30 global_makespan=28505
  CostFlow: giving up after 21 iterations (flow=0/1)
  CostFlow: agents=9 tasks=9 maxlen=30 global_makespan=28526
  CostFlow: giving up after 21 iterations (flow=0/9)
  CostFlow: agents=1 tasks=1 maxlen=30 global_makespan=28547
  CostFlow: giving up after 21 iterations (flow=0/1)
  CostFlow: agents=9 tasks=9 maxlen=30 global_makespan=28568
  CostFlow: giving up after 21 iterations (flow=0/9)
  CostFlow: agents=1 tasks=1 maxlen=30 global_makespan=28589
  CostFlow: giving up after 21 iterations (flow=0/1)
  CostFlow: agents=9 tasks=9 maxlen=30 global_makespan=28610
  CostFlow: giving up after 21 iterations (flow=0/9)
  CostFlow: agents=1 tasks=1 maxlen=30 global_makespan=28631
  CostFlow: giving up after 21 iterations (flow=0/1)
  CostFlow: agents=9 tasks=9 maxlen=30 global_makespan=28652
  CostFlow: giving up after 21 iterations (flow=0/9)
  CostFlow: agents=1 tasks=1 maxlen=30 global_makespan=28673
  CostFlow: giving up after 21 iterations (flow=0/1)
  CostFlow: agents=9 tasks=9 maxlen=30 global_makespan=28694
  CostFlow: giving up after 21 iterations (flow=0/9)
  CostFlow: agents=1 tasks=1 maxlen=30 global_makespan=28715
  CostFlow: giving up after 21 iterations (flow=0/1)
  CostFlow: agents=9 tasks=9 maxlen=30 global_makespan=28736
  CostFlow: giving up after 21 iterations (flow=0/9)
  CostFlow: agents=1 tasks=1 maxlen=30 global_makespan=28757
  CostFlow: giving up after 21 iterations (flow=0/1)
  CostFlow: agents=9 tasks=9 maxlen=30 global_makespan=28778
  CostFlow: giving up after 21 iterations (flow=0/9)
  CostFlow: agents=1 tasks=1 maxlen=30 global_makespan=28799
  CostFlow: giving up after 21 iterations (flow=0/1)
  CostFlow: agents=9 tasks=9 maxlen=30 global_makespan=28820
  CostFlow: giving up after 21 iterations (flow=0/9)
  CostFlow: agents=1 tasks=1 maxlen=30 global_makespan=28841
  CostFlow: giving up after 21 iterations (flow=0/1)
  CostFlow: agents=9 tasks=9 maxlen=30 global_makespan=28862
  CostFlow: giving up after 21 iterations (flow=0/9)
  CostFlow: agents=1 tasks=1 maxlen=30 global_makespan=28883
  CostFlow: giving up after 21 iterations (flow=0/1)
  CostFlow: agents=9 tasks=9 maxlen=30 global_makespan=28904
  CostFlow: giving up after 21 iterations (flow=0/9)
  CostFlow: agents=1 tasks=1 maxlen=30 global_makespan=28925
  CostFlow: giving up after 21 iterations (flow=0/1)
  CostFlow: agents=9 tasks=9 maxlen=30 global_makespan=28946
  CostFlow: giving up after 21 iterations (flow=0/9)
  CostFlow: agents=1 tasks=1 maxlen=30 global_makespan=28967
  CostFlow: giving up after 21 iterations (flow=0/1)
  CostFlow: agents=9 tasks=9 maxlen=30 global_makespan=28988
  CostFlow: giving up after 21 iterations (flow=0/9)
  CostFlow: agents=1 tasks=1 maxlen=30 global_makespan=29009
  CostFlow: giving up after 21 iterations (flow=0/1)
  CostFlow: agents=9 tasks=9 maxlen=30 global_makespan=29030
  CostFlow: giving up after 21 iterations (flow=0/9)
  CostFlow: agents=1 tasks=1 maxlen=30 global_makespan=29051
  CostFlow: giving up after 21 iterations (flow=0/1)
  CostFlow: agents=9 tasks=9 maxlen=30 global_makespan=29072
  CostFlow: giving up after 21 iterations (flow=0/9)
  CostFlow: agents=1 tasks=1 maxlen=30 global_makespan=29093
  CostFlow: giving up after 21 iterations (flow=0/1)
  CostFlow: agents=9 tasks=9 maxlen=30 global_makespan=29114
  CostFlow: giving up after 21 iterations (flow=0/9)
  CostFlow: agents=1 tasks=1 maxlen=30 global_makespan=29135
  CostFlow: giving up after 21 iterations (flow=0/1)
  CostFlow: agents=9 tasks=9 maxlen=30 global_makespan=29156
  CostFlow: giving up after 21 iterations (flow=0/9)
  CostFlow: agents=1 tasks=1 maxlen=30 global_makespan=29177
  CostFlow: giving up after 21 iterations (flow=0/1)
  CostFlow: agents=9 tasks=9 maxlen=30 global_makespan=29198
  CostFlow: giving up after 21 iterations (flow=0/9)
  CostFlow: agents=1 tasks=1 maxlen=30 global_makespan=29219
  CostFlow: giving up after 21 iterations (flow=0/1)
  CostFlow: agents=9 tasks=9 maxlen=30 global_makespan=29240
  CostFlow: giving up after 21 iterations (flow=0/9)
  CostFlow: agents=1 tasks=1 maxlen=30 global_makespan=29261
  CostFlow: giving up after 21 iterations (flow=0/1)
  CostFlow: agents=9 tasks=9 maxlen=30 global_makespan=29282
  CostFlow: giving up after 21 iterations (flow=0/9)
  CostFlow: agents=1 tasks=1 maxlen=30 global_makespan=29303
  CostFlow: giving up after 21 iterations (flow=0/1)
  CostFlow: agents=9 tasks=9 maxlen=30 global_makespan=29324
  CostFlow: giving up after 21 iterations (flow=0/9)
  CostFlow: agents=1 tasks=1 maxlen=30 global_makespan=29345
  CostFlow: giving up after 21 iterations (flow=0/1)
  CostFlow: agents=9 tasks=9 maxlen=30 global_makespan=29366
  CostFlow: giving up after 21 iterations (flow=0/9)
  CostFlow: agents=1 tasks=1 maxlen=30 global_makespan=29387
  CostFlow: giving up after 21 iterations (flow=0/1)
  CostFlow: agents=9 tasks=9 maxlen=30 global_makespan=29408
  CostFlow: giving up after 21 iterations (flow=0/9)
  CostFlow: agents=1 tasks=1 maxlen=30 global_makespan=29429
  CostFlow: giving up after 21 iterations (flow=0/1)
  CostFlow: agents=9 tasks=9 maxlen=30 global_makespan=29450
  CostFlow: giving up after 21 iterations (flow=0/9)
  CostFlow: agents=1 tasks=1 maxlen=30 global_makespan=29471
  CostFlow: giving up after 21 iterations (flow=0/1)
  CostFlow: agents=9 tasks=9 maxlen=30 global_makespan=29492
  CostFlow: giving up after 21 iterations (flow=0/9)
  CostFlow: agents=1 tasks=1 maxlen=30 global_makespan=29513
  CostFlow: giving up after 21 iterations (flow=0/1)
  CostFlow: agents=9 tasks=9 maxlen=30 global_makespan=29534
  CostFlow: giving up after 21 iterations (flow=0/9)
  CostFlow: agents=1 tasks=1 maxlen=30 global_makespan=29555
  CostFlow: giving up after 21 iterations (flow=0/1)
  CostFlow: agents=9 tasks=9 maxlen=30 global_makespan=29576
  CostFlow: giving up after 21 iterations (flow=0/9)
  CostFlow: agents=1 tasks=1 maxlen=30 global_makespan=29597
  CostFlow: giving up after 21 iterations (flow=0/1)
  CostFlow: agents=9 tasks=9 maxlen=30 global_makespan=29618
  CostFlow: giving up after 21 iterations (flow=0/9)
  CostFlow: agents=1 tasks=1 maxlen=30 global_makespan=29639
  CostFlow: giving up after 21 iterations (flow=0/1)
  CostFlow: agents=9 tasks=9 maxlen=30 global_makespan=29660
  CostFlow: giving up after 21 iterations (flow=0/9)
  CostFlow: agents=1 tasks=1 maxlen=30 global_makespan=29681
  CostFlow: giving up after 21 iterations (flow=0/1)
  CostFlow: agents=9 tasks=9 maxlen=30 global_makespan=29702
  CostFlow: giving up after 21 iterations (flow=0/9)
  CostFlow: agents=1 tasks=1 maxlen=30 global_makespan=29723
  CostFlow: giving up after 21 iterations (flow=0/1)
  CostFlow: agents=9 tasks=9 maxlen=30 global_makespan=29744
  CostFlow: giving up after 21 iterations (flow=0/9)
  CostFlow: agents=1 tasks=1 maxlen=30 global_makespan=29765
  CostFlow: giving up after 21 iterations (flow=0/1)
  CostFlow: agents=9 tasks=9 maxlen=30 global_makespan=29786
  CostFlow: giving up after 21 iterations (flow=0/9)
  CostFlow: agents=1 tasks=1 maxlen=30 global_makespan=29807
  CostFlow: giving up after 21 iterations (flow=0/1)
  CostFlow: agents=9 tasks=9 maxlen=30 global_makespan=29828
  CostFlow: giving up after 21 iterations (flow=0/9)
  CostFlow: agents=1 tasks=1 maxlen=30 global_makespan=29849
  CostFlow: giving up after 21 iterations (flow=0/1)
  CostFlow: agents=9 tasks=9 maxlen=30 global_makespan=29870
  CostFlow: giving up after 21 iterations (flow=0/9)
  CostFlow: agents=1 tasks=1 maxlen=30 global_makespan=29891
  CostFlow: giving up after 21 iterations (flow=0/1)
  CostFlow: agents=9 tasks=9 maxlen=30 global_makespan=29912
  CostFlow: giving up after 21 iterations (flow=0/9)
  CostFlow: agents=1 tasks=1 maxlen=30 global_makespan=29933
  CostFlow: giving up after 21 iterations (flow=0/1)
  CostFlow: agents=9 tasks=9 maxlen=30 global_makespan=29954
  CostFlow: giving up after 21 iterations (flow=0/9)
  CostFlow: agents=1 tasks=1 maxlen=30 global_makespan=29975
  CostFlow: giving up after 21 iterations (flow=0/1)
  CostFlow: agents=9 tasks=9 maxlen=30 global_makespan=29996
  CostFlow: giving up after 21 iterations (flow=0/9)
  CostFlow: agents=1 tasks=1 maxlen=30 global_makespan=30017
  CostFlow: giving up after 21 iterations (flow=0/1)
  CostFlow: agents=9 tasks=9 maxlen=30 global_makespan=30038
  CostFlow: giving up after 21 iterations (flow=0/9)
  CostFlow: agents=1 tasks=1 maxlen=30 global_makespan=30059
  CostFlow: giving up after 21 iterations (flow=0/1)
  CostFlow: agents=9 tasks=9 maxlen=30 global_makespan=30080
  CostFlow: giving up after 21 iterations (flow=0/9)
  CostFlow: agents=1 tasks=1 maxlen=30 global_makespan=30101
  CostFlow: giving up after 21 iterations (flow=0/1)
  CostFlow: agents=9 tasks=9 maxlen=30 global_makespan=30122
  CostFlow: giving up after 21 iterations (flow=0/9)
  CostFlow: agents=1 tasks=1 maxlen=30 global_makespan=30143
  CostFlow: giving up after 21 iterations (flow=0/1)
  CostFlow: agents=9 tasks=9 maxlen=30 global_makespan=30164
  CostFlow: giving up after 21 iterations (flow=0/9)
  CostFlow: agents=1 tasks=1 maxlen=30 global_makespan=30185
  CostFlow: giving up after 21 iterations (flow=0/1)
  CostFlow: agents=9 tasks=9 maxlen=30 global_makespan=30206
  CostFlow: giving up after 21 iterations (flow=0/9)
  CostFlow: agents=1 tasks=1 maxlen=30 global_makespan=30227
  CostFlow: giving up after 21 iterations (flow=0/1)
  CostFlow: agents=9 tasks=9 maxlen=30 global_makespan=30248
  CostFlow: giving up after 21 iterations (flow=0/9)
  CostFlow: agents=1 tasks=1 maxlen=30 global_makespan=30269
  CostFlow: giving up after 21 iterations (flow=0/1)
  CostFlow: agents=9 tasks=9 maxlen=30 global_makespan=30290
  CostFlow: giving up after 21 iterations (flow=0/9)
  CostFlow: agents=1 tasks=1 maxlen=30 global_makespan=30311
  CostFlow: giving up after 21 iterations (flow=0/1)
  CostFlow: agents=9 tasks=9 maxlen=30 global_makespan=30332
  CostFlow: giving up after 21 iterations (flow=0/9)
  CostFlow: agents=1 tasks=1 maxlen=30 global_makespan=30353
  CostFlow: giving up after 21 iterations (flow=0/1)
  CostFlow: agents=9 tasks=9 maxlen=30 global_makespan=30374
  CostFlow: giving up after 21 iterations (flow=0/9)
  CostFlow: agents=1 tasks=1 maxlen=30 global_makespan=30395
  CostFlow: giving up after 21 iterations (flow=0/1)
  CostFlow: agents=9 tasks=9 maxlen=30 global_makespan=30416
  CostFlow: giving up after 21 iterations (flow=0/9)
  CostFlow: agents=1 tasks=1 maxlen=30 global_makespan=30437
  CostFlow: giving up after 21 iterations (flow=0/1)
  CostFlow: agents=9 tasks=9 maxlen=30 global_makespan=30458
  CostFlow: giving up after 21 iterations (flow=0/9)
  CostFlow: agents=1 tasks=1 maxlen=30 global_makespan=30479
  CostFlow: giving up after 21 iterations (flow=0/1)
  CostFlow: agents=9 tasks=9 maxlen=30 global_makespan=30500
  CostFlow: giving up after 21 iterations (flow=0/9)
  CostFlow: agents=1 tasks=1 maxlen=30 global_makespan=30521
  CostFlow: giving up after 21 iterations (flow=0/1)
  CostFlow: agents=9 tasks=9 maxlen=30 global_makespan=30542
  CostFlow: giving up after 21 iterations (flow=0/9)
  CostFlow: agents=1 tasks=1 maxlen=30 global_makespan=30563
  CostFlow: giving up after 21 iterations (flow=0/1)
  CostFlow: agents=9 tasks=9 maxlen=30 global_makespan=30584
  CostFlow: giving up after 21 iterations (flow=0/9)
  CostFlow: agents=1 tasks=1 maxlen=30 global_makespan=30605
  CostFlow: giving up after 21 iterations (flow=0/1)
  CostFlow: agents=9 tasks=9 maxlen=30 global_makespan=30626
  CostFlow: giving up after 21 iterations (flow=0/9)
  CostFlow: agents=1 tasks=1 maxlen=30 global_makespan=30647
  CostFlow: giving up after 21 iterations (flow=0/1)
  CostFlow: agents=9 tasks=9 maxlen=30 global_makespan=30668
  CostFlow: giving up after 21 iterations (flow=0/9)
  CostFlow: agents=1 tasks=1 maxlen=30 global_makespan=30689
  CostFlow: giving up after 21 iterations (flow=0/1)
  CostFlow: agents=9 tasks=9 maxlen=30 global_makespan=30710
  CostFlow: giving up after 21 iterations (flow=0/9)
  CostFlow: agents=1 tasks=1 maxlen=30 global_makespan=30731
  CostFlow: giving up after 21 iterations (flow=0/1)
  CostFlow: agents=9 tasks=9 maxlen=30 global_makespan=30752
  CostFlow: giving up after 21 iterations (flow=0/9)
  CostFlow: agents=1 tasks=1 maxlen=30 global_makespan=30773
  CostFlow: giving up after 21 iterations (flow=0/1)
  CostFlow: agents=9 tasks=9 maxlen=30 global_makespan=30794
  CostFlow: giving up after 21 iterations (flow=0/9)
  CostFlow: agents=1 tasks=1 maxlen=30 global_makespan=30815
  CostFlow: giving up after 21 iterations (flow=0/1)
  CostFlow: agents=9 tasks=9 maxlen=30 global_makespan=30836
  CostFlow: giving up after 21 iterations (flow=0/9)
  CostFlow: agents=1 tasks=1 maxlen=30 global_makespan=30857
  CostFlow: giving up after 21 iterations (flow=0/1)
  CostFlow: agents=9 tasks=9 maxlen=30 global_makespan=30878
  CostFlow: giving up after 21 iterations (flow=0/9)
  CostFlow: agents=1 tasks=1 maxlen=30 global_makespan=30899
  CostFlow: giving up after 21 iterations (flow=0/1)
  CostFlow: agents=9 tasks=9 maxlen=30 global_makespan=30920
  CostFlow: giving up after 21 iterations (flow=0/9)
  CostFlow: agents=1 tasks=1 maxlen=30 global_makespan=30941
  CostFlow: giving up after 21 iterations (flow=0/1)
  CostFlow: agents=9 tasks=9 maxlen=30 global_makespan=30962
  CostFlow: giving up after 21 iterations (flow=0/9)
  CostFlow: agents=1 tasks=1 maxlen=30 global_makespan=30983
  CostFlow: giving up after 21 iterations (flow=0/1)
  CostFlow: agents=9 tasks=9 maxlen=30 global_makespan=31004
  CostFlow: giving up after 21 iterations (flow=0/9)
  CostFlow: agents=1 tasks=1 maxlen=30 global_makespan=31025
  CostFlow: giving up after 21 iterations (flow=0/1)
  CostFlow: agents=9 tasks=9 maxlen=30 global_makespan=31046
  CostFlow: giving up after 21 iterations (flow=0/9)
  CostFlow: agents=1 tasks=1 maxlen=30 global_makespan=31067
  CostFlow: giving up after 21 iterations (flow=0/1)
  CostFlow: agents=9 tasks=9 maxlen=30 global_makespan=31088
  CostFlow: giving up after 21 iterations (flow=0/9)
  CostFlow: agents=1 tasks=1 maxlen=30 global_makespan=31109
  CostFlow: giving up after 21 iterations (flow=0/1)
  CostFlow: agents=9 tasks=9 maxlen=30 global_makespan=31130
  CostFlow: giving up after 21 iterations (flow=0/9)
  CostFlow: agents=1 tasks=1 maxlen=30 global_makespan=31151
  CostFlow: giving up after 21 iterations (flow=0/1)
  CostFlow: agents=9 tasks=9 maxlen=30 global_makespan=31172
  CostFlow: giving up after 21 iterations (flow=0/9)
  CostFlow: agents=1 tasks=1 maxlen=30 global_makespan=31193
  CostFlow: giving up after 21 iterations (flow=0/1)
  CostFlow: agents=9 tasks=9 maxlen=30 global_makespan=31214
  CostFlow: giving up after 21 iterations (flow=0/9)
  CostFlow: agents=1 tasks=1 maxlen=30 global_makespan=31235
  CostFlow: giving up after 21 iterations (flow=0/1)
  CostFlow: agents=9 tasks=9 maxlen=30 global_makespan=31256
  CostFlow: giving up after 21 iterations (flow=0/9)
  CostFlow: agents=1 tasks=1 maxlen=30 global_makespan=31277
  CostFlow: giving up after 21 iterations (flow=0/1)
  CostFlow: agents=9 tasks=9 maxlen=30 global_makespan=31298
  CostFlow: giving up after 21 iterations (flow=0/9)
  CostFlow: agents=1 tasks=1 maxlen=30 global_makespan=31319
  CostFlow: giving up after 21 iterations (flow=0/1)
  CostFlow: agents=9 tasks=9 maxlen=30 global_makespan=31340
  CostFlow: giving up after 21 iterations (flow=0/9)
  CostFlow: agents=1 tasks=1 maxlen=30 global_makespan=31361
  CostFlow: giving up after 21 iterations (flow=0/1)
  CostFlow: agents=9 tasks=9 maxlen=30 global_makespan=31382
  CostFlow: giving up after 21 iterations (flow=0/9)
  CostFlow: agents=1 tasks=1 maxlen=30 global_makespan=31403
  CostFlow: giving up after 21 iterations (flow=0/1)
  CostFlow: agents=9 tasks=9 maxlen=30 global_makespan=31424
  CostFlow: giving up after 21 iterations (flow=0/9)
  CostFlow: agents=1 tasks=1 maxlen=30 global_makespan=31445
  CostFlow: giving up after 21 iterations (flow=0/1)
  CostFlow: agents=9 tasks=9 maxlen=30 global_makespan=31466
  CostFlow: giving up after 21 iterations (flow=0/9)
  CostFlow: agents=1 tasks=1 maxlen=30 global_makespan=31487
  CostFlow: giving up after 21 iterations (flow=0/1)
  CostFlow: agents=9 tasks=9 maxlen=30 global_makespan=31508
  CostFlow: giving up after 21 iterations (flow=0/9)
  CostFlow: agents=1 tasks=1 maxlen=30 global_makespan=31529
  CostFlow: giving up after 21 iterations (flow=0/1)
  CostFlow: agents=9 tasks=9 maxlen=30 global_makespan=31550
  CostFlow: giving up after 21 iterations (flow=0/9)
  CostFlow: agents=1 tasks=1 maxlen=30 global_makespan=31571
  CostFlow: giving up after 21 iterations (flow=0/1)
  CostFlow: agents=9 tasks=9 maxlen=30 global_makespan=31592
  CostFlow: giving up after 21 iterations (flow=0/9)
  CostFlow: agents=1 tasks=1 maxlen=30 global_makespan=31613
  CostFlow: giving up after 21 iterations (flow=0/1)
  CostFlow: agents=9 tasks=9 maxlen=30 global_makespan=31634
  CostFlow: giving up after 21 iterations (flow=0/9)
  CostFlow: agents=1 tasks=1 maxlen=30 global_makespan=31655
  CostFlow: giving up after 21 iterations (flow=0/1)
  CostFlow: agents=9 tasks=9 maxlen=30 global_makespan=31676
  CostFlow: giving up after 21 iterations (flow=0/9)
  CostFlow: agents=1 tasks=1 maxlen=30 global_makespan=31697
  CostFlow: giving up after 21 iterations (flow=0/1)
  CostFlow: agents=9 tasks=9 maxlen=30 global_makespan=31718
  CostFlow: giving up after 21 iterations (flow=0/9)
  CostFlow: agents=1 tasks=1 maxlen=30 global_makespan=31739
  CostFlow: giving up after 21 iterations (flow=0/1)
  CostFlow: agents=9 tasks=9 maxlen=30 global_makespan=31760
  CostFlow: giving up after 21 iterations (flow=0/9)
  CostFlow: agents=1 tasks=1 maxlen=30 global_makespan=31781
  CostFlow: giving up after 21 iterations (flow=0/1)
  CostFlow: agents=9 tasks=9 maxlen=30 global_makespan=31802
  CostFlow: giving up after 21 iterations (flow=0/9)
  CostFlow: agents=1 tasks=1 maxlen=30 global_makespan=31823
  CostFlow: giving up after 21 iterations (flow=0/1)
  CostFlow: agents=9 tasks=9 maxlen=30 global_makespan=31844
  CostFlow: giving up after 21 iterations (flow=0/9)
  CostFlow: agents=1 tasks=1 maxlen=30 global_makespan=31865
  CostFlow: giving up after 21 iterations (flow=0/1)
  CostFlow: agents=9 tasks=9 maxlen=30 global_makespan=31886
  CostFlow: giving up after 21 iterations (flow=0/9)
  CostFlow: agents=1 tasks=1 maxlen=30 global_makespan=31907
  CostFlow: giving up after 21 iterations (flow=0/1)
  CostFlow: agents=9 tasks=9 maxlen=30 global_makespan=31928
  CostFlow: giving up after 21 iterations (flow=0/9)
  CostFlow: agents=1 tasks=1 maxlen=30 global_makespan=31949
  CostFlow: giving up after 21 iterations (flow=0/1)
  CostFlow: agents=9 tasks=9 maxlen=30 global_makespan=31970
  CostFlow: giving up after 21 iterations (flow=0/9)
  CostFlow: agents=1 tasks=1 maxlen=30 global_makespan=31991
  CostFlow: giving up after 21 iterations (flow=0/1)
  CostFlow: agents=9 tasks=9 maxlen=30 global_makespan=32012
  CostFlow: giving up after 21 iterations (flow=0/9)
  CostFlow: agents=1 tasks=1 maxlen=30 global_makespan=32033
  CostFlow: giving up after 21 iterations (flow=0/1)
  CostFlow: agents=9 tasks=9 maxlen=30 global_makespan=32054
  CostFlow: giving up after 21 iterations (flow=0/9)
  CostFlow: agents=1 tasks=1 maxlen=30 global_makespan=32075
  CostFlow: giving up after 21 iterations (flow=0/1)
  CostFlow: agents=9 tasks=9 maxlen=30 global_makespan=32096
  CostFlow: giving up after 21 iterations (flow=0/9)
  CostFlow: agents=1 tasks=1 maxlen=30 global_makespan=32117
  CostFlow: giving up after 21 iterations (flow=0/1)
  CostFlow: agents=9 tasks=9 maxlen=30 global_makespan=32138
  CostFlow: giving up after 21 iterations (flow=0/9)
  CostFlow: agents=1 tasks=1 maxlen=30 global_makespan=32159
  CostFlow: giving up after 21 iterations (flow=0/1)
  CostFlow: agents=9 tasks=9 maxlen=30 global_makespan=32180
  CostFlow: giving up after 21 iterations (flow=0/9)
  CostFlow: agents=1 tasks=1 maxlen=30 global_makespan=32201
  CostFlow: giving up after 21 iterations (flow=0/1)
  CostFlow: agents=9 tasks=9 maxlen=30 global_makespan=32222
  CostFlow: giving up after 21 iterations (flow=0/9)
  CostFlow: agents=1 tasks=1 maxlen=30 global_makespan=32243
  CostFlow: giving up after 21 iterations (flow=0/1)
  CostFlow: agents=9 tasks=9 maxlen=30 global_makespan=32264
  CostFlow: giving up after 21 iterations (flow=0/9)
  CostFlow: agents=1 tasks=1 maxlen=30 global_makespan=32285
  CostFlow: giving up after 21 iterations (flow=0/1)
  CostFlow: agents=9 tasks=9 maxlen=30 global_makespan=32306
  CostFlow: giving up after 21 iterations (flow=0/9)
  CostFlow: agents=1 tasks=1 maxlen=30 global_makespan=32327
  CostFlow: giving up after 21 iterations (flow=0/1)
  CostFlow: agents=9 tasks=9 maxlen=30 global_makespan=32348
  CostFlow: giving up after 21 iterations (flow=0/9)
  CostFlow: agents=1 tasks=1 maxlen=30 global_makespan=32369
  CostFlow: giving up after 21 iterations (flow=0/1)
  CostFlow: agents=9 tasks=9 maxlen=30 global_makespan=32390
  CostFlow: giving up after 21 iterations (flow=0/9)
  CostFlow: agents=1 tasks=1 maxlen=30 global_makespan=32411
  CostFlow: giving up after 21 iterations (flow=0/1)
  CostFlow: agents=9 tasks=9 maxlen=30 global_makespan=32432
  CostFlow: giving up after 21 iterations (flow=0/9)
  CostFlow: agents=1 tasks=1 maxlen=30 global_makespan=32453
  CostFlow: giving up after 21 iterations (flow=0/1)
  CostFlow: agents=9 tasks=9 maxlen=30 global_makespan=32474
  CostFlow: giving up after 21 iterations (flow=0/9)
  CostFlow: agents=1 tasks=1 maxlen=30 global_makespan=32495
  CostFlow: giving up after 21 iterations (flow=0/1)
  CostFlow: agents=9 tasks=9 maxlen=30 global_makespan=32516
  CostFlow: giving up after 21 iterations (flow=0/9)
  CostFlow: agents=1 tasks=1 maxlen=30 global_makespan=32537
  CostFlow: giving up after 21 iterations (flow=0/1)
  CostFlow: agents=9 tasks=9 maxlen=30 global_makespan=32558
  CostFlow: giving up after 21 iterations (flow=0/9)
  CostFlow: agents=1 tasks=1 maxlen=30 global_makespan=32579
  CostFlow: giving up after 21 iterations (flow=0/1)
  CostFlow: agents=9 tasks=9 maxlen=30 global_makespan=32600
  CostFlow: giving up after 21 iterations (flow=0/9)
  CostFlow: agents=1 tasks=1 maxlen=30 global_makespan=32621
  CostFlow: giving up after 21 iterations (flow=0/1)
  CostFlow: agents=9 tasks=9 maxlen=30 global_makespan=32642
  CostFlow: giving up after 21 iterations (flow=0/9)
  CostFlow: agents=1 tasks=1 maxlen=30 global_makespan=32663
  CostFlow: giving up after 21 iterations (flow=0/1)
  CostFlow: agents=9 tasks=9 maxlen=30 global_makespan=32684
  CostFlow: giving up after 21 iterations (flow=0/9)
  CostFlow: agents=1 tasks=1 maxlen=30 global_makespan=32705
  CostFlow: giving up after 21 iterations (flow=0/1)
  CostFlow: agents=9 tasks=9 maxlen=30 global_makespan=32726
  CostFlow: giving up after 21 iterations (flow=0/9)
  CostFlow: agents=1 tasks=1 maxlen=30 global_makespan=32747
  CostFlow: giving up after 21 iterations (flow=0/1)
  CostFlow: agents=9 tasks=9 maxlen=30 global_makespan=32768
  CostFlow: giving up after 21 iterations (flow=0/9)
  CostFlow: agents=1 tasks=1 maxlen=30 global_makespan=32789
  CostFlow: giving up after 21 iterations (flow=0/1)
  CostFlow: agents=9 tasks=9 maxlen=30 global_makespan=32810
  CostFlow: giving up after 21 iterations (flow=0/9)
  CostFlow: agents=1 tasks=1 maxlen=30 global_makespan=32831
  CostFlow: giving up after 21 iterations (flow=0/1)
  CostFlow: agents=9 tasks=9 maxlen=30 global_makespan=32852
  CostFlow: giving up after 21 iterations (flow=0/9)
  CostFlow: agents=1 tasks=1 maxlen=30 global_makespan=32873
  CostFlow: giving up after 21 iterations (flow=0/1)
  CostFlow: agents=9 tasks=9 maxlen=30 global_makespan=32894
  CostFlow: giving up after 21 iterations (flow=0/9)
  CostFlow: agents=1 tasks=1 maxlen=30 global_makespan=32915
  CostFlow: giving up after 21 iterations (flow=0/1)
  CostFlow: agents=9 tasks=9 maxlen=30 global_makespan=32936
  CostFlow: giving up after 21 iterations (flow=0/9)
  CostFlow: agents=1 tasks=1 maxlen=30 global_makespan=32957
  CostFlow: giving up after 21 iterations (flow=0/1)
  CostFlow: agents=9 tasks=9 maxlen=30 global_makespan=32978
  CostFlow: giving up after 21 iterations (flow=0/9)
  CostFlow: agents=1 tasks=1 maxlen=30 global_makespan=32999
  CostFlow: giving up after 21 iterations (flow=0/1)
  CostFlow: agents=9 tasks=9 maxlen=30 global_makespan=33020
  CostFlow: giving up after 21 iterations (flow=0/9)
  CostFlow: agents=1 tasks=1 maxlen=30 global_makespan=33041
  CostFlow: giving up after 21 iterations (flow=0/1)
  CostFlow: agents=9 tasks=9 maxlen=30 global_makespan=33062
  CostFlow: giving up after 21 iterations (flow=0/9)
  CostFlow: agents=1 tasks=1 maxlen=30 global_makespan=33083
  CostFlow: giving up after 21 iterations (flow=0/1)
  CostFlow: agents=9 tasks=9 maxlen=30 global_makespan=33104
  CostFlow: giving up after 21 iterations (flow=0/9)
  CostFlow: agents=1 tasks=1 maxlen=30 global_makespan=33125
  CostFlow: giving up after 21 iterations (flow=0/1)
  CostFlow: agents=9 tasks=9 maxlen=30 global_makespan=33146
  CostFlow: giving up after 21 iterations (flow=0/9)
  CostFlow: agents=1 tasks=1 maxlen=30 global_makespan=33167
  CostFlow: giving up after 21 iterations (flow=0/1)
  CostFlow: agents=9 tasks=9 maxlen=30 global_makespan=33188
  CostFlow: giving up after 21 iterations (flow=0/9)
  CostFlow: agents=1 tasks=1 maxlen=30 global_makespan=33209
  CostFlow: giving up after 21 iterations (flow=0/1)
  CostFlow: agents=9 tasks=9 maxlen=30 global_makespan=33230
  CostFlow: giving up after 21 iterations (flow=0/9)
  CostFlow: agents=1 tasks=1 maxlen=30 global_makespan=33251
  CostFlow: giving up after 21 iterations (flow=0/1)
  CostFlow: agents=9 tasks=9 maxlen=30 global_makespan=33272
  CostFlow: giving up after 21 iterations (flow=0/9)
  CostFlow: agents=1 tasks=1 maxlen=30 global_makespan=33293
  CostFlow: giving up after 21 iterations (flow=0/1)
  CostFlow: agents=9 tasks=9 maxlen=30 global_makespan=33314
  CostFlow: giving up after 21 iterations (flow=0/9)
  CostFlow: agents=1 tasks=1 maxlen=30 global_makespan=33335
  CostFlow: giving up after 21 iterations (flow=0/1)
  CostFlow: agents=9 tasks=9 maxlen=30 global_makespan=33356
  CostFlow: giving up after 21 iterations (flow=0/9)
  CostFlow: agents=1 tasks=1 maxlen=30 global_makespan=33377
  CostFlow: giving up after 21 iterations (flow=0/1)
  CostFlow: agents=9 tasks=9 maxlen=30 global_makespan=33398
  CostFlow: giving up after 21 iterations (flow=0/9)
  CostFlow: agents=1 tasks=1 maxlen=30 global_makespan=33419
  CostFlow: giving up after 21 iterations (flow=0/1)
  CostFlow: agents=9 tasks=9 maxlen=30 global_makespan=33440
  CostFlow: giving up after 21 iterations (flow=0/9)
  CostFlow: agents=1 tasks=1 maxlen=30 global_makespan=33461
  CostFlow: giving up after 21 iterations (flow=0/1)
  CostFlow: agents=9 tasks=9 maxlen=30 global_makespan=33482
  CostFlow: giving up after 21 iterations (flow=0/9)
  CostFlow: agents=1 tasks=1 maxlen=30 global_makespan=33503
  CostFlow: giving up after 21 iterations (flow=0/1)
  CostFlow: agents=9 tasks=9 maxlen=30 global_makespan=33524
  CostFlow: giving up after 21 iterations (flow=0/9)
  CostFlow: agents=1 tasks=1 maxlen=30 global_makespan=33545
  CostFlow: giving up after 21 iterations (flow=0/1)
  CostFlow: agents=9 tasks=9 maxlen=30 global_makespan=33566
  CostFlow: giving up after 21 iterations (flow=0/9)
  CostFlow: agents=1 tasks=1 maxlen=30 global_makespan=33587
  CostFlow: giving up after 21 iterations (flow=0/1)
  CostFlow: agents=9 tasks=9 maxlen=30 global_makespan=33608
  CostFlow: giving up after 21 iterations (flow=0/9)
  CostFlow: agents=1 tasks=1 maxlen=30 global_makespan=33629
  CostFlow: giving up after 21 iterations (flow=0/1)
  CostFlow: agents=9 tasks=9 maxlen=30 global_makespan=33650
  CostFlow: giving up after 21 iterations (flow=0/9)
  CostFlow: agents=1 tasks=1 maxlen=30 global_makespan=33671
  CostFlow: giving up after 21 iterations (flow=0/1)
  CostFlow: agents=9 tasks=9 maxlen=30 global_makespan=33692
  CostFlow: giving up after 21 iterations (flow=0/9)
  CostFlow: agents=1 tasks=1 maxlen=30 global_makespan=33713
  CostFlow: giving up after 21 iterations (flow=0/1)
  CostFlow: agents=9 tasks=9 maxlen=30 global_makespan=33734
  CostFlow: giving up after 21 iterations (flow=0/9)
  CostFlow: agents=1 tasks=1 maxlen=30 global_makespan=33755
  CostFlow: giving up after 21 iterations (flow=0/1)
  CostFlow: agents=9 tasks=9 maxlen=30 global_makespan=33776
  CostFlow: giving up after 21 iterations (flow=0/9)
  CostFlow: agents=1 tasks=1 maxlen=30 global_makespan=33797
  CostFlow: giving up after 21 iterations (flow=0/1)
  CostFlow: agents=9 tasks=9 maxlen=30 global_makespan=33818
  CostFlow: giving up after 21 iterations (flow=0/9)
  CostFlow: agents=1 tasks=1 maxlen=30 global_makespan=33839
  CostFlow: giving up after 21 iterations (flow=0/1)
  CostFlow: agents=9 tasks=9 maxlen=30 global_makespan=33860
  CostFlow: giving up after 21 iterations (flow=0/9)
  CostFlow: agents=1 tasks=1 maxlen=30 global_makespan=33881
  CostFlow: giving up after 21 iterations (flow=0/1)
  CostFlow: agents=9 tasks=9 maxlen=30 global_makespan=33902
  CostFlow: giving up after 21 iterations (flow=0/9)
  CostFlow: agents=1 tasks=1 maxlen=30 global_makespan=33923
  CostFlow: giving up after 21 iterations (flow=0/1)
  CostFlow: agents=9 tasks=9 maxlen=30 global_makespan=33944
  CostFlow: giving up after 21 iterations (flow=0/9)
  CostFlow: agents=1 tasks=1 maxlen=30 global_makespan=33965
  CostFlow: giving up after 21 iterations (flow=0/1)
  CostFlow: agents=9 tasks=9 maxlen=30 global_makespan=33986
  CostFlow: giving up after 21 iterations (flow=0/9)
  CostFlow: agents=1 tasks=1 maxlen=30 global_makespan=34007
  CostFlow: giving up after 21 iterations (flow=0/1)
  CostFlow: agents=9 tasks=9 maxlen=30 global_makespan=34028
  CostFlow: giving up after 21 iterations (flow=0/9)
  CostFlow: agents=1 tasks=1 maxlen=30 global_makespan=34049
  CostFlow: giving up after 21 iterations (flow=0/1)
  CostFlow: agents=9 tasks=9 maxlen=30 global_makespan=34070
  CostFlow: giving up after 21 iterations (flow=0/9)
  CostFlow: agents=1 tasks=1 maxlen=30 global_makespan=34091
  CostFlow: giving up after 21 iterations (flow=0/1)
  CostFlow: agents=9 tasks=9 maxlen=30 global_makespan=34112
  CostFlow: giving up after 21 iterations (flow=0/9)
  CostFlow: agents=1 tasks=1 maxlen=30 global_makespan=34133
  CostFlow: giving up after 21 iterations (flow=0/1)
  CostFlow: agents=9 tasks=9 maxlen=30 global_makespan=34154
  CostFlow: giving up after 21 iterations (flow=0/9)
  CostFlow: agents=1 tasks=1 maxlen=30 global_makespan=34175
  CostFlow: giving up after 21 iterations (flow=0/1)
  CostFlow: agents=9 tasks=9 maxlen=30 global_makespan=34196
  CostFlow: giving up after 21 iterations (flow=0/9)
  CostFlow: agents=1 tasks=1 maxlen=30 global_makespan=34217
  CostFlow: giving up after 21 iterations (flow=0/1)
  CostFlow: agents=9 tasks=9 maxlen=30 global_makespan=34238
  CostFlow: giving up after 21 iterations (flow=0/9)
  CostFlow: agents=1 tasks=1 maxlen=30 global_makespan=34259
  CostFlow: giving up after 21 iterations (flow=0/1)
  CostFlow: agents=9 tasks=9 maxlen=30 global_makespan=34280
  CostFlow: giving up after 21 iterations (flow=0/9)
  CostFlow: agents=1 tasks=1 maxlen=30 global_makespan=34301
  CostFlow: giving up after 21 iterations (flow=0/1)
  CostFlow: agents=9 tasks=9 maxlen=30 global_makespan=34322
  CostFlow: giving up after 21 iterations (flow=0/9)
  CostFlow: agents=1 tasks=1 maxlen=30 global_makespan=34343
  CostFlow: giving up after 21 iterations (flow=0/1)
  CostFlow: agents=9 tasks=9 maxlen=30 global_makespan=34364
  CostFlow: giving up after 21 iterations (flow=0/9)
  CostFlow: agents=1 tasks=1 maxlen=30 global_makespan=34385
  CostFlow: giving up after 21 iterations (flow=0/1)
  CostFlow: agents=9 tasks=9 maxlen=30 global_makespan=34406
  CostFlow: giving up after 21 iterations (flow=0/9)
  CostFlow: agents=1 tasks=1 maxlen=30 global_makespan=34427
  CostFlow: giving up after 21 iterations (flow=0/1)
  CostFlow: agents=9 tasks=9 maxlen=30 global_makespan=34448
  CostFlow: giving up after 21 iterations (flow=0/9)
  CostFlow: agents=1 tasks=1 maxlen=30 global_makespan=34469
  CostFlow: giving up after 21 iterations (flow=0/1)
  CostFlow: agents=9 tasks=9 maxlen=30 global_makespan=34490
  CostFlow: giving up after 21 iterations (flow=0/9)
  CostFlow: agents=1 tasks=1 maxlen=30 global_makespan=34511
  CostFlow: giving up after 21 iterations (flow=0/1)
  CostFlow: agents=9 tasks=9 maxlen=30 global_makespan=34532
  CostFlow: giving up after 21 iterations (flow=0/9)
  CostFlow: agents=1 tasks=1 maxlen=30 global_makespan=34553
  CostFlow: giving up after 21 iterations (flow=0/1)
  CostFlow: agents=9 tasks=9 maxlen=30 global_makespan=34574
  CostFlow: giving up after 21 iterations (flow=0/9)
  CostFlow: agents=1 tasks=1 maxlen=30 global_makespan=34595
  CostFlow: giving up after 21 iterations (flow=0/1)
  CostFlow: agents=9 tasks=9 maxlen=30 global_makespan=34616
  CostFlow: giving up after 21 iterations (flow=0/9)
  CostFlow: agents=1 tasks=1 maxlen=30 global_makespan=34637
  CostFlow: giving up after 21 iterations (flow=0/1)
  CostFlow: agents=9 tasks=9 maxlen=30 global_makespan=34658
  CostFlow: giving up after 21 iterations (flow=0/9)
  CostFlow: agents=1 tasks=1 maxlen=30 global_makespan=34679
  CostFlow: giving up after 21 iterations (flow=0/1)
  CostFlow: agents=9 tasks=9 maxlen=30 global_makespan=34700
  CostFlow: giving up after 21 iterations (flow=0/9)
  CostFlow: agents=1 tasks=1 maxlen=30 global_makespan=34721
  CostFlow: giving up after 21 iterations (flow=0/1)
  CostFlow: agents=9 tasks=9 maxlen=30 global_makespan=34742
  CostFlow: giving up after 21 iterations (flow=0/9)
  CostFlow: agents=1 tasks=1 maxlen=30 global_makespan=34763
  CostFlow: giving up after 21 iterations (flow=0/1)
  CostFlow: agents=9 tasks=9 maxlen=30 global_makespan=34784
  CostFlow: giving up after 21 iterations (flow=0/9)
  CostFlow: agents=1 tasks=1 maxlen=30 global_makespan=34805
  CostFlow: giving up after 21 iterations (flow=0/1)
  CostFlow: agents=9 tasks=9 maxlen=30 global_makespan=34826
  CostFlow: giving up after 21 iterations (flow=0/9)
  CostFlow: agents=1 tasks=1 maxlen=30 global_makespan=34847
  CostFlow: giving up after 21 iterations (flow=0/1)
  CostFlow: agents=9 tasks=9 maxlen=30 global_makespan=34868
  CostFlow: giving up after 21 iterations (flow=0/9)
  CostFlow: agents=1 tasks=1 maxlen=30 global_makespan=34889
  CostFlow: giving up after 21 iterations (flow=0/1)
  CostFlow: agents=9 tasks=9 maxlen=30 global_makespan=34910
  CostFlow: giving up after 21 iterations (flow=0/9)
  CostFlow: agents=1 tasks=1 maxlen=30 global_makespan=34931
  CostFlow: giving up after 21 iterations (flow=0/1)
  CostFlow: agents=9 tasks=9 maxlen=30 global_makespan=34952
  CostFlow: giving up after 21 iterations (flow=0/9)
  CostFlow: agents=1 tasks=1 maxlen=30 global_makespan=34973
  CostFlow: giving up after 21 iterations (flow=0/1)
  CostFlow: agents=9 tasks=9 maxlen=30 global_makespan=34994
  CostFlow: giving up after 21 iterations (flow=0/9)
  CostFlow: agents=1 tasks=1 maxlen=30 global_makespan=35015
  CostFlow: giving up after 21 iterations (flow=0/1)
  CostFlow: agents=9 tasks=9 maxlen=30 global_makespan=35036
  CostFlow: giving up after 21 iterations (flow=0/9)
  CostFlow: agents=1 tasks=1 maxlen=30 global_makespan=35057
  CostFlow: giving up after 21 iterations (flow=0/1)
  CostFlow: agents=9 tasks=9 maxlen=30 global_makespan=35078
  CostFlow: giving up after 21 iterations (flow=0/9)
  CostFlow: agents=1 tasks=1 maxlen=30 global_makespan=35099
  CostFlow: giving up after 21 iterations (flow=0/1)
  CostFlow: agents=9 tasks=9 maxlen=30 global_makespan=35120
  CostFlow: giving up after 21 iterations (flow=0/9)
  CostFlow: agents=1 tasks=1 maxlen=30 global_makespan=35141
  CostFlow: giving up after 21 iterations (flow=0/1)
  CostFlow: agents=9 tasks=9 maxlen=30 global_makespan=35162
  CostFlow: giving up after 21 iterations (flow=0/9)
  CostFlow: agents=1 tasks=1 maxlen=30 global_makespan=35183
  CostFlow: giving up after 21 iterations (flow=0/1)
  CostFlow: agents=9 tasks=9 maxlen=30 global_makespan=35204
  CostFlow: giving up after 21 iterations (flow=0/9)
  CostFlow: agents=1 tasks=1 maxlen=30 global_makespan=35225
  CostFlow: giving up after 21 iterations (flow=0/1)
  CostFlow: agents=9 tasks=9 maxlen=30 global_makespan=35246
  CostFlow: giving up after 21 iterations (flow=0/9)
  CostFlow: agents=1 tasks=1 maxlen=30 global_makespan=35267
  CostFlow: giving up after 21 iterations (flow=0/1)
  CostFlow: agents=9 tasks=9 maxlen=30 global_makespan=35288
  CostFlow: giving up after 21 iterations (flow=0/9)
  CostFlow: agents=1 tasks=1 maxlen=30 global_makespan=35309
  CostFlow: giving up after 21 iterations (flow=0/1)
  CostFlow: agents=9 tasks=9 maxlen=30 global_makespan=35330
  CostFlow: giving up after 21 iterations (flow=0/9)
  CostFlow: agents=1 tasks=1 maxlen=30 global_makespan=35351
  CostFlow: giving up after 21 iterations (flow=0/1)
  CostFlow: agents=9 tasks=9 maxlen=30 global_makespan=35372
  CostFlow: giving up after 21 iterations (flow=0/9)
  CostFlow: agents=1 tasks=1 maxlen=30 global_makespan=35393
  CostFlow: giving up after 21 iterations (flow=0/1)
  CostFlow: agents=9 tasks=9 maxlen=30 global_makespan=35414
  CostFlow: giving up after 21 iterations (flow=0/9)
  CostFlow: agents=1 tasks=1 maxlen=30 global_makespan=35435
  CostFlow: giving up after 21 iterations (flow=0/1)
  CostFlow: agents=9 tasks=9 maxlen=30 global_makespan=35456
  CostFlow: giving up after 21 iterations (flow=0/9)
  CostFlow: agents=1 tasks=1 maxlen=30 global_makespan=35477
  CostFlow: giving up after 21 iterations (flow=0/1)
  CostFlow: agents=9 tasks=9 maxlen=30 global_makespan=35498
  CostFlow: giving up after 21 iterations (flow=0/9)
  CostFlow: agents=1 tasks=1 maxlen=30 global_makespan=35519
  CostFlow: giving up after 21 iterations (flow=0/1)
  CostFlow: agents=9 tasks=9 maxlen=30 global_makespan=35540
  CostFlow: giving up after 21 iterations (flow=0/9)
  CostFlow: agents=1 tasks=1 maxlen=30 global_makespan=35561
  CostFlow: giving up after 21 iterations (flow=0/1)
  CostFlow: agents=9 tasks=9 maxlen=30 global_makespan=35582
  CostFlow: giving up after 21 iterations (flow=0/9)
  CostFlow: agents=1 tasks=1 maxlen=30 global_makespan=35603
  CostFlow: giving up after 21 iterations (flow=0/1)
  CostFlow: agents=9 tasks=9 maxlen=30 global_makespan=35624
  CostFlow: giving up after 21 iterations (flow=0/9)
  CostFlow: agents=1 tasks=1 maxlen=30 global_makespan=35645
  CostFlow: giving up after 21 iterations (flow=0/1)
  CostFlow: agents=9 tasks=9 maxlen=30 global_makespan=35666
  CostFlow: giving up after 21 iterations (flow=0/9)
  CostFlow: agents=1 tasks=1 maxlen=30 global_makespan=35687
  CostFlow: giving up after 21 iterations (flow=0/1)
  CostFlow: agents=9 tasks=9 maxlen=30 global_makespan=35708
  CostFlow: giving up after 21 iterations (flow=0/9)
  CostFlow: agents=1 tasks=1 maxlen=30 global_makespan=35729
  CostFlow: giving up after 21 iterations (flow=0/1)
  CostFlow: agents=9 tasks=9 maxlen=30 global_makespan=35750
  CostFlow: giving up after 21 iterations (flow=0/9)
  CostFlow: agents=1 tasks=1 maxlen=30 global_makespan=35771
  CostFlow: giving up after 21 iterations (flow=0/1)
  CostFlow: agents=9 tasks=9 maxlen=30 global_makespan=35792
  CostFlow: giving up after 21 iterations (flow=0/9)
  CostFlow: agents=1 tasks=1 maxlen=30 global_makespan=35813
  CostFlow: giving up after 21 iterations (flow=0/1)
  CostFlow: agents=9 tasks=9 maxlen=30 global_makespan=35834
  CostFlow: giving up after 21 iterations (flow=0/9)
  CostFlow: agents=1 tasks=1 maxlen=30 global_makespan=35855
  CostFlow: giving up after 21 iterations (flow=0/1)
  CostFlow: agents=9 tasks=9 maxlen=30 global_makespan=35876
  CostFlow: giving up after 21 iterations (flow=0/9)
  CostFlow: agents=1 tasks=1 maxlen=30 global_makespan=35897
  CostFlow: giving up after 21 iterations (flow=0/1)
  CostFlow: agents=9 tasks=9 maxlen=30 global_makespan=35918
  CostFlow: giving up after 21 iterations (flow=0/9)
  CostFlow: agents=1 tasks=1 maxlen=30 global_makespan=35939
  CostFlow: giving up after 21 iterations (flow=0/1)
  CostFlow: agents=9 tasks=9 maxlen=30 global_makespan=35960
  CostFlow: giving up after 21 iterations (flow=0/9)
  CostFlow: agents=1 tasks=1 maxlen=30 global_makespan=35981
  CostFlow: giving up after 21 iterations (flow=0/1)
  CostFlow: agents=9 tasks=9 maxlen=30 global_makespan=36002
  CostFlow: giving up after 21 iterations (flow=0/9)
  CostFlow: agents=1 tasks=1 maxlen=30 global_makespan=36023
  CostFlow: giving up after 21 iterations (flow=0/1)
  CostFlow: agents=9 tasks=9 maxlen=30 global_makespan=36044
  CostFlow: giving up after 21 iterations (flow=0/9)
  CostFlow: agents=1 tasks=1 maxlen=30 global_makespan=36065
  CostFlow: giving up after 21 iterations (flow=0/1)
  CostFlow: agents=9 tasks=9 maxlen=30 global_makespan=36086
  CostFlow: giving up after 21 iterations (flow=0/9)
  CostFlow: agents=1 tasks=1 maxlen=30 global_makespan=36107
  CostFlow: giving up after 21 iterations (flow=0/1)
  CostFlow: agents=9 tasks=9 maxlen=30 global_makespan=36128
  CostFlow: giving up after 21 iterations (flow=0/9)
  CostFlow: agents=1 tasks=1 maxlen=30 global_makespan=36149
  CostFlow: giving up after 21 iterations (flow=0/1)
  CostFlow: agents=9 tasks=9 maxlen=30 global_makespan=36170
  CostFlow: giving up after 21 iterations (flow=0/9)
  CostFlow: agents=1 tasks=1 maxlen=30 global_makespan=36191
  CostFlow: giving up after 21 iterations (flow=0/1)
  CostFlow: agents=9 tasks=9 maxlen=30 global_makespan=36212
  CostFlow: giving up after 21 iterations (flow=0/9)
  CostFlow: agents=1 tasks=1 maxlen=30 global_makespan=36233
  CostFlow: giving up after 21 iterations (flow=0/1)
  CostFlow: agents=9 tasks=9 maxlen=30 global_makespan=36254
  CostFlow: giving up after 21 iterations (flow=0/9)
  CostFlow: agents=1 tasks=1 maxlen=30 global_makespan=36275
  CostFlow: giving up after 21 iterations (flow=0/1)
  CostFlow: agents=9 tasks=9 maxlen=30 global_makespan=36296
  CostFlow: giving up after 21 iterations (flow=0/9)
  CostFlow: agents=1 tasks=1 maxlen=30 global_makespan=36317
  CostFlow: giving up after 21 iterations (flow=0/1)
  CostFlow: agents=9 tasks=9 maxlen=30 global_makespan=36338
  CostFlow: giving up after 21 iterations (flow=0/9)
  CostFlow: agents=1 tasks=1 maxlen=30 global_makespan=36359
  CostFlow: giving up after 21 iterations (flow=0/1)
  CostFlow: agents=9 tasks=9 maxlen=30 global_makespan=36380
  CostFlow: giving up after 21 iterations (flow=0/9)
  CostFlow: agents=1 tasks=1 maxlen=30 global_makespan=36401
  CostFlow: giving up after 21 iterations (flow=0/1)
  CostFlow: agents=9 tasks=9 maxlen=30 global_makespan=36422
  CostFlow: giving up after 21 iterations (flow=0/9)
  CostFlow: agents=1 tasks=1 maxlen=30 global_makespan=36443
  CostFlow: giving up after 21 iterations (flow=0/1)
  CostFlow: agents=9 tasks=9 maxlen=30 global_makespan=36464
  CostFlow: giving up after 21 iterations (flow=0/9)
  CostFlow: agents=1 tasks=1 maxlen=30 global_makespan=36485
  CostFlow: giving up after 21 iterations (flow=0/1)
  CostFlow: agents=9 tasks=9 maxlen=30 global_makespan=36506
  CostFlow: giving up after 21 iterations (flow=0/9)
  CostFlow: agents=1 tasks=1 maxlen=30 global_makespan=36527
  CostFlow: giving up after 21 iterations (flow=0/1)
  CostFlow: agents=9 tasks=9 maxlen=30 global_makespan=36548
  CostFlow: giving up after 21 iterations (flow=0/9)
  CostFlow: agents=1 tasks=1 maxlen=30 global_makespan=36569
  CostFlow: giving up after 21 iterations (flow=0/1)
  CostFlow: agents=9 tasks=9 maxlen=30 global_makespan=36590
  CostFlow: giving up after 21 iterations (flow=0/9)
  CostFlow: agents=1 tasks=1 maxlen=30 global_makespan=36611
  CostFlow: giving up after 21 iterations (flow=0/1)
  CostFlow: agents=9 tasks=9 maxlen=30 global_makespan=36632
  CostFlow: giving up after 21 iterations (flow=0/9)
  CostFlow: agents=1 tasks=1 maxlen=30 global_makespan=36653
  CostFlow: giving up after 21 iterations (flow=0/1)
  CostFlow: agents=9 tasks=9 maxlen=30 global_makespan=36674
  CostFlow: giving up after 21 iterations (flow=0/9)
  CostFlow: agents=1 tasks=1 maxlen=30 global_makespan=36695
  CostFlow: giving up after 21 iterations (flow=0/1)
  CostFlow: agents=9 tasks=9 maxlen=30 global_makespan=36716
  CostFlow: giving up after 21 iterations (flow=0/9)
  CostFlow: agents=1 tasks=1 maxlen=30 global_makespan=36737
  CostFlow: giving up after 21 iterations (flow=0/1)
  CostFlow: agents=9 tasks=9 maxlen=30 global_makespan=36758
  CostFlow: giving up after 21 iterations (flow=0/9)
  CostFlow: agents=1 tasks=1 maxlen=30 global_makespan=36779
  CostFlow: giving up after 21 iterations (flow=0/1)
  CostFlow: agents=9 tasks=9 maxlen=30 global_makespan=36800
  CostFlow: giving up after 21 iterations (flow=0/9)
  CostFlow: agents=1 tasks=1 maxlen=30 global_makespan=36821
  CostFlow: giving up after 21 iterations (flow=0/1)
  CostFlow: agents=9 tasks=9 maxlen=30 global_makespan=36842
  CostFlow: giving up after 21 iterations (flow=0/9)
  CostFlow: agents=1 tasks=1 maxlen=30 global_makespan=36863
  CostFlow: giving up after 21 iterations (flow=0/1)
  CostFlow: agents=9 tasks=9 maxlen=30 global_makespan=36884
  CostFlow: giving up after 21 iterations (flow=0/9)
  CostFlow: agents=1 tasks=1 maxlen=30 global_makespan=36905
  CostFlow: giving up after 21 iterations (flow=0/1)
  CostFlow: agents=9 tasks=9 maxlen=30 global_makespan=36926
  CostFlow: giving up after 21 iterations (flow=0/9)
  CostFlow: agents=1 tasks=1 maxlen=30 global_makespan=36947
  CostFlow: giving up after 21 iterations (flow=0/1)
  CostFlow: agents=9 tasks=9 maxlen=30 global_makespan=36968
  CostFlow: giving up after 21 iterations (flow=0/9)
  CostFlow: agents=1 tasks=1 maxlen=30 global_makespan=36989
  CostFlow: giving up after 21 iterations (flow=0/1)
  CostFlow: agents=9 tasks=9 maxlen=30 global_makespan=37010
  CostFlow: giving up after 21 iterations (flow=0/9)
  CostFlow: agents=1 tasks=1 maxlen=30 global_makespan=37031
  CostFlow: giving up after 21 iterations (flow=0/1)
  CostFlow: agents=9 tasks=9 maxlen=30 global_makespan=37052
  CostFlow: giving up after 21 iterations (flow=0/9)
  CostFlow: agents=1 tasks=1 maxlen=30 global_makespan=37073
  CostFlow: giving up after 21 iterations (flow=0/1)
  CostFlow: agents=9 tasks=9 maxlen=30 global_makespan=37094
  CostFlow: giving up after 21 iterations (flow=0/9)
  CostFlow: agents=1 tasks=1 maxlen=30 global_makespan=37115
  CostFlow: giving up after 21 iterations (flow=0/1)
  CostFlow: agents=9 tasks=9 maxlen=30 global_makespan=37136
  CostFlow: giving up after 21 iterations (flow=0/9)
  CostFlow: agents=1 tasks=1 maxlen=30 global_makespan=37157
  CostFlow: giving up after 21 iterations (flow=0/1)
  CostFlow: agents=9 tasks=9 maxlen=30 global_makespan=37178
  CostFlow: giving up after 21 iterations (flow=0/9)
  CostFlow: agents=1 tasks=1 maxlen=30 global_makespan=37199
  CostFlow: giving up after 21 iterations (flow=0/1)
  CostFlow: agents=9 tasks=9 maxlen=30 global_makespan=37220
  CostFlow: giving up after 21 iterations (flow=0/9)
  CostFlow: agents=1 tasks=1 maxlen=30 global_makespan=37241
  CostFlow: giving up after 21 iterations (flow=0/1)
  CostFlow: agents=9 tasks=9 maxlen=30 global_makespan=37262
  CostFlow: giving up after 21 iterations (flow=0/9)
  CostFlow: agents=1 tasks=1 maxlen=30 global_makespan=37283
  CostFlow: giving up after 21 iterations (flow=0/1)
  CostFlow: agents=9 tasks=9 maxlen=30 global_makespan=37304
  CostFlow: giving up after 21 iterations (flow=0/9)
  CostFlow: agents=1 tasks=1 maxlen=30 global_makespan=37325
  CostFlow: giving up after 21 iterations (flow=0/1)
  CostFlow: agents=9 tasks=9 maxlen=30 global_makespan=37346
  CostFlow: giving up after 21 iterations (flow=0/9)
  CostFlow: agents=1 tasks=1 maxlen=30 global_makespan=37367
  CostFlow: giving up after 21 iterations (flow=0/1)
  CostFlow: agents=9 tasks=9 maxlen=30 global_makespan=37388
  CostFlow: giving up after 21 iterations (flow=0/9)
  CostFlow: agents=1 tasks=1 maxlen=30 global_makespan=37409
  CostFlow: giving up after 21 iterations (flow=0/1)
  CostFlow: agents=9 tasks=9 maxlen=30 global_makespan=37430
  CostFlow: giving up after 21 iterations (flow=0/9)
  CostFlow: agents=1 tasks=1 maxlen=30 global_makespan=37451
  CostFlow: giving up after 21 iterations (flow=0/1)
  CostFlow: agents=9 tasks=9 maxlen=30 global_makespan=37472
  CostFlow: giving up after 21 iterations (flow=0/9)
  CostFlow: agents=1 tasks=1 maxlen=30 global_makespan=37493
  CostFlow: giving up after 21 iterations (flow=0/1)
  CostFlow: agents=9 tasks=9 maxlen=30 global_makespan=37514
  CostFlow: giving up after 21 iterations (flow=0/9)
  CostFlow: agents=1 tasks=1 maxlen=30 global_makespan=37535
  CostFlow: giving up after 21 iterations (flow=0/1)
  CostFlow: agents=9 tasks=9 maxlen=30 global_makespan=37556
  CostFlow: giving up after 21 iterations (flow=0/9)
  CostFlow: agents=1 tasks=1 maxlen=30 global_makespan=37577
  CostFlow: giving up after 21 iterations (flow=0/1)
  CostFlow: agents=9 tasks=9 maxlen=30 global_makespan=37598
  CostFlow: giving up after 21 iterations (flow=0/9)
  CostFlow: agents=1 tasks=1 maxlen=30 global_makespan=37619
  CostFlow: giving up after 21 iterations (flow=0/1)
  CostFlow: agents=9 tasks=9 maxlen=30 global_makespan=37640
  CostFlow: giving up after 21 iterations (flow=0/9)
  CostFlow: agents=1 tasks=1 maxlen=30 global_makespan=37661
  CostFlow: giving up after 21 iterations (flow=0/1)
  CostFlow: agents=9 tasks=9 maxlen=30 global_makespan=37682
  CostFlow: giving up after 21 iterations (flow=0/9)
  CostFlow: agents=1 tasks=1 maxlen=30 global_makespan=37703
  CostFlow: giving up after 21 iterations (flow=0/1)
  CostFlow: agents=9 tasks=9 maxlen=30 global_makespan=37724
  CostFlow: giving up after 21 iterations (flow=0/9)
  CostFlow: agents=1 tasks=1 maxlen=30 global_makespan=37745
  CostFlow: giving up after 21 iterations (flow=0/1)
  CostFlow: agents=9 tasks=9 maxlen=30 global_makespan=37766
  CostFlow: giving up after 21 iterations (flow=0/9)
  CostFlow: agents=1 tasks=1 maxlen=30 global_makespan=37787
  CostFlow: giving up after 21 iterations (flow=0/1)
  CostFlow: agents=9 tasks=9 maxlen=30 global_makespan=37808
  CostFlow: giving up after 21 iterations (flow=0/9)
  CostFlow: agents=1 tasks=1 maxlen=30 global_makespan=37829
  CostFlow: giving up after 21 iterations (flow=0/1)
  CostFlow: agents=9 tasks=9 maxlen=30 global_makespan=37850
  CostFlow: giving up after 21 iterations (flow=0/9)
  CostFlow: agents=1 tasks=1 maxlen=30 global_makespan=37871
  CostFlow: giving up after 21 iterations (flow=0/1)
  CostFlow: agents=9 tasks=9 maxlen=30 global_makespan=37892
  CostFlow: giving up after 21 iterations (flow=0/9)
  CostFlow: agents=1 tasks=1 maxlen=30 global_makespan=37913
  CostFlow: giving up after 21 iterations (flow=0/1)
  CostFlow: agents=9 tasks=9 maxlen=30 global_makespan=37934
  CostFlow: giving up after 21 iterations (flow=0/9)
  CostFlow: agents=1 tasks=1 maxlen=30 global_makespan=37955
  CostFlow: giving up after 21 iterations (flow=0/1)
  CostFlow: agents=9 tasks=9 maxlen=30 global_makespan=37976
  CostFlow: giving up after 21 iterations (flow=0/9)
  CostFlow: agents=1 tasks=1 maxlen=30 global_makespan=37997
  CostFlow: giving up after 21 iterations (flow=0/1)
  CostFlow: agents=9 tasks=9 maxlen=30 global_makespan=38018
  CostFlow: giving up after 21 iterations (flow=0/9)
  CostFlow: agents=1 tasks=1 maxlen=30 global_makespan=38039
  CostFlow: giving up after 21 iterations (flow=0/1)
  CostFlow: agents=9 tasks=9 maxlen=30 global_makespan=38060
  CostFlow: giving up after 21 iterations (flow=0/9)
  CostFlow: agents=1 tasks=1 maxlen=30 global_makespan=38081
  CostFlow: giving up after 21 iterations (flow=0/1)
  CostFlow: agents=9 tasks=9 maxlen=30 global_makespan=38102
  CostFlow: giving up after 21 iterations (flow=0/9)
  CostFlow: agents=1 tasks=1 maxlen=30 global_makespan=38123
  CostFlow: giving up after 21 iterations (flow=0/1)
  CostFlow: agents=9 tasks=9 maxlen=30 global_makespan=38144
  CostFlow: giving up after 21 iterations (flow=0/9)
  CostFlow: agents=1 tasks=1 maxlen=30 global_makespan=38165
  CostFlow: giving up after 21 iterations (flow=0/1)
  CostFlow: agents=9 tasks=9 maxlen=30 global_makespan=38186
  CostFlow: giving up after 21 iterations (flow=0/9)
  CostFlow: agents=1 tasks=1 maxlen=30 global_makespan=38207
  CostFlow: giving up after 21 iterations (flow=0/1)
  CostFlow: agents=9 tasks=9 maxlen=30 global_makespan=38228
  CostFlow: giving up after 21 iterations (flow=0/9)
  CostFlow: agents=1 tasks=1 maxlen=30 global_makespan=38249
  CostFlow: giving up after 21 iterations (flow=0/1)
  CostFlow: agents=9 tasks=9 maxlen=30 global_makespan=38270
  CostFlow: giving up after 21 iterations (flow=0/9)
  CostFlow: agents=1 tasks=1 maxlen=30 global_makespan=38291
  CostFlow: giving up after 21 iterations (flow=0/1)
  CostFlow: agents=9 tasks=9 maxlen=30 global_makespan=38312
  CostFlow: giving up after 21 iterations (flow=0/9)
  CostFlow: agents=1 tasks=1 maxlen=30 global_makespan=38333
  CostFlow: giving up after 21 iterations (flow=0/1)
  CostFlow: agents=9 tasks=9 maxlen=30 global_makespan=38354
  CostFlow: giving up after 21 iterations (flow=0/9)
  CostFlow: agents=1 tasks=1 maxlen=30 global_makespan=38375
  CostFlow: giving up after 21 iterations (flow=0/1)
  CostFlow: agents=9 tasks=9 maxlen=30 global_makespan=38396
  CostFlow: giving up after 21 iterations (flow=0/9)
  CostFlow: agents=1 tasks=1 maxlen=30 global_makespan=38417
  CostFlow: giving up after 21 iterations (flow=0/1)
  CostFlow: agents=9 tasks=9 maxlen=30 global_makespan=38438
  CostFlow: giving up after 21 iterations (flow=0/9)
  CostFlow: agents=1 tasks=1 maxlen=30 global_makespan=38459
  CostFlow: giving up after 21 iterations (flow=0/1)
  CostFlow: agents=9 tasks=9 maxlen=30 global_makespan=38480
  CostFlow: giving up after 21 iterations (flow=0/9)
  CostFlow: agents=1 tasks=1 maxlen=30 global_makespan=38501
  CostFlow: giving up after 21 iterations (flow=0/1)
  CostFlow: agents=9 tasks=9 maxlen=30 global_makespan=38522
  CostFlow: giving up after 21 iterations (flow=0/9)
  CostFlow: agents=1 tasks=1 maxlen=30 global_makespan=38543
  CostFlow: giving up after 21 iterations (flow=0/1)
  CostFlow: agents=9 tasks=9 maxlen=30 global_makespan=38564
  CostFlow: giving up after 21 iterations (flow=0/9)
  CostFlow: agents=1 tasks=1 maxlen=30 global_makespan=38585
  CostFlow: giving up after 21 iterations (flow=0/1)
  CostFlow: agents=9 tasks=9 maxlen=30 global_makespan=38606
  CostFlow: giving up after 21 iterations (flow=0/9)
  CostFlow: agents=1 tasks=1 maxlen=30 global_makespan=38627
  CostFlow: giving up after 21 iterations (flow=0/1)
  CostFlow: agents=9 tasks=9 maxlen=30 global_makespan=38648
  CostFlow: giving up after 21 iterations (flow=0/9)
  CostFlow: agents=1 tasks=1 maxlen=30 global_makespan=38669
  CostFlow: giving up after 21 iterations (flow=0/1)
  CostFlow: agents=9 tasks=9 maxlen=30 global_makespan=38690
  CostFlow: giving up after 21 iterations (flow=0/9)
  CostFlow: agents=1 tasks=1 maxlen=30 global_makespan=38711
  CostFlow: giving up after 21 iterations (flow=0/1)
  CostFlow: agents=9 tasks=9 maxlen=30 global_makespan=38732
  CostFlow: giving up after 21 iterations (flow=0/9)
  CostFlow: agents=1 tasks=1 maxlen=30 global_makespan=38753
  CostFlow: giving up after 21 iterations (flow=0/1)
  CostFlow: agents=9 tasks=9 maxlen=30 global_makespan=38774
  CostFlow: giving up after 21 iterations (flow=0/9)
  CostFlow: agents=1 tasks=1 maxlen=30 global_makespan=38795
  CostFlow: giving up after 21 iterations (flow=0/1)
  CostFlow: agents=9 tasks=9 maxlen=30 global_makespan=38816
  CostFlow: giving up after 21 iterations (flow=0/9)
  CostFlow: agents=1 tasks=1 maxlen=30 global_makespan=38837
  CostFlow: giving up after 21 iterations (flow=0/1)
  CostFlow: agents=9 tasks=9 maxlen=30 global_makespan=38858
  CostFlow: giving up after 21 iterations (flow=0/9)
  CostFlow: agents=1 tasks=1 maxlen=30 global_makespan=38879
  CostFlow: giving up after 21 iterations (flow=0/1)
  CostFlow: agents=9 tasks=9 maxlen=30 global_makespan=38900
  CostFlow: giving up after 21 iterations (flow=0/9)
  CostFlow: agents=1 tasks=1 maxlen=30 global_makespan=38921
  CostFlow: giving up after 21 iterations (flow=0/1)
  CostFlow: agents=9 tasks=9 maxlen=30 global_makespan=38942
  CostFlow: giving up after 21 iterations (flow=0/9)
  CostFlow: agents=1 tasks=1 maxlen=30 global_makespan=38963
  CostFlow: giving up after 21 iterations (flow=0/1)
  CostFlow: agents=9 tasks=9 maxlen=30 global_makespan=38984
  CostFlow: giving up after 21 iterations (flow=0/9)
  CostFlow: agents=1 tasks=1 maxlen=30 global_makespan=39005
  CostFlow: giving up after 21 iterations (flow=0/1)
  CostFlow: agents=9 tasks=9 maxlen=30 global_makespan=39026
  CostFlow: giving up after 21 iterations (flow=0/9)
  CostFlow: agents=1 tasks=1 maxlen=30 global_makespan=39047
  CostFlow: giving up after 21 iterations (flow=0/1)
  CostFlow: agents=9 tasks=9 maxlen=30 global_makespan=39068
  CostFlow: giving up after 21 iterations (flow=0/9)
  CostFlow: agents=1 tasks=1 maxlen=30 global_makespan=39089
  CostFlow: giving up after 21 iterations (flow=0/1)
  CostFlow: agents=9 tasks=9 maxlen=30 global_makespan=39110
  CostFlow: giving up after 21 iterations (flow=0/9)
  CostFlow: agents=1 tasks=1 maxlen=30 global_makespan=39131
  CostFlow: giving up after 21 iterations (flow=0/1)
  CostFlow: agents=9 tasks=9 maxlen=30 global_makespan=39152
  CostFlow: giving up after 21 iterations (flow=0/9)
  CostFlow: agents=1 tasks=1 maxlen=30 global_makespan=39173
  CostFlow: giving up after 21 iterations (flow=0/1)
  CostFlow: agents=9 tasks=9 maxlen=30 global_makespan=39194
  CostFlow: giving up after 21 iterations (flow=0/9)
  CostFlow: agents=1 tasks=1 maxlen=30 global_makespan=39215
  CostFlow: giving up after 21 iterations (flow=0/1)
  CostFlow: agents=9 tasks=9 maxlen=30 global_makespan=39236
  CostFlow: giving up after 21 iterations (flow=0/9)
  CostFlow: agents=1 tasks=1 maxlen=30 global_makespan=39257
  CostFlow: giving up after 21 iterations (flow=0/1)
  CostFlow: agents=9 tasks=9 maxlen=30 global_makespan=39278
  CostFlow: giving up after 21 iterations (flow=0/9)
  CostFlow: agents=1 tasks=1 maxlen=30 global_makespan=39299
  CostFlow: giving up after 21 iterations (flow=0/1)
  CostFlow: agents=9 tasks=9 maxlen=30 global_makespan=39320
  CostFlow: giving up after 21 iterations (flow=0/9)
  CostFlow: agents=1 tasks=1 maxlen=30 global_makespan=39341
  CostFlow: giving up after 21 iterations (flow=0/1)
  CostFlow: agents=9 tasks=9 maxlen=30 global_makespan=39362
  CostFlow: giving up after 21 iterations (flow=0/9)
  CostFlow: agents=1 tasks=1 maxlen=30 global_makespan=39383
  CostFlow: giving up after 21 iterations (flow=0/1)
  CostFlow: agents=9 tasks=9 maxlen=30 global_makespan=39404
  CostFlow: giving up after 21 iterations (flow=0/9)
  CostFlow: agents=1 tasks=1 maxlen=30 global_makespan=39425
  CostFlow: giving up after 21 iterations (flow=0/1)
  CostFlow: agents=9 tasks=9 maxlen=30 global_makespan=39446
  CostFlow: giving up after 21 iterations (flow=0/9)
  CostFlow: agents=1 tasks=1 maxlen=30 global_makespan=39467
  CostFlow: giving up after 21 iterations (flow=0/1)
  CostFlow: agents=9 tasks=9 maxlen=30 global_makespan=39488
  CostFlow: giving up after 21 iterations (flow=0/9)
  CostFlow: agents=1 tasks=1 maxlen=30 global_makespan=39509
  CostFlow: giving up after 21 iterations (flow=0/1)
  CostFlow: agents=9 tasks=9 maxlen=30 global_makespan=39530
  CostFlow: giving up after 21 iterations (flow=0/9)
  CostFlow: agents=1 tasks=1 maxlen=30 global_makespan=39551
  CostFlow: giving up after 21 iterations (flow=0/1)
  CostFlow: agents=9 tasks=9 maxlen=30 global_makespan=39572
  CostFlow: giving up after 21 iterations (flow=0/9)
  CostFlow: agents=1 tasks=1 maxlen=30 global_makespan=39593
  CostFlow: giving up after 21 iterations (flow=0/1)
  CostFlow: agents=9 tasks=9 maxlen=30 global_makespan=39614
  CostFlow: giving up after 21 iterations (flow=0/9)
  CostFlow: agents=1 tasks=1 maxlen=30 global_makespan=39635
  CostFlow: giving up after 21 iterations (flow=0/1)
  CostFlow: agents=9 tasks=9 maxlen=30 global_makespan=39656
  CostFlow: giving up after 21 iterations (flow=0/9)
  CostFlow: agents=1 tasks=1 maxlen=30 global_makespan=39677
  CostFlow: giving up after 21 iterations (flow=0/1)
  CostFlow: agents=9 tasks=9 maxlen=30 global_makespan=39698
  CostFlow: giving up after 21 iterations (flow=0/9)
  CostFlow: agents=1 tasks=1 maxlen=30 global_makespan=39719
  CostFlow: giving up after 21 iterations (flow=0/1)
  CostFlow: agents=9 tasks=9 maxlen=30 global_makespan=39740
  CostFlow: giving up after 21 iterations (flow=0/9)
  CostFlow: agents=1 tasks=1 maxlen=30 global_makespan=39761
  CostFlow: giving up after 21 iterations (flow=0/1)
  CostFlow: agents=9 tasks=9 maxlen=30 global_makespan=39782
  CostFlow: giving up after 21 iterations (flow=0/9)
  CostFlow: agents=1 tasks=1 maxlen=30 global_makespan=39803
  CostFlow: giving up after 21 iterations (flow=0/1)
  CostFlow: agents=9 tasks=9 maxlen=30 global_makespan=39824
  CostFlow: giving up after 21 iterations (flow=0/9)
  CostFlow: agents=1 tasks=1 maxlen=30 global_makespan=39845
  CostFlow: giving up after 21 iterations (flow=0/1)
  CostFlow: agents=9 tasks=9 maxlen=30 global_makespan=39866
  CostFlow: giving up after 21 iterations (flow=0/9)
  CostFlow: agents=1 tasks=1 maxlen=30 global_makespan=39887
  CostFlow: giving up after 21 iterations (flow=0/1)
  CostFlow: agents=9 tasks=9 maxlen=30 global_makespan=39908
  CostFlow: giving up after 21 iterations (flow=0/9)
  CostFlow: agents=1 tasks=1 maxlen=30 global_makespan=39929
  CostFlow: giving up after 21 iterations (flow=0/1)
  CostFlow: agents=9 tasks=9 maxlen=30 global_makespan=39950
  CostFlow: giving up after 21 iterations (flow=0/9)
  CostFlow: agents=1 tasks=1 maxlen=30 global_makespan=39971
  CostFlow: giving up after 21 iterations (flow=0/1)
  CostFlow: agents=9 tasks=9 maxlen=30 global_makespan=39992
  CostFlow: giving up after 21 iterations (flow=0/9)
  CostFlow: agents=1 tasks=1 maxlen=30 global_makespan=40013
  CostFlow: giving up after 21 iterations (flow=0/1)
  CostFlow: agents=9 tasks=9 maxlen=30 global_makespan=40034
  CostFlow: giving up after 21 iterations (flow=0/9)
  CostFlow: agents=1 tasks=1 maxlen=30 global_makespan=40055
  CostFlow: giving up after 21 iterations (flow=0/1)
  CostFlow: agents=9 tasks=9 maxlen=30 global_makespan=40076
  CostFlow: giving up after 21 iterations (flow=0/9)
  CostFlow: agents=1 tasks=1 maxlen=30 global_makespan=40097
  CostFlow: giving up after 21 iterations (flow=0/1)
  CostFlow: agents=9 tasks=9 maxlen=30 global_makespan=40118
  CostFlow: giving up after 21 iterations (flow=0/9)
  CostFlow: agents=1 tasks=1 maxlen=30 global_makespan=40139
  CostFlow: giving up after 21 iterations (flow=0/1)
  CostFlow: agents=9 tasks=9 maxlen=30 global_makespan=40160
  CostFlow: giving up after 21 iterations (flow=0/9)
  CostFlow: agents=1 tasks=1 maxlen=30 global_makespan=40181
  CostFlow: giving up after 21 iterations (flow=0/1)
  CostFlow: agents=9 tasks=9 maxlen=30 global_makespan=40202
  CostFlow: giving up after 21 iterations (flow=0/9)
  CostFlow: agents=1 tasks=1 maxlen=30 global_makespan=40223
  CostFlow: giving up after 21 iterations (flow=0/1)
  CostFlow: agents=9 tasks=9 maxlen=30 global_makespan=40244
  CostFlow: giving up after 21 iterations (flow=0/9)
  CostFlow: agents=1 tasks=1 maxlen=30 global_makespan=40265
  CostFlow: giving up after 21 iterations (flow=0/1)
  CostFlow: agents=9 tasks=9 maxlen=30 global_makespan=40286
  CostFlow: giving up after 21 iterations (flow=0/9)
  CostFlow: agents=1 tasks=1 maxlen=30 global_makespan=40307
  CostFlow: giving up after 21 iterations (flow=0/1)
  CostFlow: agents=9 tasks=9 maxlen=30 global_makespan=40328
  CostFlow: giving up after 21 iterations (flow=0/9)
  CostFlow: agents=1 tasks=1 maxlen=30 global_makespan=40349
  CostFlow: giving up after 21 iterations (flow=0/1)
  CostFlow: agents=9 tasks=9 maxlen=30 global_makespan=40370
  CostFlow: giving up after 21 iterations (flow=0/9)
  CostFlow: agents=1 tasks=1 maxlen=30 global_makespan=40391
  CostFlow: giving up after 21 iterations (flow=0/1)
  CostFlow: agents=9 tasks=9 maxlen=30 global_makespan=40412
  CostFlow: giving up after 21 iterations (flow=0/9)
  CostFlow: agents=1 tasks=1 maxlen=30 global_makespan=40433
  CostFlow: giving up after 21 iterations (flow=0/1)
  CostFlow: agents=9 tasks=9 maxlen=30 global_makespan=40454
  CostFlow: giving up after 21 iterations (flow=0/9)
  CostFlow: agents=1 tasks=1 maxlen=30 global_makespan=40475
  CostFlow: giving up after 21 iterations (flow=0/1)
  CostFlow: agents=9 tasks=9 maxlen=30 global_makespan=40496
  CostFlow: giving up after 21 iterations (flow=0/9)
  CostFlow: agents=1 tasks=1 maxlen=30 global_makespan=40517
  CostFlow: giving up after 21 iterations (flow=0/1)
  CostFlow: agents=9 tasks=9 maxlen=30 global_makespan=40538
  CostFlow: giving up after 21 iterations (flow=0/9)
  CostFlow: agents=1 tasks=1 maxlen=30 global_makespan=40559
  CostFlow: giving up after 21 iterations (flow=0/1)
  CostFlow: agents=9 tasks=9 maxlen=30 global_makespan=40580
  CostFlow: giving up after 21 iterations (flow=0/9)
  CostFlow: agents=1 tasks=1 maxlen=30 global_makespan=40601
  CostFlow: giving up after 21 iterations (flow=0/1)
  CostFlow: agents=9 tasks=9 maxlen=30 global_makespan=40622
  CostFlow: giving up after 21 iterations (flow=0/9)
  CostFlow: agents=1 tasks=1 maxlen=30 global_makespan=40643
  CostFlow: giving up after 21 iterations (flow=0/1)
  CostFlow: agents=9 tasks=9 maxlen=30 global_makespan=40664
  CostFlow: giving up after 21 iterations (flow=0/9)
  CostFlow: agents=1 tasks=1 maxlen=30 global_makespan=40685
  CostFlow: giving up after 21 iterations (flow=0/1)
  CostFlow: agents=9 tasks=9 maxlen=30 global_makespan=40706
  CostFlow: giving up after 21 iterations (flow=0/9)
  CostFlow: agents=1 tasks=1 maxlen=30 global_makespan=40727
  CostFlow: giving up after 21 iterations (flow=0/1)
  CostFlow: agents=9 tasks=9 maxlen=30 global_makespan=40748
  CostFlow: giving up after 21 iterations (flow=0/9)
  CostFlow: agents=1 tasks=1 maxlen=30 global_makespan=40769
  CostFlow: giving up after 21 iterations (flow=0/1)
  CostFlow: agents=9 tasks=9 maxlen=30 global_makespan=40790
  CostFlow: giving up after 21 iterations (flow=0/9)
  CostFlow: agents=1 tasks=1 maxlen=30 global_makespan=40811
  CostFlow: giving up after 21 iterations (flow=0/1)
  CostFlow: agents=9 tasks=9 maxlen=30 global_makespan=40832
  CostFlow: giving up after 21 iterations (flow=0/9)
  CostFlow: agents=1 tasks=1 maxlen=30 global_makespan=40853
  CostFlow: giving up after 21 iterations (flow=0/1)
  CostFlow: agents=9 tasks=9 maxlen=30 global_makespan=40874
  CostFlow: giving up after 21 iterations (flow=0/9)
  CostFlow: agents=1 tasks=1 maxlen=30 global_makespan=40895
  CostFlow: giving up after 21 iterations (flow=0/1)
  CostFlow: agents=9 tasks=9 maxlen=30 global_makespan=40916
  CostFlow: giving up after 21 iterations (flow=0/9)
  CostFlow: agents=1 tasks=1 maxlen=30 global_makespan=40937
  CostFlow: giving up after 21 iterations (flow=0/1)
  CostFlow: agents=9 tasks=9 maxlen=30 global_makespan=40958
  CostFlow: giving up after 21 iterations (flow=0/9)
  CostFlow: agents=1 tasks=1 maxlen=30 global_makespan=40979
  CostFlow: giving up after 21 iterations (flow=0/1)
  CostFlow: agents=9 tasks=9 maxlen=30 global_makespan=41000
  CostFlow: giving up after 21 iterations (flow=0/9)
  CostFlow: agents=1 tasks=1 maxlen=30 global_makespan=41021
  CostFlow: giving up after 21 iterations (flow=0/1)
  CostFlow: agents=9 tasks=9 maxlen=30 global_makespan=41042
  CostFlow: giving up after 21 iterations (flow=0/9)
  CostFlow: agents=1 tasks=1 maxlen=30 global_makespan=41063
  CostFlow: giving up after 21 iterations (flow=0/1)
  CostFlow: agents=9 tasks=9 maxlen=30 global_makespan=41084
  CostFlow: giving up after 21 iterations (flow=0/9)
  CostFlow: agents=1 tasks=1 maxlen=30 global_makespan=41105
  CostFlow: giving up after 21 iterations (flow=0/1)
  CostFlow: agents=9 tasks=9 maxlen=30 global_makespan=41126
  CostFlow: giving up after 21 iterations (flow=0/9)
  CostFlow: agents=1 tasks=1 maxlen=30 global_makespan=41147
  CostFlow: giving up after 21 iterations (flow=0/1)
  CostFlow: agents=9 tasks=9 maxlen=30 global_makespan=41168
  CostFlow: giving up after 21 iterations (flow=0/9)
  CostFlow: agents=1 tasks=1 maxlen=30 global_makespan=41189
  CostFlow: giving up after 21 iterations (flow=0/1)
  CostFlow: agents=9 tasks=9 maxlen=30 global_makespan=41210
  CostFlow: giving up after 21 iterations (flow=0/9)
  CostFlow: agents=1 tasks=1 maxlen=30 global_makespan=41231
  CostFlow: giving up after 21 iterations (flow=0/1)
  CostFlow: agents=9 tasks=9 maxlen=30 global_makespan=41252
  CostFlow: giving up after 21 iterations (flow=0/9)
  CostFlow: agents=1 tasks=1 maxlen=30 global_makespan=41273
  CostFlow: giving up after 21 iterations (flow=0/1)
  CostFlow: agents=9 tasks=9 maxlen=30 global_makespan=41294
  CostFlow: giving up after 21 iterations (flow=0/9)
  CostFlow: agents=1 tasks=1 maxlen=30 global_makespan=41315
  CostFlow: giving up after 21 iterations (flow=0/1)
  CostFlow: agents=9 tasks=9 maxlen=30 global_makespan=41336
  CostFlow: giving up after 21 iterations (flow=0/9)
  CostFlow: agents=1 tasks=1 maxlen=30 global_makespan=41357
  CostFlow: giving up after 21 iterations (flow=0/1)
  CostFlow: agents=9 tasks=9 maxlen=30 global_makespan=41378
  CostFlow: giving up after 21 iterations (flow=0/9)
  CostFlow: agents=1 tasks=1 maxlen=30 global_makespan=41399
  CostFlow: giving up after 21 iterations (flow=0/1)
  CostFlow: agents=9 tasks=9 maxlen=30 global_makespan=41420
  CostFlow: giving up after 21 iterations (flow=0/9)
  CostFlow: agents=1 tasks=1 maxlen=30 global_makespan=41441
  CostFlow: giving up after 21 iterations (flow=0/1)
  CostFlow: agents=9 tasks=9 maxlen=30 global_makespan=41462
  CostFlow: giving up after 21 iterations (flow=0/9)
  CostFlow: agents=1 tasks=1 maxlen=30 global_makespan=41483
  CostFlow: giving up after 21 iterations (flow=0/1)
  CostFlow: agents=9 tasks=9 maxlen=30 global_makespan=41504
  CostFlow: giving up after 21 iterations (flow=0/9)
  CostFlow: agents=1 tasks=1 maxlen=30 global_makespan=41525
  CostFlow: giving up after 21 iterations (flow=0/1)
  CostFlow: agents=9 tasks=9 maxlen=30 global_makespan=41546
  CostFlow: giving up after 21 iterations (flow=0/9)
  CostFlow: agents=1 tasks=1 maxlen=30 global_makespan=41567
  CostFlow: giving up after 21 iterations (flow=0/1)
  CostFlow: agents=9 tasks=9 maxlen=30 global_makespan=41588
  CostFlow: giving up after 21 iterations (flow=0/9)
  CostFlow: agents=1 tasks=1 maxlen=30 global_makespan=41609
  CostFlow: giving up after 21 iterations (flow=0/1)
  CostFlow: agents=9 tasks=9 maxlen=30 global_makespan=41630
  CostFlow: giving up after 21 iterations (flow=0/9)
  CostFlow: agents=1 tasks=1 maxlen=30 global_makespan=41651
  CostFlow: giving up after 21 iterations (flow=0/1)
  CostFlow: agents=9 tasks=9 maxlen=30 global_makespan=41672
  CostFlow: giving up after 21 iterations (flow=0/9)
  CostFlow: agents=1 tasks=1 maxlen=30 global_makespan=41693
  CostFlow: giving up after 21 iterations (flow=0/1)
  CostFlow: agents=9 tasks=9 maxlen=30 global_makespan=41714
  CostFlow: giving up after 21 iterations (flow=0/9)
  CostFlow: agents=1 tasks=1 maxlen=30 global_makespan=41735
  CostFlow: giving up after 21 iterations (flow=0/1)
  CostFlow: agents=9 tasks=9 maxlen=30 global_makespan=41756
  CostFlow: giving up after 21 iterations (flow=0/9)
  CostFlow: agents=1 tasks=1 maxlen=30 global_makespan=41777
  CostFlow: giving up after 21 iterations (flow=0/1)
  CostFlow: agents=9 tasks=9 maxlen=30 global_makespan=41798
  CostFlow: giving up after 21 iterations (flow=0/9)
  CostFlow: agents=1 tasks=1 maxlen=30 global_makespan=41819
  CostFlow: giving up after 21 iterations (flow=0/1)
  CostFlow: agents=9 tasks=9 maxlen=30 global_makespan=41840
  CostFlow: giving up after 21 iterations (flow=0/9)
  CostFlow: agents=1 tasks=1 maxlen=30 global_makespan=41861
  CostFlow: giving up after 21 iterations (flow=0/1)
  CostFlow: agents=9 tasks=9 maxlen=30 global_makespan=41882
  CostFlow: giving up after 21 iterations (flow=0/9)
  CostFlow: agents=1 tasks=1 maxlen=30 global_makespan=41903
  CostFlow: giving up after 21 iterations (flow=0/1)
  CostFlow: agents=9 tasks=9 maxlen=30 global_makespan=41924
  CostFlow: giving up after 21 iterations (flow=0/9)
  CostFlow: agents=1 tasks=1 maxlen=30 global_makespan=41945
  CostFlow: giving up after 21 iterations (flow=0/1)
  CostFlow: agents=9 tasks=9 maxlen=30 global_makespan=41966
  CostFlow: giving up after 21 iterations (flow=0/9)
  CostFlow: agents=1 tasks=1 maxlen=30 global_makespan=41987
  CostFlow: giving up after 21 iterations (flow=0/1)
  CostFlow: agents=9 tasks=9 maxlen=30 global_makespan=42008
  CostFlow: giving up after 21 iterations (flow=0/9)
  CostFlow: agents=1 tasks=1 maxlen=30 global_makespan=42029
  CostFlow: giving up after 21 iterations (flow=0/1)
  CostFlow: agents=9 tasks=9 maxlen=30 global_makespan=42050
  CostFlow: giving up after 21 iterations (flow=0/9)
  CostFlow: agents=1 tasks=1 maxlen=30 global_makespan=42071
  CostFlow: giving up after 21 iterations (flow=0/1)
  CostFlow: agents=9 tasks=9 maxlen=30 global_makespan=42092
  CostFlow: giving up after 21 iterations (flow=0/9)
  CostFlow: agents=1 tasks=1 maxlen=30 global_makespan=42113
  CostFlow: giving up after 21 iterations (flow=0/1)
  CostFlow: agents=9 tasks=9 maxlen=30 global_makespan=42134
  CostFlow: giving up after 21 iterations (flow=0/9)
  CostFlow: agents=1 tasks=1 maxlen=30 global_makespan=42155
  CostFlow: giving up after 21 iterations (flow=0/1)
  CostFlow: agents=9 tasks=9 maxlen=30 global_makespan=42176
  CostFlow: giving up after 21 iterations (flow=0/9)
  CostFlow: agents=1 tasks=1 maxlen=30 global_makespan=42197
  CostFlow: giving up after 21 iterations (flow=0/1)
  CostFlow: agents=9 tasks=9 maxlen=30 global_makespan=42218
  CostFlow: giving up after 21 iterations (flow=0/9)
  CostFlow: agents=1 tasks=1 maxlen=30 global_makespan=42239
  CostFlow: giving up after 21 iterations (flow=0/1)
  CostFlow: agents=9 tasks=9 maxlen=30 global_makespan=42260
  CostFlow: giving up after 21 iterations (flow=0/9)
  CostFlow: agents=1 tasks=1 maxlen=30 global_makespan=42281
  CostFlow: giving up after 21 iterations (flow=0/1)
  CostFlow: agents=9 tasks=9 maxlen=30 global_makespan=42302
  CostFlow: giving up after 21 iterations (flow=0/9)
  CostFlow: agents=1 tasks=1 maxlen=30 global_makespan=42323
  CostFlow: giving up after 21 iterations (flow=0/1)
  CostFlow: agents=9 tasks=9 maxlen=30 global_makespan=42344
  CostFlow: giving up after 21 iterations (flow=0/9)
  CostFlow: agents=1 tasks=1 maxlen=30 global_makespan=42365
  CostFlow: giving up after 21 iterations (flow=0/1)
  CostFlow: agents=9 tasks=9 maxlen=30 global_makespan=42386
  CostFlow: giving up after 21 iterations (flow=0/9)
  CostFlow: agents=1 tasks=1 maxlen=30 global_makespan=42407
  CostFlow: giving up after 21 iterations (flow=0/1)
  CostFlow: agents=9 tasks=9 maxlen=30 global_makespan=42428
  CostFlow: giving up after 21 iterations (flow=0/9)
  CostFlow: agents=1 tasks=1 maxlen=30 global_makespan=42449
  CostFlow: giving up after 21 iterations (flow=0/1)
  CostFlow: agents=9 tasks=9 maxlen=30 global_makespan=42470
  CostFlow: giving up after 21 iterations (flow=0/9)
  CostFlow: agents=1 tasks=1 maxlen=30 global_makespan=42491
  CostFlow: giving up after 21 iterations (flow=0/1)
  CostFlow: agents=9 tasks=9 maxlen=30 global_makespan=42512
  CostFlow: giving up after 21 iterations (flow=0/9)
  CostFlow: agents=1 tasks=1 maxlen=30 global_makespan=42533
  CostFlow: giving up after 21 iterations (flow=0/1)
  CostFlow: agents=9 tasks=9 maxlen=30 global_makespan=42554
  CostFlow: giving up after 21 iterations (flow=0/9)
  CostFlow: agents=1 tasks=1 maxlen=30 global_makespan=42575
  CostFlow: giving up after 21 iterations (flow=0/1)
  CostFlow: agents=9 tasks=9 maxlen=30 global_makespan=42596
  CostFlow: giving up after 21 iterations (flow=0/9)
  CostFlow: agents=1 tasks=1 maxlen=30 global_makespan=42617
  CostFlow: giving up after 21 iterations (flow=0/1)
  CostFlow: agents=9 tasks=9 maxlen=30 global_makespan=42638
  CostFlow: giving up after 21 iterations (flow=0/9)
  CostFlow: agents=1 tasks=1 maxlen=30 global_makespan=42659
  CostFlow: giving up after 21 iterations (flow=0/1)
  CostFlow: agents=9 tasks=9 maxlen=30 global_makespan=42680
  CostFlow: giving up after 21 iterations (flow=0/9)
  CostFlow: agents=1 tasks=1 maxlen=30 global_makespan=42701
  CostFlow: giving up after 21 iterations (flow=0/1)
  CostFlow: agents=9 tasks=9 maxlen=30 global_makespan=42722
  CostFlow: giving up after 21 iterations (flow=0/9)
  CostFlow: agents=1 tasks=1 maxlen=30 global_makespan=42743
  CostFlow: giving up after 21 iterations (flow=0/1)
  CostFlow: agents=9 tasks=9 maxlen=30 global_makespan=42764
  CostFlow: giving up after 21 iterations (flow=0/9)
  CostFlow: agents=1 tasks=1 maxlen=30 global_makespan=42785
  CostFlow: giving up after 21 iterations (flow=0/1)
  CostFlow: agents=9 tasks=9 maxlen=30 global_makespan=42806
  CostFlow: giving up after 21 iterations (flow=0/9)
  CostFlow: agents=1 tasks=1 maxlen=30 global_makespan=42827
  CostFlow: giving up after 21 iterations (flow=0/1)
  CostFlow: agents=9 tasks=9 maxlen=30 global_makespan=42848
  CostFlow: giving up after 21 iterations (flow=0/9)
  CostFlow: agents=1 tasks=1 maxlen=30 global_makespan=42869
  CostFlow: giving up after 21 iterations (flow=0/1)
  CostFlow: agents=9 tasks=9 maxlen=30 global_makespan=42890
  CostFlow: giving up after 21 iterations (flow=0/9)
  CostFlow: agents=1 tasks=1 maxlen=30 global_makespan=42911
  CostFlow: giving up after 21 iterations (flow=0/1)
  CostFlow: agents=9 tasks=9 maxlen=30 global_makespan=42932
  CostFlow: giving up after 21 iterations (flow=0/9)
  CostFlow: agents=1 tasks=1 maxlen=30 global_makespan=42953
  CostFlow: giving up after 21 iterations (flow=0/1)
  CostFlow: agents=9 tasks=9 maxlen=30 global_makespan=42974
  CostFlow: giving up after 21 iterations (flow=0/9)
  CostFlow: agents=1 tasks=1 maxlen=30 global_makespan=42995
  CostFlow: giving up after 21 iterations (flow=0/1)
  CostFlow: agents=9 tasks=9 maxlen=30 global_makespan=43016
  CostFlow: giving up after 21 iterations (flow=0/9)
  CostFlow: agents=1 tasks=1 maxlen=30 global_makespan=43037
  CostFlow: giving up after 21 iterations (flow=0/1)
  CostFlow: agents=9 tasks=9 maxlen=30 global_makespan=43058
  CostFlow: giving up after 21 iterations (flow=0/9)
  CostFlow: agents=1 tasks=1 maxlen=30 global_makespan=43079
  CostFlow: giving up after 21 iterations (flow=0/1)
  CostFlow: agents=9 tasks=9 maxlen=30 global_makespan=43100
  CostFlow: giving up after 21 iterations (flow=0/9)
  CostFlow: agents=1 tasks=1 maxlen=30 global_makespan=43121
  CostFlow: giving up after 21 iterations (flow=0/1)
  CostFlow: agents=9 tasks=9 maxlen=30 global_makespan=43142
  CostFlow: giving up after 21 iterations (flow=0/9)
  CostFlow: agents=1 tasks=1 maxlen=30 global_makespan=43163
  CostFlow: giving up after 21 iterations (flow=0/1)
  CostFlow: agents=9 tasks=9 maxlen=30 global_makespan=43184
  CostFlow: giving up after 21 iterations (flow=0/9)
  CostFlow: agents=1 tasks=1 maxlen=30 global_makespan=43205
  CostFlow: giving up after 21 iterations (flow=0/1)
  CostFlow: agents=9 tasks=9 maxlen=30 global_makespan=43226
  CostFlow: giving up after 21 iterations (flow=0/9)
  CostFlow: agents=1 tasks=1 maxlen=30 global_makespan=43247
  CostFlow: giving up after 21 iterations (flow=0/1)
  CostFlow: agents=9 tasks=9 maxlen=30 global_makespan=43268
  CostFlow: giving up after 21 iterations (flow=0/9)
  CostFlow: agents=1 tasks=1 maxlen=30 global_makespan=43289
  CostFlow: giving up after 21 iterations (flow=0/1)
  CostFlow: agents=9 tasks=9 maxlen=30 global_makespan=43310
  CostFlow: giving up after 21 iterations (flow=0/9)
  CostFlow: agents=1 tasks=1 maxlen=30 global_makespan=43331
  CostFlow: giving up after 21 iterations (flow=0/1)
  CostFlow: agents=9 tasks=9 maxlen=30 global_makespan=43352
  CostFlow: giving up after 21 iterations (flow=0/9)
  CostFlow: agents=1 tasks=1 maxlen=30 global_makespan=43373
  CostFlow: giving up after 21 iterations (flow=0/1)
  CostFlow: agents=9 tasks=9 maxlen=30 global_makespan=43394
  CostFlow: giving up after 21 iterations (flow=0/9)
  CostFlow: agents=1 tasks=1 maxlen=30 global_makespan=43415
  CostFlow: giving up after 21 iterations (flow=0/1)
  CostFlow: agents=9 tasks=9 maxlen=30 global_makespan=43436
  CostFlow: giving up after 21 iterations (flow=0/9)
  CostFlow: agents=1 tasks=1 maxlen=30 global_makespan=43457
  CostFlow: giving up after 21 iterations (flow=0/1)
  CostFlow: agents=9 tasks=9 maxlen=30 global_makespan=43478
  CostFlow: giving up after 21 iterations (flow=0/9)
  CostFlow: agents=1 tasks=1 maxlen=30 global_makespan=43499
  CostFlow: giving up after 21 iterations (flow=0/1)
  CostFlow: agents=9 tasks=9 maxlen=30 global_makespan=43520
  CostFlow: giving up after 21 iterations (flow=0/9)
  CostFlow: agents=1 tasks=1 maxlen=30 global_makespan=43541
  CostFlow: giving up after 21 iterations (flow=0/1)
  CostFlow: agents=9 tasks=9 maxlen=30 global_makespan=43562
  CostFlow: giving up after 21 iterations (flow=0/9)
  CostFlow: agents=1 tasks=1 maxlen=30 global_makespan=43583
  CostFlow: giving up after 21 iterations (flow=0/1)
  CostFlow: agents=9 tasks=9 maxlen=30 global_makespan=43604
  CostFlow: giving up after 21 iterations (flow=0/9)
  CostFlow: agents=1 tasks=1 maxlen=30 global_makespan=43625
  CostFlow: giving up after 21 iterations (flow=0/1)
  CostFlow: agents=9 tasks=9 maxlen=30 global_makespan=43646
  CostFlow: giving up after 21 iterations (flow=0/9)
  CostFlow: agents=1 tasks=1 maxlen=30 global_makespan=43667
  CostFlow: giving up after 21 iterations (flow=0/1)
  CostFlow: agents=9 tasks=9 maxlen=30 global_makespan=43688
  CostFlow: giving up after 21 iterations (flow=0/9)
  CostFlow: agents=1 tasks=1 maxlen=30 global_makespan=43709
  CostFlow: giving up after 21 iterations (flow=0/1)
  CostFlow: agents=9 tasks=9 maxlen=30 global_makespan=43730
  CostFlow: giving up after 21 iterations (flow=0/9)
  CostFlow: agents=1 tasks=1 maxlen=30 global_makespan=43751
  CostFlow: giving up after 21 iterations (flow=0/1)
  CostFlow: agents=9 tasks=9 maxlen=30 global_makespan=43772
  CostFlow: giving up after 21 iterations (flow=0/9)
  CostFlow: agents=1 tasks=1 maxlen=30 global_makespan=43793
  CostFlow: giving up after 21 iterations (flow=0/1)
  CostFlow: agents=9 tasks=9 maxlen=30 global_makespan=43814
  CostFlow: giving up after 21 iterations (flow=0/9)
  CostFlow: agents=1 tasks=1 maxlen=30 global_makespan=43835
  CostFlow: giving up after 21 iterations (flow=0/1)
  CostFlow: agents=9 tasks=9 maxlen=30 global_makespan=43856
  CostFlow: giving up after 21 iterations (flow=0/9)
  CostFlow: agents=1 tasks=1 maxlen=30 global_makespan=43877
  CostFlow: giving up after 21 iterations (flow=0/1)
  CostFlow: agents=9 tasks=9 maxlen=30 global_makespan=43898
  CostFlow: giving up after 21 iterations (flow=0/9)
  CostFlow: agents=1 tasks=1 maxlen=30 global_makespan=43919
  CostFlow: giving up after 21 iterations (flow=0/1)
  CostFlow: agents=9 tasks=9 maxlen=30 global_makespan=43940
  CostFlow: giving up after 21 iterations (flow=0/9)
  CostFlow: agents=1 tasks=1 maxlen=30 global_makespan=43961
  CostFlow: giving up after 21 iterations (flow=0/1)
  CostFlow: agents=9 tasks=9 maxlen=30 global_makespan=43982
  CostFlow: giving up after 21 iterations (flow=0/9)
  CostFlow: agents=1 tasks=1 maxlen=30 global_makespan=44003
  CostFlow: giving up after 21 iterations (flow=0/1)
  CostFlow: agents=9 tasks=9 maxlen=30 global_makespan=44024
  CostFlow: giving up after 21 iterations (flow=0/9)
  CostFlow: agents=1 tasks=1 maxlen=30 global_makespan=44045
  CostFlow: giving up after 21 iterations (flow=0/1)
  CostFlow: agents=9 tasks=9 maxlen=30 global_makespan=44066
  CostFlow: giving up after 21 iterations (flow=0/9)
  CostFlow: agents=1 tasks=1 maxlen=30 global_makespan=44087
  CostFlow: giving up after 21 iterations (flow=0/1)
  CostFlow: agents=9 tasks=9 maxlen=30 global_makespan=44108
  CostFlow: giving up after 21 iterations (flow=0/9)
  CostFlow: agents=1 tasks=1 maxlen=30 global_makespan=44129
  CostFlow: giving up after 21 iterations (flow=0/1)
  CostFlow: agents=9 tasks=9 maxlen=30 global_makespan=44150
  CostFlow: giving up after 21 iterations (flow=0/9)
  CostFlow: agents=1 tasks=1 maxlen=30 global_makespan=44171
  CostFlow: giving up after 21 iterations (flow=0/1)
  CostFlow: agents=9 tasks=9 maxlen=30 global_makespan=44192
  CostFlow: giving up after 21 iterations (flow=0/9)
  CostFlow: agents=1 tasks=1 maxlen=30 global_makespan=44213
  CostFlow: giving up after 21 iterations (flow=0/1)
  CostFlow: agents=9 tasks=9 maxlen=30 global_makespan=44234
  CostFlow: giving up after 21 iterations (flow=0/9)
  CostFlow: agents=1 tasks=1 maxlen=30 global_makespan=44255
  CostFlow: giving up after 21 iterations (flow=0/1)
  CostFlow: agents=9 tasks=9 maxlen=30 global_makespan=44276
  CostFlow: giving up after 21 iterations (flow=0/9)
  CostFlow: agents=1 tasks=1 maxlen=30 global_makespan=44297
  CostFlow: giving up after 21 iterations (flow=0/1)
  CostFlow: agents=9 tasks=9 maxlen=30 global_makespan=44318
  CostFlow: giving up after 21 iterations (flow=0/9)
  CostFlow: agents=1 tasks=1 maxlen=30 global_makespan=44339
  CostFlow: giving up after 21 iterations (flow=0/1)
  CostFlow: agents=9 tasks=9 maxlen=30 global_makespan=44360
  CostFlow: giving up after 21 iterations (flow=0/9)
  CostFlow: agents=1 tasks=1 maxlen=30 global_makespan=44381
  CostFlow: giving up after 21 iterations (flow=0/1)
  CostFlow: agents=9 tasks=9 maxlen=30 global_makespan=44402
  CostFlow: giving up after 21 iterations (flow=0/9)
  CostFlow: agents=1 tasks=1 maxlen=30 global_makespan=44423
  CostFlow: giving up after 21 iterations (flow=0/1)
  CostFlow: agents=9 tasks=9 maxlen=30 global_makespan=44444
  CostFlow: giving up after 21 iterations (flow=0/9)
  CostFlow: agents=1 tasks=1 maxlen=30 global_makespan=44465
  CostFlow: giving up after 21 iterations (flow=0/1)
  CostFlow: agents=9 tasks=9 maxlen=30 global_makespan=44486
  CostFlow: giving up after 21 iterations (flow=0/9)
  CostFlow: agents=1 tasks=1 maxlen=30 global_makespan=44507
  CostFlow: giving up after 21 iterations (flow=0/1)
  CostFlow: agents=9 tasks=9 maxlen=30 global_makespan=44528
  CostFlow: giving up after 21 iterations (flow=0/9)
  CostFlow: agents=1 tasks=1 maxlen=30 global_makespan=44549
  CostFlow: giving up after 21 iterations (flow=0/1)
  CostFlow: agents=9 tasks=9 maxlen=30 global_makespan=44570
  CostFlow: giving up after 21 iterations (flow=0/9)
  CostFlow: agents=1 tasks=1 maxlen=30 global_makespan=44591
  CostFlow: giving up after 21 iterations (flow=0/1)
  CostFlow: agents=9 tasks=9 maxlen=30 global_makespan=44612
  CostFlow: giving up after 21 iterations (flow=0/9)
  CostFlow: agents=1 tasks=1 maxlen=30 global_makespan=44633
  CostFlow: giving up after 21 iterations (flow=0/1)
  CostFlow: agents=9 tasks=9 maxlen=30 global_makespan=44654
  CostFlow: giving up after 21 iterations (flow=0/9)
  CostFlow: agents=1 tasks=1 maxlen=30 global_makespan=44675
  CostFlow: giving up after 21 iterations (flow=0/1)
  CostFlow: agents=9 tasks=9 maxlen=30 global_makespan=44696
  CostFlow: giving up after 21 iterations (flow=0/9)
  CostFlow: agents=1 tasks=1 maxlen=30 global_makespan=44717
  CostFlow: giving up after 21 iterations (flow=0/1)
  CostFlow: agents=9 tasks=9 maxlen=30 global_makespan=44738
  CostFlow: giving up after 21 iterations (flow=0/9)
  CostFlow: agents=1 tasks=1 maxlen=30 global_makespan=44759
  CostFlow: giving up after 21 iterations (flow=0/1)
  CostFlow: agents=9 tasks=9 maxlen=30 global_makespan=44780
  CostFlow: giving up after 21 iterations (flow=0/9)
  CostFlow: agents=1 tasks=1 maxlen=30 global_makespan=44801
  CostFlow: giving up after 21 iterations (flow=0/1)
  CostFlow: agents=9 tasks=9 maxlen=30 global_makespan=44822
  CostFlow: giving up after 21 iterations (flow=0/9)
  CostFlow: agents=1 tasks=1 maxlen=30 global_makespan=44843
  CostFlow: giving up after 21 iterations (flow=0/1)
  CostFlow: agents=9 tasks=9 maxlen=30 global_makespan=44864
  CostFlow: giving up after 21 iterations (flow=0/9)
  CostFlow: agents=1 tasks=1 maxlen=30 global_makespan=44885
  CostFlow: giving up after 21 iterations (flow=0/1)
  CostFlow: agents=9 tasks=9 maxlen=30 global_makespan=44906
  CostFlow: giving up after 21 iterations (flow=0/9)
  CostFlow: agents=1 tasks=1 maxlen=30 global_makespan=44927
  CostFlow: giving up after 21 iterations (flow=0/1)
  CostFlow: agents=9 tasks=9 maxlen=30 global_makespan=44948
  CostFlow: giving up after 21 iterations (flow=0/9)
  CostFlow: agents=1 tasks=1 maxlen=30 global_makespan=44969
  CostFlow: giving up after 21 iterations (flow=0/1)
  CostFlow: agents=9 tasks=9 maxlen=30 global_makespan=44990
  CostFlow: giving up after 21 iterations (flow=0/9)
  CostFlow: agents=1 tasks=1 maxlen=30 global_makespan=45011
  CostFlow: giving up after 21 iterations (flow=0/1)
  CostFlow: agents=9 tasks=9 maxlen=30 global_makespan=45032
  CostFlow: giving up after 21 iterations (flow=0/9)
  CostFlow: agents=1 tasks=1 maxlen=30 global_makespan=45053
  CostFlow: giving up after 21 iterations (flow=0/1)
  CostFlow: agents=9 tasks=9 maxlen=30 global_makespan=45074
  CostFlow: giving up after 21 iterations (flow=0/9)
  CostFlow: agents=1 tasks=1 maxlen=30 global_makespan=45095
  CostFlow: giving up after 21 iterations (flow=0/1)
  CostFlow: agents=9 tasks=9 maxlen=30 global_makespan=45116
  CostFlow: giving up after 21 iterations (flow=0/9)
  CostFlow: agents=1 tasks=1 maxlen=30 global_makespan=45137
  CostFlow: giving up after 21 iterations (flow=0/1)
  CostFlow: agents=9 tasks=9 maxlen=30 global_makespan=45158
  CostFlow: giving up after 21 iterations (flow=0/9)
  CostFlow: agents=1 tasks=1 maxlen=30 global_makespan=45179
  CostFlow: giving up after 21 iterations (flow=0/1)
  CostFlow: agents=9 tasks=9 maxlen=30 global_makespan=45200
  CostFlow: giving up after 21 iterations (flow=0/9)
  CostFlow: agents=1 tasks=1 maxlen=30 global_makespan=45221
  CostFlow: giving up after 21 iterations (flow=0/1)
  CostFlow: agents=9 tasks=9 maxlen=30 global_makespan=45242
  CostFlow: giving up after 21 iterations (flow=0/9)
  CostFlow: agents=1 tasks=1 maxlen=30 global_makespan=45263
  CostFlow: giving up after 21 iterations (flow=0/1)
  CostFlow: agents=9 tasks=9 maxlen=30 global_makespan=45284
  CostFlow: giving up after 21 iterations (flow=0/9)
  CostFlow: agents=1 tasks=1 maxlen=30 global_makespan=45305
  CostFlow: giving up after 21 iterations (flow=0/1)
  CostFlow: agents=9 tasks=9 maxlen=30 global_makespan=45326
  CostFlow: giving up after 21 iterations (flow=0/9)
  CostFlow: agents=1 tasks=1 maxlen=30 global_makespan=45347
  CostFlow: giving up after 21 iterations (flow=0/1)
  CostFlow: agents=9 tasks=9 maxlen=30 global_makespan=45368
  CostFlow: giving up after 21 iterations (flow=0/9)
  CostFlow: agents=1 tasks=1 maxlen=30 global_makespan=45389
  CostFlow: giving up after 21 iterations (flow=0/1)
  CostFlow: agents=9 tasks=9 maxlen=30 global_makespan=45410
  CostFlow: giving up after 21 iterations (flow=0/9)
  CostFlow: agents=1 tasks=1 maxlen=30 global_makespan=45431
  CostFlow: giving up after 21 iterations (flow=0/1)
  CostFlow: agents=9 tasks=9 maxlen=30 global_makespan=45452
  CostFlow: giving up after 21 iterations (flow=0/9)
  CostFlow: agents=1 tasks=1 maxlen=30 global_makespan=45473
  CostFlow: giving up after 21 iterations (flow=0/1)
  CostFlow: agents=9 tasks=9 maxlen=30 global_makespan=45494
  CostFlow: giving up after 21 iterations (flow=0/9)
  CostFlow: agents=1 tasks=1 maxlen=30 global_makespan=45515
  CostFlow: giving up after 21 iterations (flow=0/1)
  CostFlow: agents=9 tasks=9 maxlen=30 global_makespan=45536
  CostFlow: giving up after 21 iterations (flow=0/9)
  CostFlow: agents=1 tasks=1 maxlen=30 global_makespan=45557
  CostFlow: giving up after 21 iterations (flow=0/1)
  CostFlow: agents=9 tasks=9 maxlen=30 global_makespan=45578
  CostFlow: giving up after 21 iterations (flow=0/9)
  CostFlow: agents=1 tasks=1 maxlen=30 global_makespan=45599
  CostFlow: giving up after 21 iterations (flow=0/1)
  CostFlow: agents=9 tasks=9 maxlen=30 global_makespan=45620
  CostFlow: giving up after 21 iterations (flow=0/9)
  CostFlow: agents=1 tasks=1 maxlen=30 global_makespan=45641
  CostFlow: giving up after 21 iterations (flow=0/1)
  CostFlow: agents=9 tasks=9 maxlen=30 global_makespan=45662
  CostFlow: giving up after 21 iterations (flow=0/9)
  CostFlow: agents=1 tasks=1 maxlen=30 global_makespan=45683
  CostFlow: giving up after 21 iterations (flow=0/1)
  CostFlow: agents=9 tasks=9 maxlen=30 global_makespan=45704
  CostFlow: giving up after 21 iterations (flow=0/9)
  CostFlow: agents=1 tasks=1 maxlen=30 global_makespan=45725
  CostFlow: giving up after 21 iterations (flow=0/1)
  CostFlow: agents=9 tasks=9 maxlen=30 global_makespan=45746
  CostFlow: giving up after 21 iterations (flow=0/9)
  CostFlow: agents=1 tasks=1 maxlen=30 global_makespan=45767
  CostFlow: giving up after 21 iterations (flow=0/1)
  CostFlow: agents=9 tasks=9 maxlen=30 global_makespan=45788
  CostFlow: giving up after 21 iterations (flow=0/9)
  CostFlow: agents=1 tasks=1 maxlen=30 global_makespan=45809
  CostFlow: giving up after 21 iterations (flow=0/1)
  CostFlow: agents=9 tasks=9 maxlen=30 global_makespan=45830
  CostFlow: giving up after 21 iterations (flow=0/9)
  CostFlow: agents=1 tasks=1 maxlen=30 global_makespan=45851
  CostFlow: giving up after 21 iterations (flow=0/1)
  CostFlow: agents=9 tasks=9 maxlen=30 global_makespan=45872
  CostFlow: giving up after 21 iterations (flow=0/9)
  CostFlow: agents=1 tasks=1 maxlen=30 global_makespan=45893
  CostFlow: giving up after 21 iterations (flow=0/1)
  CostFlow: agents=9 tasks=9 maxlen=30 global_makespan=45914
  CostFlow: giving up after 21 iterations (flow=0/9)
  CostFlow: agents=1 tasks=1 maxlen=30 global_makespan=45935
  CostFlow: giving up after 21 iterations (flow=0/1)
  CostFlow: agents=9 tasks=9 maxlen=30 global_makespan=45956
  CostFlow: giving up after 21 iterations (flow=0/9)
  CostFlow: agents=1 tasks=1 maxlen=30 global_makespan=45977
  CostFlow: giving up after 21 iterations (flow=0/1)
  CostFlow: agents=9 tasks=9 maxlen=30 global_makespan=45998
  CostFlow: giving up after 21 iterations (flow=0/9)
  CostFlow: agents=1 tasks=1 maxlen=30 global_makespan=46019
  CostFlow: giving up after 21 iterations (flow=0/1)
  CostFlow: agents=9 tasks=9 maxlen=30 global_makespan=46040
  CostFlow: giving up after 21 iterations (flow=0/9)
  CostFlow: agents=1 tasks=1 maxlen=30 global_makespan=46061
  CostFlow: giving up after 21 iterations (flow=0/1)
  CostFlow: agents=9 tasks=9 maxlen=30 global_makespan=46082
  CostFlow: giving up after 21 iterations (flow=0/9)
  CostFlow: agents=1 tasks=1 maxlen=30 global_makespan=46103
  CostFlow: giving up after 21 iterations (flow=0/1)
  CostFlow: agents=9 tasks=9 maxlen=30 global_makespan=46124
  CostFlow: giving up after 21 iterations (flow=0/9)
  CostFlow: agents=1 tasks=1 maxlen=30 global_makespan=46145
  CostFlow: giving up after 21 iterations (flow=0/1)
  CostFlow: agents=9 tasks=9 maxlen=30 global_makespan=46166
  CostFlow: giving up after 21 iterations (flow=0/9)
  CostFlow: agents=1 tasks=1 maxlen=30 global_makespan=46187
  CostFlow: giving up after 21 iterations (flow=0/1)
  CostFlow: agents=9 tasks=9 maxlen=30 global_makespan=46208
  CostFlow: giving up after 21 iterations (flow=0/9)
  CostFlow: agents=1 tasks=1 maxlen=30 global_makespan=46229
  CostFlow: giving up after 21 iterations (flow=0/1)
  CostFlow: agents=9 tasks=9 maxlen=30 global_makespan=46250
  CostFlow: giving up after 21 iterations (flow=0/9)
  CostFlow: agents=1 tasks=1 maxlen=30 global_makespan=46271
  CostFlow: giving up after 21 iterations (flow=0/1)
  CostFlow: agents=9 tasks=9 maxlen=30 global_makespan=46292
  CostFlow: giving up after 21 iterations (flow=0/9)
  CostFlow: agents=1 tasks=1 maxlen=30 global_makespan=46313
  CostFlow: giving up after 21 iterations (flow=0/1)
  CostFlow: agents=9 tasks=9 maxlen=30 global_makespan=46334
  CostFlow: giving up after 21 iterations (flow=0/9)
  CostFlow: agents=1 tasks=1 maxlen=30 global_makespan=46355
  CostFlow: giving up after 21 iterations (flow=0/1)
  CostFlow: agents=9 tasks=9 maxlen=30 global_makespan=46376
  CostFlow: giving up after 21 iterations (flow=0/9)
  CostFlow: agents=1 tasks=1 maxlen=30 global_makespan=46397
  CostFlow: giving up after 21 iterations (flow=0/1)
  CostFlow: agents=9 tasks=9 maxlen=30 global_makespan=46418
  CostFlow: giving up after 21 iterations (flow=0/9)
  CostFlow: agents=1 tasks=1 maxlen=30 global_makespan=46439
  CostFlow: giving up after 21 iterations (flow=0/1)
  CostFlow: agents=9 tasks=9 maxlen=30 global_makespan=46460
  CostFlow: giving up after 21 iterations (flow=0/9)
  CostFlow: agents=1 tasks=1 maxlen=30 global_makespan=46481
  CostFlow: giving up after 21 iterations (flow=0/1)
  CostFlow: agents=9 tasks=9 maxlen=30 global_makespan=46502
  CostFlow: giving up after 21 iterations (flow=0/9)
  CostFlow: agents=1 tasks=1 maxlen=30 global_makespan=46523
  CostFlow: giving up after 21 iterations (flow=0/1)
  CostFlow: agents=9 tasks=9 maxlen=30 global_makespan=46544
  CostFlow: giving up after 21 iterations (flow=0/9)
  CostFlow: agents=1 tasks=1 maxlen=30 global_makespan=46565
  CostFlow: giving up after 21 iterations (flow=0/1)
  CostFlow: agents=9 tasks=9 maxlen=30 global_makespan=46586
  CostFlow: giving up after 21 iterations (flow=0/9)
  CostFlow: agents=1 tasks=1 maxlen=30 global_makespan=46607
  CostFlow: giving up after 21 iterations (flow=0/1)
  CostFlow: agents=9 tasks=9 maxlen=30 global_makespan=46628
  CostFlow: giving up after 21 iterations (flow=0/9)
  CostFlow: agents=1 tasks=1 maxlen=30 global_makespan=46649
  CostFlow: giving up after 21 iterations (flow=0/1)
  CostFlow: agents=9 tasks=9 maxlen=30 global_makespan=46670
  CostFlow: giving up after 21 iterations (flow=0/9)
  CostFlow: agents=1 tasks=1 maxlen=30 global_makespan=46691
  CostFlow: giving up after 21 iterations (flow=0/1)
  CostFlow: agents=9 tasks=9 maxlen=30 global_makespan=46712
  CostFlow: giving up after 21 iterations (flow=0/9)
  CostFlow: agents=1 tasks=1 maxlen=30 global_makespan=46733
  CostFlow: giving up after 21 iterations (flow=0/1)
  CostFlow: agents=9 tasks=9 maxlen=30 global_makespan=46754
  CostFlow: giving up after 21 iterations (flow=0/9)
  CostFlow: agents=1 tasks=1 maxlen=30 global_makespan=46775
  CostFlow: giving up after 21 iterations (flow=0/1)
  CostFlow: agents=9 tasks=9 maxlen=30 global_makespan=46796
  CostFlow: giving up after 21 iterations (flow=0/9)
  CostFlow: agents=1 tasks=1 maxlen=30 global_makespan=46817
  CostFlow: giving up after 21 iterations (flow=0/1)
  CostFlow: agents=9 tasks=9 maxlen=30 global_makespan=46838
  CostFlow: giving up after 21 iterations (flow=0/9)
  CostFlow: agents=1 tasks=1 maxlen=30 global_makespan=46859
  CostFlow: giving up after 21 iterations (flow=0/1)
  CostFlow: agents=9 tasks=9 maxlen=30 global_makespan=46880
  CostFlow: giving up after 21 iterations (flow=0/9)
  CostFlow: agents=1 tasks=1 maxlen=30 global_makespan=46901
  CostFlow: giving up after 21 iterations (flow=0/1)
  CostFlow: agents=9 tasks=9 maxlen=30 global_makespan=46922
  CostFlow: giving up after 21 iterations (flow=0/9)
  CostFlow: agents=1 tasks=1 maxlen=30 global_makespan=46943
  CostFlow: giving up after 21 iterations (flow=0/1)
  CostFlow: agents=9 tasks=9 maxlen=30 global_makespan=46964
  CostFlow: giving up after 21 iterations (flow=0/9)
  CostFlow: agents=1 tasks=1 maxlen=30 global_makespan=46985
  CostFlow: giving up after 21 iterations (flow=0/1)
  CostFlow: agents=9 tasks=9 maxlen=30 global_makespan=47006
  CostFlow: giving up after 21 iterations (flow=0/9)
  CostFlow: agents=1 tasks=1 maxlen=30 global_makespan=47027
  CostFlow: giving up after 21 iterations (flow=0/1)
  CostFlow: agents=9 tasks=9 maxlen=30 global_makespan=47048
  CostFlow: giving up after 21 iterations (flow=0/9)
  CostFlow: agents=1 tasks=1 maxlen=30 global_makespan=47069
  CostFlow: giving up after 21 iterations (flow=0/1)
  CostFlow: agents=9 tasks=9 maxlen=30 global_makespan=47090
  CostFlow: giving up after 21 iterations (flow=0/9)
  CostFlow: agents=1 tasks=1 maxlen=30 global_makespan=47111
  CostFlow: giving up after 21 iterations (flow=0/1)
  CostFlow: agents=9 tasks=9 maxlen=30 global_makespan=47132
  CostFlow: giving up after 21 iterations (flow=0/9)
  CostFlow: agents=1 tasks=1 maxlen=30 global_makespan=47153
  CostFlow: giving up after 21 iterations (flow=0/1)
  CostFlow: agents=9 tasks=9 maxlen=30 global_makespan=47174
  CostFlow: giving up after 21 iterations (flow=0/9)
  CostFlow: agents=1 tasks=1 maxlen=30 global_makespan=47195
  CostFlow: giving up after 21 iterations (flow=0/1)
  CostFlow: agents=9 tasks=9 maxlen=30 global_makespan=47216
  CostFlow: giving up after 21 iterations (flow=0/9)
  CostFlow: agents=1 tasks=1 maxlen=30 global_makespan=47237
  CostFlow: giving up after 21 iterations (flow=0/1)
  CostFlow: agents=9 tasks=9 maxlen=30 global_makespan=47258
  CostFlow: giving up after 21 iterations (flow=0/9)
  CostFlow: agents=1 tasks=1 maxlen=30 global_makespan=47279
  CostFlow: giving up after 21 iterations (flow=0/1)
  CostFlow: agents=9 tasks=9 maxlen=30 global_makespan=47300
  CostFlow: giving up after 21 iterations (flow=0/9)
  CostFlow: agents=1 tasks=1 maxlen=30 global_makespan=47321
  CostFlow: giving up after 21 iterations (flow=0/1)
  CostFlow: agents=9 tasks=9 maxlen=30 global_makespan=47342
  CostFlow: giving up after 21 iterations (flow=0/9)
  CostFlow: agents=1 tasks=1 maxlen=30 global_makespan=47363
  CostFlow: giving up after 21 iterations (flow=0/1)
  CostFlow: agents=9 tasks=9 maxlen=30 global_makespan=47384
  CostFlow: giving up after 21 iterations (flow=0/9)
  CostFlow: agents=1 tasks=1 maxlen=30 global_makespan=47405
  CostFlow: giving up after 21 iterations (flow=0/1)
  CostFlow: agents=9 tasks=9 maxlen=30 global_makespan=47426
  CostFlow: giving up after 21 iterations (flow=0/9)
  CostFlow: agents=1 tasks=1 maxlen=30 global_makespan=47447
  CostFlow: giving up after 21 iterations (flow=0/1)
  CostFlow: agents=9 tasks=9 maxlen=30 global_makespan=47468
  CostFlow: giving up after 21 iterations (flow=0/9)
  CostFlow: agents=1 tasks=1 maxlen=30 global_makespan=47489
  CostFlow: giving up after 21 iterations (flow=0/1)
  CostFlow: agents=9 tasks=9 maxlen=30 global_makespan=47510
  CostFlow: giving up after 21 iterations (flow=0/9)
  CostFlow: agents=1 tasks=1 maxlen=30 global_makespan=47531
  CostFlow: giving up after 21 iterations (flow=0/1)
  CostFlow: agents=9 tasks=9 maxlen=30 global_makespan=47552
  CostFlow: giving up after 21 iterations (flow=0/9)
  CostFlow: agents=1 tasks=1 maxlen=30 global_makespan=47573
  CostFlow: giving up after 21 iterations (flow=0/1)
  CostFlow: agents=9 tasks=9 maxlen=30 global_makespan=47594
  CostFlow: giving up after 21 iterations (flow=0/9)
  CostFlow: agents=1 tasks=1 maxlen=30 global_makespan=47615
  CostFlow: giving up after 21 iterations (flow=0/1)
  CostFlow: agents=9 tasks=9 maxlen=30 global_makespan=47636
  CostFlow: giving up after 21 iterations (flow=0/9)
  CostFlow: agents=1 tasks=1 maxlen=30 global_makespan=47657
  CostFlow: giving up after 21 iterations (flow=0/1)
  CostFlow: agents=9 tasks=9 maxlen=30 global_makespan=47678
  CostFlow: giving up after 21 iterations (flow=0/9)
  CostFlow: agents=1 tasks=1 maxlen=30 global_makespan=47699
  CostFlow: giving up after 21 iterations (flow=0/1)
  CostFlow: agents=9 tasks=9 maxlen=30 global_makespan=47720
  CostFlow: giving up after 21 iterations (flow=0/9)
  CostFlow: agents=1 tasks=1 maxlen=30 global_makespan=47741
  CostFlow: giving up after 21 iterations (flow=0/1)
  CostFlow: agents=9 tasks=9 maxlen=30 global_makespan=47762
  CostFlow: giving up after 21 iterations (flow=0/9)
  CostFlow: agents=1 tasks=1 maxlen=30 global_makespan=47783
  CostFlow: giving up after 21 iterations (flow=0/1)
  CostFlow: agents=9 tasks=9 maxlen=30 global_makespan=47804
  CostFlow: giving up after 21 iterations (flow=0/9)
  CostFlow: agents=1 tasks=1 maxlen=30 global_makespan=47825
  CostFlow: giving up after 21 iterations (flow=0/1)
  CostFlow: agents=9 tasks=9 maxlen=30 global_makespan=47846
  CostFlow: giving up after 21 iterations (flow=0/9)
  CostFlow: agents=1 tasks=1 maxlen=30 global_makespan=47867
  CostFlow: giving up after 21 iterations (flow=0/1)
  CostFlow: agents=9 tasks=9 maxlen=30 global_makespan=47888
  CostFlow: giving up after 21 iterations (flow=0/9)
  CostFlow: agents=1 tasks=1 maxlen=30 global_makespan=47909
  CostFlow: giving up after 21 iterations (flow=0/1)
  CostFlow: agents=9 tasks=9 maxlen=30 global_makespan=47930
  CostFlow: giving up after 21 iterations (flow=0/9)
  CostFlow: agents=1 tasks=1 maxlen=30 global_makespan=47951
  CostFlow: giving up after 21 iterations (flow=0/1)
  CostFlow: agents=9 tasks=9 maxlen=30 global_makespan=47972
  CostFlow: giving up after 21 iterations (flow=0/9)
  CostFlow: agents=1 tasks=1 maxlen=30 global_makespan=47993
  CostFlow: giving up after 21 iterations (flow=0/1)
  CostFlow: agents=9 tasks=9 maxlen=30 global_makespan=48014
  CostFlow: giving up after 21 iterations (flow=0/9)
  CostFlow: agents=1 tasks=1 maxlen=30 global_makespan=48035
  CostFlow: giving up after 21 iterations (flow=0/1)
  CostFlow: agents=9 tasks=9 maxlen=30 global_makespan=48056
  CostFlow: giving up after 21 iterations (flow=0/9)
  CostFlow: agents=1 tasks=1 maxlen=30 global_makespan=48077
  CostFlow: giving up after 21 iterations (flow=0/1)
  CostFlow: agents=9 tasks=9 maxlen=30 global_makespan=48098
  CostFlow: giving up after 21 iterations (flow=0/9)
  CostFlow: agents=1 tasks=1 maxlen=30 global_makespan=48119
  CostFlow: giving up after 21 iterations (flow=0/1)
  CostFlow: agents=9 tasks=9 maxlen=30 global_makespan=48140
  CostFlow: giving up after 21 iterations (flow=0/9)
  CostFlow: agents=1 tasks=1 maxlen=30 global_makespan=48161
  CostFlow: giving up after 21 iterations (flow=0/1)
  CostFlow: agents=9 tasks=9 maxlen=30 global_makespan=48182
  CostFlow: giving up after 21 iterations (flow=0/9)
  CostFlow: agents=1 tasks=1 maxlen=30 global_makespan=48203
  CostFlow: giving up after 21 iterations (flow=0/1)
  CostFlow: agents=9 tasks=9 maxlen=30 global_makespan=48224
  CostFlow: giving up after 21 iterations (flow=0/9)
  CostFlow: agents=1 tasks=1 maxlen=30 global_makespan=48245
  CostFlow: giving up after 21 iterations (flow=0/1)
  CostFlow: agents=9 tasks=9 maxlen=30 global_makespan=48266
  CostFlow: giving up after 21 iterations (flow=0/9)
  CostFlow: agents=1 tasks=1 maxlen=30 global_makespan=48287
  CostFlow: giving up after 21 iterations (flow=0/1)
  CostFlow: agents=9 tasks=9 maxlen=30 global_makespan=48308
  CostFlow: giving up after 21 iterations (flow=0/9)
  CostFlow: agents=1 tasks=1 maxlen=30 global_makespan=48329
  CostFlow: giving up after 21 iterations (flow=0/1)
  CostFlow: agents=9 tasks=9 maxlen=30 global_makespan=48350
  CostFlow: giving up after 21 iterations (flow=0/9)
  CostFlow: agents=1 tasks=1 maxlen=30 global_makespan=48371
  CostFlow: giving up after 21 iterations (flow=0/1)
  CostFlow: agents=9 tasks=9 maxlen=30 global_makespan=48392
  CostFlow: giving up after 21 iterations (flow=0/9)
  CostFlow: agents=1 tasks=1 maxlen=30 global_makespan=48413
  CostFlow: giving up after 21 iterations (flow=0/1)
  CostFlow: agents=9 tasks=9 maxlen=30 global_makespan=48434
  CostFlow: giving up after 21 iterations (flow=0/9)
  CostFlow: agents=1 tasks=1 maxlen=30 global_makespan=48455
  CostFlow: giving up after 21 iterations (flow=0/1)
  CostFlow: agents=9 tasks=9 maxlen=30 global_makespan=48476
  CostFlow: giving up after 21 iterations (flow=0/9)
  CostFlow: agents=1 tasks=1 maxlen=30 global_makespan=48497
  CostFlow: giving up after 21 iterations (flow=0/1)
  CostFlow: agents=9 tasks=9 maxlen=30 global_makespan=48518
  CostFlow: giving up after 21 iterations (flow=0/9)
  CostFlow: agents=1 tasks=1 maxlen=30 global_makespan=48539
  CostFlow: giving up after 21 iterations (flow=0/1)
  CostFlow: agents=9 tasks=9 maxlen=30 global_makespan=48560
  CostFlow: giving up after 21 iterations (flow=0/9)
  CostFlow: agents=1 tasks=1 maxlen=30 global_makespan=48581
  CostFlow: giving up after 21 iterations (flow=0/1)
  CostFlow: agents=9 tasks=9 maxlen=30 global_makespan=48602
  CostFlow: giving up after 21 iterations (flow=0/9)
  CostFlow: agents=1 tasks=1 maxlen=30 global_makespan=48623
  CostFlow: giving up after 21 iterations (flow=0/1)
  CostFlow: agents=9 tasks=9 maxlen=30 global_makespan=48644
  CostFlow: giving up after 21 iterations (flow=0/9)
  CostFlow: agents=1 tasks=1 maxlen=30 global_makespan=48665
  CostFlow: giving up after 21 iterations (flow=0/1)
  CostFlow: agents=9 tasks=9 maxlen=30 global_makespan=48686
  CostFlow: giving up after 21 iterations (flow=0/9)
  CostFlow: agents=1 tasks=1 maxlen=30 global_makespan=48707
  CostFlow: giving up after 21 iterations (flow=0/1)
  CostFlow: agents=9 tasks=9 maxlen=30 global_makespan=48728
  CostFlow: giving up after 21 iterations (flow=0/9)
  CostFlow: agents=1 tasks=1 maxlen=30 global_makespan=48749
  CostFlow: giving up after 21 iterations (flow=0/1)
  CostFlow: agents=9 tasks=9 maxlen=30 global_makespan=48770
  CostFlow: giving up after 21 iterations (flow=0/9)
  CostFlow: agents=1 tasks=1 maxlen=30 global_makespan=48791
  CostFlow: giving up after 21 iterations (flow=0/1)
  CostFlow: agents=9 tasks=9 maxlen=30 global_makespan=48812
  CostFlow: giving up after 21 iterations (flow=0/9)
  CostFlow: agents=1 tasks=1 maxlen=30 global_makespan=48833
  CostFlow: giving up after 21 iterations (flow=0/1)
  CostFlow: agents=9 tasks=9 maxlen=30 global_makespan=48854
  CostFlow: giving up after 21 iterations (flow=0/9)
  CostFlow: agents=1 tasks=1 maxlen=30 global_makespan=48875
  CostFlow: giving up after 21 iterations (flow=0/1)
  CostFlow: agents=9 tasks=9 maxlen=30 global_makespan=48896
  CostFlow: giving up after 21 iterations (flow=0/9)
  CostFlow: agents=1 tasks=1 maxlen=30 global_makespan=48917
  CostFlow: giving up after 21 iterations (flow=0/1)
  CostFlow: agents=9 tasks=9 maxlen=30 global_makespan=48938
  CostFlow: giving up after 21 iterations (flow=0/9)
  CostFlow: agents=1 tasks=1 maxlen=30 global_makespan=48959
  CostFlow: giving up after 21 iterations (flow=0/1)
  CostFlow: agents=9 tasks=9 maxlen=30 global_makespan=48980
  CostFlow: giving up after 21 iterations (flow=0/9)
  CostFlow: agents=1 tasks=1 maxlen=30 global_makespan=49001
  CostFlow: giving up after 21 iterations (flow=0/1)
  CostFlow: agents=9 tasks=9 maxlen=30 global_makespan=49022
  CostFlow: giving up after 21 iterations (flow=0/9)
  CostFlow: agents=1 tasks=1 maxlen=30 global_makespan=49043
  CostFlow: giving up after 21 iterations (flow=0/1)
  CostFlow: agents=9 tasks=9 maxlen=30 global_makespan=49064
  CostFlow: giving up after 21 iterations (flow=0/9)
  CostFlow: agents=1 tasks=1 maxlen=30 global_makespan=49085
  CostFlow: giving up after 21 iterations (flow=0/1)
  CostFlow: agents=9 tasks=9 maxlen=30 global_makespan=49106
  CostFlow: giving up after 21 iterations (flow=0/9)
  CostFlow: agents=1 tasks=1 maxlen=30 global_makespan=49127
  CostFlow: giving up after 21 iterations (flow=0/1)
  CostFlow: agents=9 tasks=9 maxlen=30 global_makespan=49148
  CostFlow: giving up after 21 iterations (flow=0/9)
  CostFlow: agents=1 tasks=1 maxlen=30 global_makespan=49169
  CostFlow: giving up after 21 iterations (flow=0/1)
  CostFlow: agents=9 tasks=9 maxlen=30 global_makespan=49190
  CostFlow: giving up after 21 iterations (flow=0/9)
  CostFlow: agents=1 tasks=1 maxlen=30 global_makespan=49211
  CostFlow: giving up after 21 iterations (flow=0/1)
  CostFlow: agents=9 tasks=9 maxlen=30 global_makespan=49232
  CostFlow: giving up after 21 iterations (flow=0/9)
  CostFlow: agents=1 tasks=1 maxlen=30 global_makespan=49253
  CostFlow: giving up after 21 iterations (flow=0/1)
  CostFlow: agents=9 tasks=9 maxlen=30 global_makespan=49274
  CostFlow: giving up after 21 iterations (flow=0/9)
  CostFlow: agents=1 tasks=1 maxlen=30 global_makespan=49295
  CostFlow: giving up after 21 iterations (flow=0/1)
  CostFlow: agents=9 tasks=9 maxlen=30 global_makespan=49316
  CostFlow: giving up after 21 iterations (flow=0/9)
  CostFlow: agents=1 tasks=1 maxlen=30 global_makespan=49337
  CostFlow: giving up after 21 iterations (flow=0/1)
  CostFlow: agents=9 tasks=9 maxlen=30 global_makespan=49358
  CostFlow: giving up after 21 iterations (flow=0/9)
  CostFlow: agents=1 tasks=1 maxlen=30 global_makespan=49379
  CostFlow: giving up after 21 iterations (flow=0/1)
  CostFlow: agents=9 tasks=9 maxlen=30 global_makespan=49400
  CostFlow: giving up after 21 iterations (flow=0/9)
  CostFlow: agents=1 tasks=1 maxlen=30 global_makespan=49421
  CostFlow: giving up after 21 iterations (flow=0/1)
  CostFlow: agents=9 tasks=9 maxlen=30 global_makespan=49442
  CostFlow: giving up after 21 iterations (flow=0/9)
  CostFlow: agents=1 tasks=1 maxlen=30 global_makespan=49463
  CostFlow: giving up after 21 iterations (flow=0/1)
  CostFlow: agents=9 tasks=9 maxlen=30 global_makespan=49484
  CostFlow: giving up after 21 iterations (flow=0/9)
  CostFlow: agents=1 tasks=1 maxlen=30 global_makespan=49505
  CostFlow: giving up after 21 iterations (flow=0/1)
  CostFlow: agents=9 tasks=9 maxlen=30 global_makespan=49526
  CostFlow: giving up after 21 iterations (flow=0/9)
  CostFlow: agents=1 tasks=1 maxlen=30 global_makespan=49547
  CostFlow: giving up after 21 iterations (flow=0/1)
  CostFlow: agents=9 tasks=9 maxlen=30 global_makespan=49568
  CostFlow: giving up after 21 iterations (flow=0/9)
  CostFlow: agents=1 tasks=1 maxlen=30 global_makespan=49589
  CostFlow: giving up after 21 iterations (flow=0/1)
  CostFlow: agents=9 tasks=9 maxlen=30 global_makespan=49610
  CostFlow: giving up after 21 iterations (flow=0/9)
  CostFlow: agents=1 tasks=1 maxlen=30 global_makespan=49631
  CostFlow: giving up after 21 iterations (flow=0/1)
  CostFlow: agents=9 tasks=9 maxlen=30 global_makespan=49652
  CostFlow: giving up after 21 iterations (flow=0/9)
  CostFlow: agents=1 tasks=1 maxlen=30 global_makespan=49673
  CostFlow: giving up after 21 iterations (flow=0/1)
  CostFlow: agents=9 tasks=9 maxlen=30 global_makespan=49694
  CostFlow: giving up after 21 iterations (flow=0/9)
  CostFlow: agents=1 tasks=1 maxlen=30 global_makespan=49715
  CostFlow: giving up after 21 iterations (flow=0/1)
  CostFlow: agents=9 tasks=9 maxlen=30 global_makespan=49736
  CostFlow: giving up after 21 iterations (flow=0/9)
  CostFlow: agents=1 tasks=1 maxlen=30 global_makespan=49757
  CostFlow: giving up after 21 iterations (flow=0/1)
  CostFlow: agents=9 tasks=9 maxlen=30 global_makespan=49778
  CostFlow: giving up after 21 iterations (flow=0/9)
  CostFlow: agents=1 tasks=1 maxlen=30 global_makespan=49799
  CostFlow: giving up after 21 iterations (flow=0/1)
  CostFlow: agents=9 tasks=9 maxlen=30 global_makespan=49820
  CostFlow: giving up after 21 iterations (flow=0/9)
  CostFlow: agents=1 tasks=1 maxlen=30 global_makespan=49841
  CostFlow: giving up after 21 iterations (flow=0/1)
  CostFlow: agents=9 tasks=9 maxlen=30 global_makespan=49862
  CostFlow: giving up after 21 iterations (flow=0/9)
  CostFlow: agents=1 tasks=1 maxlen=30 global_makespan=49883
  CostFlow: giving up after 21 iterations (flow=0/1)
  CostFlow: agents=9 tasks=9 maxlen=30 global_makespan=49904
  CostFlow: giving up after 21 iterations (flow=0/9)
  CostFlow: agents=1 tasks=1 maxlen=30 global_makespan=49925
  CostFlow: giving up after 21 iterations (flow=0/1)
  CostFlow: agents=9 tasks=9 maxlen=30 global_makespan=49946
  CostFlow: giving up after 21 iterations (flow=0/9)
  CostFlow: agents=1 tasks=1 maxlen=30 global_makespan=49967
  CostFlow: giving up after 21 iterations (flow=0/1)
  CostFlow: agents=9 tasks=9 maxlen=30 global_makespan=49988
  CostFlow: giving up after 21 iterations (flow=0/9)
  CostFlow: agents=1 tasks=1 maxlen=30 global_makespan=50009
  CostFlow: giving up after 21 iterations (flow=0/1)
  CostFlow: agents=9 tasks=9 maxlen=30 global_makespan=50030
  CostFlow: giving up after 21 iterations (flow=0/9)
  CostFlow: agents=1 tasks=1 maxlen=30 global_makespan=50051
  CostFlow: giving up after 21 iterations (flow=0/1)
  CostFlow: agents=9 tasks=9 maxlen=30 global_makespan=50072
  CostFlow: giving up after 21 iterations (flow=0/9)
  CostFlow: agents=1 tasks=1 maxlen=30 global_makespan=50093
  CostFlow: giving up after 21 iterations (flow=0/1)
  CostFlow: agents=9 tasks=9 maxlen=30 global_makespan=50114
  CostFlow: giving up after 21 iterations (flow=0/9)
  CostFlow: agents=1 tasks=1 maxlen=30 global_makespan=50135
  CostFlow: giving up after 21 iterations (flow=0/1)
  CostFlow: agents=9 tasks=9 maxlen=30 global_makespan=50156
  CostFlow: giving up after 21 iterations (flow=0/9)
  CostFlow: agents=1 tasks=1 maxlen=30 global_makespan=50177
  CostFlow: giving up after 21 iterations (flow=0/1)
  CostFlow: agents=9 tasks=9 maxlen=30 global_makespan=50198
  CostFlow: giving up after 21 iterations (flow=0/9)
  CostFlow: agents=1 tasks=1 maxlen=30 global_makespan=50219
  CostFlow: giving up after 21 iterations (flow=0/1)
  CostFlow: agents=9 tasks=9 maxlen=30 global_makespan=50240
  CostFlow: giving up after 21 iterations (flow=0/9)
  CostFlow: agents=1 tasks=1 maxlen=30 global_makespan=50261
  CostFlow: giving up after 21 iterations (flow=0/1)
  CostFlow: agents=9 tasks=9 maxlen=30 global_makespan=50282
  CostFlow: giving up after 21 iterations (flow=0/9)
  CostFlow: agents=1 tasks=1 maxlen=30 global_makespan=50303
  CostFlow: giving up after 21 iterations (flow=0/1)
  CostFlow: agents=9 tasks=9 maxlen=30 global_makespan=50324
  CostFlow: giving up after 21 iterations (flow=0/9)
  CostFlow: agents=1 tasks=1 maxlen=30 global_makespan=50345
  CostFlow: giving up after 21 iterations (flow=0/1)
  CostFlow: agents=9 tasks=9 maxlen=30 global_makespan=50366
  CostFlow: giving up after 21 iterations (flow=0/9)
  CostFlow: agents=1 tasks=1 maxlen=30 global_makespan=50387
  CostFlow: giving up after 21 iterations (flow=0/1)
  CostFlow: agents=9 tasks=9 maxlen=30 global_makespan=50408
  CostFlow: giving up after 21 iterations (flow=0/9)
  CostFlow: agents=1 tasks=1 maxlen=30 global_makespan=50429
  CostFlow: giving up after 21 iterations (flow=0/1)
  CostFlow: agents=9 tasks=9 maxlen=30 global_makespan=50450
  CostFlow: giving up after 21 iterations (flow=0/9)
  CostFlow: agents=1 tasks=1 maxlen=30 global_makespan=50471
  CostFlow: giving up after 21 iterations (flow=0/1)
  CostFlow: agents=9 tasks=9 maxlen=30 global_makespan=50492
  CostFlow: giving up after 21 iterations (flow=0/9)
  CostFlow: agents=1 tasks=1 maxlen=30 global_makespan=50513
  CostFlow: giving up after 21 iterations (flow=0/1)
  CostFlow: agents=9 tasks=9 maxlen=30 global_makespan=50534
  CostFlow: giving up after 21 iterations (flow=0/9)
  CostFlow: agents=1 tasks=1 maxlen=30 global_makespan=50555
  CostFlow: giving up after 21 iterations (flow=0/1)
  CostFlow: agents=9 tasks=9 maxlen=30 global_makespan=50576
  CostFlow: giving up after 21 iterations (flow=0/9)
  CostFlow: agents=1 tasks=1 maxlen=30 global_makespan=50597
  CostFlow: giving up after 21 iterations (flow=0/1)
  CostFlow: agents=9 tasks=9 maxlen=30 global_makespan=50618
  CostFlow: giving up after 21 iterations (flow=0/9)
  CostFlow: agents=1 tasks=1 maxlen=30 global_makespan=50639
  CostFlow: giving up after 21 iterations (flow=0/1)
  CostFlow: agents=9 tasks=9 maxlen=30 global_makespan=50660
  CostFlow: giving up after 21 iterations (flow=0/9)
  CostFlow: agents=1 tasks=1 maxlen=30 global_makespan=50681
  CostFlow: giving up after 21 iterations (flow=0/1)
  CostFlow: agents=9 tasks=9 maxlen=30 global_makespan=50702
  CostFlow: giving up after 21 iterations (flow=0/9)
  CostFlow: agents=1 tasks=1 maxlen=30 global_makespan=50723
  CostFlow: giving up after 21 iterations (flow=0/1)
  CostFlow: agents=9 tasks=9 maxlen=30 global_makespan=50744
  CostFlow: giving up after 21 iterations (flow=0/9)
  CostFlow: agents=1 tasks=1 maxlen=30 global_makespan=50765
  CostFlow: giving up after 21 iterations (flow=0/1)
  CostFlow: agents=9 tasks=9 maxlen=30 global_makespan=50786
  CostFlow: giving up after 21 iterations (flow=0/9)
  CostFlow: agents=1 tasks=1 maxlen=30 global_makespan=50807
  CostFlow: giving up after 21 iterations (flow=0/1)
  CostFlow: agents=9 tasks=9 maxlen=30 global_makespan=50828
  CostFlow: giving up after 21 iterations (flow=0/9)
  CostFlow: agents=1 tasks=1 maxlen=30 global_makespan=50849
  CostFlow: giving up after 21 iterations (flow=0/1)
  CostFlow: agents=9 tasks=9 maxlen=30 global_makespan=50870
  CostFlow: giving up after 21 iterations (flow=0/9)
  CostFlow: agents=1 tasks=1 maxlen=30 global_makespan=50891
  CostFlow: giving up after 21 iterations (flow=0/1)
  CostFlow: agents=9 tasks=9 maxlen=30 global_makespan=50912
  CostFlow: giving up after 21 iterations (flow=0/9)
  CostFlow: agents=1 tasks=1 maxlen=30 global_makespan=50933
  CostFlow: giving up after 21 iterations (flow=0/1)
  CostFlow: agents=9 tasks=9 maxlen=30 global_makespan=50954
  CostFlow: giving up after 21 iterations (flow=0/9)
  CostFlow: agents=1 tasks=1 maxlen=30 global_makespan=50975
  CostFlow: giving up after 21 iterations (flow=0/1)
  CostFlow: agents=9 tasks=9 maxlen=30 global_makespan=50996
  CostFlow: giving up after 21 iterations (flow=0/9)
  CostFlow: agents=1 tasks=1 maxlen=30 global_makespan=51017
  CostFlow: giving up after 21 iterations (flow=0/1)
  CostFlow: agents=9 tasks=9 maxlen=30 global_makespan=51038
  CostFlow: giving up after 21 iterations (flow=0/9)
  CostFlow: agents=1 tasks=1 maxlen=30 global_makespan=51059
  CostFlow: giving up after 21 iterations (flow=0/1)
  CostFlow: agents=9 tasks=9 maxlen=30 global_makespan=51080
  CostFlow: giving up after 21 iterations (flow=0/9)
  CostFlow: agents=1 tasks=1 maxlen=30 global_makespan=51101
  CostFlow: giving up after 21 iterations (flow=0/1)
  CostFlow: agents=9 tasks=9 maxlen=30 global_makespan=51122
  CostFlow: giving up after 21 iterations (flow=0/9)
  CostFlow: agents=1 tasks=1 maxlen=30 global_makespan=51143
  CostFlow: giving up after 21 iterations (flow=0/1)
  CostFlow: agents=9 tasks=9 maxlen=30 global_makespan=51164
  CostFlow: giving up after 21 iterations (flow=0/9)
  CostFlow: agents=1 tasks=1 maxlen=30 global_makespan=51185
  CostFlow: giving up after 21 iterations (flow=0/1)
  CostFlow: agents=9 tasks=9 maxlen=30 global_makespan=51206
  CostFlow: giving up after 21 iterations (flow=0/9)
  CostFlow: agents=1 tasks=1 maxlen=30 global_makespan=51227
  CostFlow: giving up after 21 iterations (flow=0/1)
  CostFlow: agents=9 tasks=9 maxlen=30 global_makespan=51248
  CostFlow: giving up after 21 iterations (flow=0/9)
  CostFlow: agents=1 tasks=1 maxlen=30 global_makespan=51269
  CostFlow: giving up after 21 iterations (flow=0/1)
  CostFlow: agents=9 tasks=9 maxlen=30 global_makespan=51290
  CostFlow: giving up after 21 iterations (flow=0/9)
  CostFlow: agents=1 tasks=1 maxlen=30 global_makespan=51311
  CostFlow: giving up after 21 iterations (flow=0/1)
  CostFlow: agents=9 tasks=9 maxlen=30 global_makespan=51332
  CostFlow: giving up after 21 iterations (flow=0/9)
  CostFlow: agents=1 tasks=1 maxlen=30 global_makespan=51353
  CostFlow: giving up after 21 iterations (flow=0/1)
  CostFlow: agents=9 tasks=9 maxlen=30 global_makespan=51374
  CostFlow: giving up after 21 iterations (flow=0/9)
  CostFlow: agents=1 tasks=1 maxlen=30 global_makespan=51395
  CostFlow: giving up after 21 iterations (flow=0/1)
  CostFlow: agents=9 tasks=9 maxlen=30 global_makespan=51416
  CostFlow: giving up after 21 iterations (flow=0/9)
  CostFlow: agents=1 tasks=1 maxlen=30 global_makespan=51437
  CostFlow: giving up after 21 iterations (flow=0/1)
  CostFlow: agents=9 tasks=9 maxlen=30 global_makespan=51458
  CostFlow: giving up after 21 iterations (flow=0/9)
  CostFlow: agents=1 tasks=1 maxlen=30 global_makespan=51479
  CostFlow: giving up after 21 iterations (flow=0/1)
  CostFlow: agents=9 tasks=9 maxlen=30 global_makespan=51500
  CostFlow: giving up after 21 iterations (flow=0/9)
  CostFlow: agents=1 tasks=1 maxlen=30 global_makespan=51521
  CostFlow: giving up after 21 iterations (flow=0/1)
  CostFlow: agents=9 tasks=9 maxlen=30 global_makespan=51542
  CostFlow: giving up after 21 iterations (flow=0/9)
  CostFlow: agents=1 tasks=1 maxlen=30 global_makespan=51563
  CostFlow: giving up after 21 iterations (flow=0/1)
  CostFlow: agents=9 tasks=9 maxlen=30 global_makespan=51584
  CostFlow: giving up after 21 iterations (flow=0/9)
  CostFlow: agents=1 tasks=1 maxlen=30 global_makespan=51605
  CostFlow: giving up after 21 iterations (flow=0/1)
  CostFlow: agents=9 tasks=9 maxlen=30 global_makespan=51626
  CostFlow: giving up after 21 iterations (flow=0/9)
  CostFlow: agents=1 tasks=1 maxlen=30 global_makespan=51647
  CostFlow: giving up after 21 iterations (flow=0/1)
  CostFlow: agents=9 tasks=9 maxlen=30 global_makespan=51668
  CostFlow: giving up after 21 iterations (flow=0/9)
  CostFlow: agents=1 tasks=1 maxlen=30 global_makespan=51689
  CostFlow: giving up after 21 iterations (flow=0/1)
  CostFlow: agents=9 tasks=9 maxlen=30 global_makespan=51710
  CostFlow: giving up after 21 iterations (flow=0/9)
  CostFlow: agents=1 tasks=1 maxlen=30 global_makespan=51731
  CostFlow: giving up after 21 iterations (flow=0/1)
  CostFlow: agents=9 tasks=9 maxlen=30 global_makespan=51752
  CostFlow: giving up after 21 iterations (flow=0/9)
  CostFlow: agents=1 tasks=1 maxlen=30 global_makespan=51773
  CostFlow: giving up after 21 iterations (flow=0/1)
  CostFlow: agents=9 tasks=9 maxlen=30 global_makespan=51794
  CostFlow: giving up after 21 iterations (flow=0/9)
  CostFlow: agents=1 tasks=1 maxlen=30 global_makespan=51815
  CostFlow: giving up after 21 iterations (flow=0/1)
  CostFlow: agents=9 tasks=9 maxlen=30 global_makespan=51836
  CostFlow: giving up after 21 iterations (flow=0/9)
  CostFlow: agents=1 tasks=1 maxlen=30 global_makespan=51857
  CostFlow: giving up after 21 iterations (flow=0/1)
  CostFlow: agents=9 tasks=9 maxlen=30 global_makespan=51878
  CostFlow: giving up after 21 iterations (flow=0/9)
  CostFlow: agents=1 tasks=1 maxlen=30 global_makespan=51899
  CostFlow: giving up after 21 iterations (flow=0/1)
  CostFlow: agents=9 tasks=9 maxlen=30 global_makespan=51920
  CostFlow: giving up after 21 iterations (flow=0/9)
  CostFlow: agents=1 tasks=1 maxlen=30 global_makespan=51941
  CostFlow: giving up after 21 iterations (flow=0/1)
  CostFlow: agents=9 tasks=9 maxlen=30 global_makespan=51962
  CostFlow: giving up after 21 iterations (flow=0/9)
  CostFlow: agents=1 tasks=1 maxlen=30 global_makespan=51983
  CostFlow: giving up after 21 iterations (flow=0/1)
  CostFlow: agents=9 tasks=9 maxlen=30 global_makespan=52004
  CostFlow: giving up after 21 iterations (flow=0/9)
  CostFlow: agents=1 tasks=1 maxlen=30 global_makespan=52025
  CostFlow: giving up after 21 iterations (flow=0/1)
  CostFlow: agents=9 tasks=9 maxlen=30 global_makespan=52046
  CostFlow: giving up after 21 iterations (flow=0/9)
  CostFlow: agents=1 tasks=1 maxlen=30 global_makespan=52067
  CostFlow: giving up after 21 iterations (flow=0/1)
  CostFlow: agents=9 tasks=9 maxlen=30 global_makespan=52088
  CostFlow: giving up after 21 iterations (flow=0/9)
  CostFlow: agents=1 tasks=1 maxlen=30 global_makespan=52109
  CostFlow: giving up after 21 iterations (flow=0/1)
  CostFlow: agents=9 tasks=9 maxlen=30 global_makespan=52130
  CostFlow: giving up after 21 iterations (flow=0/9)
  CostFlow: agents=1 tasks=1 maxlen=30 global_makespan=52151
  CostFlow: giving up after 21 iterations (flow=0/1)
  CostFlow: agents=9 tasks=9 maxlen=30 global_makespan=52172
  CostFlow: giving up after 21 iterations (flow=0/9)
  CostFlow: agents=1 tasks=1 maxlen=30 global_makespan=52193
  CostFlow: giving up after 21 iterations (flow=0/1)
  CostFlow: agents=9 tasks=9 maxlen=30 global_makespan=52214
  CostFlow: giving up after 21 iterations (flow=0/9)
  CostFlow: agents=1 tasks=1 maxlen=30 global_makespan=52235
  CostFlow: giving up after 21 iterations (flow=0/1)
  CostFlow: agents=9 tasks=9 maxlen=30 global_makespan=52256
  CostFlow: giving up after 21 iterations (flow=0/9)
  CostFlow: agents=1 tasks=1 maxlen=30 global_makespan=52277
  CostFlow: giving up after 21 iterations (flow=0/1)
  CostFlow: agents=9 tasks=9 maxlen=30 global_makespan=52298
  CostFlow: giving up after 21 iterations (flow=0/9)
  CostFlow: agents=1 tasks=1 maxlen=30 global_makespan=52319
  CostFlow: giving up after 21 iterations (flow=0/1)
  CostFlow: agents=9 tasks=9 maxlen=30 global_makespan=52340
  CostFlow: giving up after 21 iterations (flow=0/9)
  CostFlow: agents=1 tasks=1 maxlen=30 global_makespan=52361
  CostFlow: giving up after 21 iterations (flow=0/1)
  CostFlow: agents=9 tasks=9 maxlen=30 global_makespan=52382
  CostFlow: giving up after 21 iterations (flow=0/9)
  CostFlow: agents=1 tasks=1 maxlen=30 global_makespan=52403
  CostFlow: giving up after 21 iterations (flow=0/1)
  CostFlow: agents=9 tasks=9 maxlen=30 global_makespan=52424
  CostFlow: giving up after 21 iterations (flow=0/9)
  CostFlow: agents=1 tasks=1 maxlen=30 global_makespan=52445
  CostFlow: giving up after 21 iterations (flow=0/1)
  CostFlow: agents=9 tasks=9 maxlen=30 global_makespan=52466
  CostFlow: giving up after 21 iterations (flow=0/9)
  CostFlow: agents=1 tasks=1 maxlen=30 global_makespan=52487
  CostFlow: giving up after 21 iterations (flow=0/1)
  CostFlow: agents=9 tasks=9 maxlen=30 global_makespan=52508
  CostFlow: giving up after 21 iterations (flow=0/9)
  CostFlow: agents=1 tasks=1 maxlen=30 global_makespan=52529
  CostFlow: giving up after 21 iterations (flow=0/1)
  CostFlow: agents=9 tasks=9 maxlen=30 global_makespan=52550
  CostFlow: giving up after 21 iterations (flow=0/9)
  CostFlow: agents=1 tasks=1 maxlen=30 global_makespan=52571
  CostFlow: giving up after 21 iterations (flow=0/1)
  CostFlow: agents=9 tasks=9 maxlen=30 global_makespan=52592
  CostFlow: giving up after 21 iterations (flow=0/9)
  CostFlow: agents=1 tasks=1 maxlen=30 global_makespan=52613
  CostFlow: giving up after 21 iterations (flow=0/1)
  CostFlow: agents=9 tasks=9 maxlen=30 global_makespan=52634
  CostFlow: giving up after 21 iterations (flow=0/9)
  CostFlow: agents=1 tasks=1 maxlen=30 global_makespan=52655
  CostFlow: giving up after 21 iterations (flow=0/1)
  CostFlow: agents=9 tasks=9 maxlen=30 global_makespan=52676
  CostFlow: giving up after 21 iterations (flow=0/9)
  CostFlow: agents=1 tasks=1 maxlen=30 global_makespan=52697
  CostFlow: giving up after 21 iterations (flow=0/1)
  CostFlow: agents=9 tasks=9 maxlen=30 global_makespan=52718
  CostFlow: giving up after 21 iterations (flow=0/9)
  CostFlow: agents=1 tasks=1 maxlen=30 global_makespan=52739
  CostFlow: giving up after 21 iterations (flow=0/1)
  CostFlow: agents=9 tasks=9 maxlen=30 global_makespan=52760
  CostFlow: giving up after 21 iterations (flow=0/9)
  CostFlow: agents=1 tasks=1 maxlen=30 global_makespan=52781
  CostFlow: giving up after 21 iterations (flow=0/1)
  CostFlow: agents=9 tasks=9 maxlen=30 global_makespan=52802
  CostFlow: giving up after 21 iterations (flow=0/9)
  CostFlow: agents=1 tasks=1 maxlen=30 global_makespan=52823
  CostFlow: giving up after 21 iterations (flow=0/1)
  CostFlow: agents=9 tasks=9 maxlen=30 global_makespan=52844
  CostFlow: giving up after 21 iterations (flow=0/9)
  CostFlow: agents=1 tasks=1 maxlen=30 global_makespan=52865
  CostFlow: giving up after 21 iterations (flow=0/1)
  CostFlow: agents=9 tasks=9 maxlen=30 global_makespan=52886
  CostFlow: giving up after 21 iterations (flow=0/9)
  CostFlow: agents=1 tasks=1 maxlen=30 global_makespan=52907
  CostFlow: giving up after 21 iterations (flow=0/1)
  CostFlow: agents=9 tasks=9 maxlen=30 global_makespan=52928
  CostFlow: giving up after 21 iterations (flow=0/9)
  CostFlow: agents=1 tasks=1 maxlen=30 global_makespan=52949
  CostFlow: giving up after 21 iterations (flow=0/1)
  CostFlow: agents=9 tasks=9 maxlen=30 global_makespan=52970
  CostFlow: giving up after 21 iterations (flow=0/9)
  CostFlow: agents=1 tasks=1 maxlen=30 global_makespan=52991
  CostFlow: giving up after 21 iterations (flow=0/1)
  CostFlow: agents=9 tasks=9 maxlen=30 global_makespan=53012
  CostFlow: giving up after 21 iterations (flow=0/9)
  CostFlow: agents=1 tasks=1 maxlen=30 global_makespan=53033
  CostFlow: giving up after 21 iterations (flow=0/1)
  CostFlow: agents=9 tasks=9 maxlen=30 global_makespan=53054
  CostFlow: giving up after 21 iterations (flow=0/9)
  CostFlow: agents=1 tasks=1 maxlen=30 global_makespan=53075
  CostFlow: giving up after 21 iterations (flow=0/1)
  CostFlow: agents=9 tasks=9 maxlen=30 global_makespan=53096
  CostFlow: giving up after 21 iterations (flow=0/9)
  CostFlow: agents=1 tasks=1 maxlen=30 global_makespan=53117
  CostFlow: giving up after 21 iterations (flow=0/1)
  CostFlow: agents=9 tasks=9 maxlen=30 global_makespan=53138
  CostFlow: giving up after 21 iterations (flow=0/9)
  CostFlow: agents=1 tasks=1 maxlen=30 global_makespan=53159
  CostFlow: giving up after 21 iterations (flow=0/1)
  CostFlow: agents=9 tasks=9 maxlen=30 global_makespan=53180
  CostFlow: giving up after 21 iterations (flow=0/9)
  CostFlow: agents=1 tasks=1 maxlen=30 global_makespan=53201
  CostFlow: giving up after 21 iterations (flow=0/1)
  CostFlow: agents=9 tasks=9 maxlen=30 global_makespan=53222
  CostFlow: giving up after 21 iterations (flow=0/9)
  CostFlow: agents=1 tasks=1 maxlen=30 global_makespan=53243
  CostFlow: giving up after 21 iterations (flow=0/1)
  CostFlow: agents=9 tasks=9 maxlen=30 global_makespan=53264
  CostFlow: giving up after 21 iterations (flow=0/9)
  CostFlow: agents=1 tasks=1 maxlen=30 global_makespan=53285
  CostFlow: giving up after 21 iterations (flow=0/1)
  CostFlow: agents=9 tasks=9 maxlen=30 global_makespan=53306
  CostFlow: giving up after 21 iterations (flow=0/9)
  CostFlow: agents=1 tasks=1 maxlen=30 global_makespan=53327
  CostFlow: giving up after 21 iterations (flow=0/1)
  CostFlow: agents=9 tasks=9 maxlen=30 global_makespan=53348
  CostFlow: giving up after 21 iterations (flow=0/9)
  CostFlow: agents=1 tasks=1 maxlen=30 global_makespan=53369
  CostFlow: giving up after 21 iterations (flow=0/1)
  CostFlow: agents=9 tasks=9 maxlen=30 global_makespan=53390
  CostFlow: giving up after 21 iterations (flow=0/9)
  CostFlow: agents=1 tasks=1 maxlen=30 global_makespan=53411
  CostFlow: giving up after 21 iterations (flow=0/1)
  CostFlow: agents=9 tasks=9 maxlen=30 global_makespan=53432
  CostFlow: giving up after 21 iterations (flow=0/9)
  CostFlow: agents=1 tasks=1 maxlen=30 global_makespan=53453
  CostFlow: giving up after 21 iterations (flow=0/1)
  CostFlow: agents=9 tasks=9 maxlen=30 global_makespan=53474
  CostFlow: giving up after 21 iterations (flow=0/9)
  CostFlow: agents=1 tasks=1 maxlen=30 global_makespan=53495
  CostFlow: giving up after 21 iterations (flow=0/1)
  CostFlow: agents=9 tasks=9 maxlen=30 global_makespan=53516
  CostFlow: giving up after 21 iterations (flow=0/9)
  CostFlow: agents=1 tasks=1 maxlen=30 global_makespan=53537
  CostFlow: giving up after 21 iterations (flow=0/1)
  CostFlow: agents=9 tasks=9 maxlen=30 global_makespan=53558
  CostFlow: giving up after 21 iterations (flow=0/9)
  CostFlow: agents=1 tasks=1 maxlen=30 global_makespan=53579
  CostFlow: giving up after 21 iterations (flow=0/1)
  CostFlow: agents=9 tasks=9 maxlen=30 global_makespan=53600
  CostFlow: giving up after 21 iterations (flow=0/9)
  CostFlow: agents=1 tasks=1 maxlen=30 global_makespan=53621
  CostFlow: giving up after 21 iterations (flow=0/1)
  CostFlow: agents=9 tasks=9 maxlen=30 global_makespan=53642
  CostFlow: giving up after 21 iterations (flow=0/9)
  CostFlow: agents=1 tasks=1 maxlen=30 global_makespan=53663
  CostFlow: giving up after 21 iterations (flow=0/1)
  CostFlow: agents=9 tasks=9 maxlen=30 global_makespan=53684
  CostFlow: giving up after 21 iterations (flow=0/9)
  CostFlow: agents=1 tasks=1 maxlen=30 global_makespan=53705
  CostFlow: giving up after 21 iterations (flow=0/1)
  CostFlow: agents=9 tasks=9 maxlen=30 global_makespan=53726
  CostFlow: giving up after 21 iterations (flow=0/9)
  CostFlow: agents=1 tasks=1 maxlen=30 global_makespan=53747
  CostFlow: giving up after 21 iterations (flow=0/1)
  CostFlow: agents=9 tasks=9 maxlen=30 global_makespan=53768
  CostFlow: giving up after 21 iterations (flow=0/9)
  CostFlow: agents=1 tasks=1 maxlen=30 global_makespan=53789
  CostFlow: giving up after 21 iterations (flow=0/1)
  CostFlow: agents=9 tasks=9 maxlen=30 global_makespan=53810
  CostFlow: giving up after 21 iterations (flow=0/9)
  CostFlow: agents=1 tasks=1 maxlen=30 global_makespan=53831
  CostFlow: giving up after 21 iterations (flow=0/1)
  CostFlow: agents=9 tasks=9 maxlen=30 global_makespan=53852
  CostFlow: giving up after 21 iterations (flow=0/9)
  CostFlow: agents=1 tasks=1 maxlen=30 global_makespan=53873
  CostFlow: giving up after 21 iterations (flow=0/1)
  CostFlow: agents=9 tasks=9 maxlen=30 global_makespan=53894
  CostFlow: giving up after 21 iterations (flow=0/9)
  CostFlow: agents=1 tasks=1 maxlen=30 global_makespan=53915
  CostFlow: giving up after 21 iterations (flow=0/1)
  CostFlow: agents=9 tasks=9 maxlen=30 global_makespan=53936
  CostFlow: giving up after 21 iterations (flow=0/9)
  CostFlow: agents=1 tasks=1 maxlen=30 global_makespan=53957
  CostFlow: giving up after 21 iterations (flow=0/1)
  CostFlow: agents=9 tasks=9 maxlen=30 global_makespan=53978
  CostFlow: giving up after 21 iterations (flow=0/9)
  CostFlow: agents=1 tasks=1 maxlen=30 global_makespan=53999
  CostFlow: giving up after 21 iterations (flow=0/1)
  CostFlow: agents=9 tasks=9 maxlen=30 global_makespan=54020
  CostFlow: giving up after 21 iterations (flow=0/9)
  CostFlow: agents=1 tasks=1 maxlen=30 global_makespan=54041
  CostFlow: giving up after 21 iterations (flow=0/1)
  CostFlow: agents=9 tasks=9 maxlen=30 global_makespan=54062
  CostFlow: giving up after 21 iterations (flow=0/9)
  CostFlow: agents=1 tasks=1 maxlen=30 global_makespan=54083
  CostFlow: giving up after 21 iterations (flow=0/1)
  CostFlow: agents=9 tasks=9 maxlen=30 global_makespan=54104
  CostFlow: giving up after 21 iterations (flow=0/9)
  CostFlow: agents=1 tasks=1 maxlen=30 global_makespan=54125
  CostFlow: giving up after 21 iterations (flow=0/1)
  CostFlow: agents=9 tasks=9 maxlen=30 global_makespan=54146
  CostFlow: giving up after 21 iterations (flow=0/9)
  CostFlow: agents=1 tasks=1 maxlen=30 global_makespan=54167
  CostFlow: giving up after 21 iterations (flow=0/1)
  CostFlow: agents=9 tasks=9 maxlen=30 global_makespan=54188
  CostFlow: giving up after 21 iterations (flow=0/9)
  CostFlow: agents=1 tasks=1 maxlen=30 global_makespan=54209
  CostFlow: giving up after 21 iterations (flow=0/1)
  CostFlow: agents=9 tasks=9 maxlen=30 global_makespan=54230
  CostFlow: giving up after 21 iterations (flow=0/9)
  CostFlow: agents=1 tasks=1 maxlen=30 global_makespan=54251
  CostFlow: giving up after 21 iterations (flow=0/1)
  CostFlow: agents=9 tasks=9 maxlen=30 global_makespan=54272
  CostFlow: giving up after 21 iterations (flow=0/9)
  CostFlow: agents=1 tasks=1 maxlen=30 global_makespan=54293
  CostFlow: giving up after 21 iterations (flow=0/1)
  CostFlow: agents=9 tasks=9 maxlen=30 global_makespan=54314
  CostFlow: giving up after 21 iterations (flow=0/9)
  CostFlow: agents=1 tasks=1 maxlen=30 global_makespan=54335
  CostFlow: giving up after 21 iterations (flow=0/1)
  CostFlow: agents=9 tasks=9 maxlen=30 global_makespan=54356
  CostFlow: giving up after 21 iterations (flow=0/9)
  CostFlow: agents=1 tasks=1 maxlen=30 global_makespan=54377
  CostFlow: giving up after 21 iterations (flow=0/1)
  CostFlow: agents=9 tasks=9 maxlen=30 global_makespan=54398
  CostFlow: giving up after 21 iterations (flow=0/9)
  CostFlow: agents=1 tasks=1 maxlen=30 global_makespan=54419
  CostFlow: giving up after 21 iterations (flow=0/1)
  CostFlow: agents=9 tasks=9 maxlen=30 global_makespan=54440
  CostFlow: giving up after 21 iterations (flow=0/9)
  CostFlow: agents=1 tasks=1 maxlen=30 global_makespan=54461
  CostFlow: giving up after 21 iterations (flow=0/1)
  CostFlow: agents=9 tasks=9 maxlen=30 global_makespan=54482
  CostFlow: giving up after 21 iterations (flow=0/9)
  CostFlow: agents=1 tasks=1 maxlen=30 global_makespan=54503
  CostFlow: giving up after 21 iterations (flow=0/1)
  CostFlow: agents=9 tasks=9 maxlen=30 global_makespan=54524
  CostFlow: giving up after 21 iterations (flow=0/9)
  CostFlow: agents=1 tasks=1 maxlen=30 global_makespan=54545
  CostFlow: giving up after 21 iterations (flow=0/1)
  CostFlow: agents=9 tasks=9 maxlen=30 global_makespan=54566
  CostFlow: giving up after 21 iterations (flow=0/9)
  CostFlow: agents=1 tasks=1 maxlen=30 global_makespan=54587
  CostFlow: giving up after 21 iterations (flow=0/1)
  CostFlow: agents=9 tasks=9 maxlen=30 global_makespan=54608
  CostFlow: giving up after 21 iterations (flow=0/9)
  CostFlow: agents=1 tasks=1 maxlen=30 global_makespan=54629
  CostFlow: giving up after 21 iterations (flow=0/1)
  CostFlow: agents=9 tasks=9 maxlen=30 global_makespan=54650
  CostFlow: giving up after 21 iterations (flow=0/9)
  CostFlow: agents=1 tasks=1 maxlen=30 global_makespan=54671
  CostFlow: giving up after 21 iterations (flow=0/1)
  CostFlow: agents=9 tasks=9 maxlen=30 global_makespan=54692
  CostFlow: giving up after 21 iterations (flow=0/9)
  CostFlow: agents=1 tasks=1 maxlen=30 global_makespan=54713
  CostFlow: giving up after 21 iterations (flow=0/1)
  CostFlow: agents=9 tasks=9 maxlen=30 global_makespan=54734
  CostFlow: giving up after 21 iterations (flow=0/9)
  CostFlow: agents=1 tasks=1 maxlen=30 global_makespan=54755
  CostFlow: giving up after 21 iterations (flow=0/1)
  CostFlow: agents=9 tasks=9 maxlen=30 global_makespan=54776
  CostFlow: giving up after 21 iterations (flow=0/9)
  CostFlow: agents=1 tasks=1 maxlen=30 global_makespan=54797
  CostFlow: giving up after 21 iterations (flow=0/1)
  CostFlow: agents=9 tasks=9 maxlen=30 global_makespan=54818
  CostFlow: giving up after 21 iterations (flow=0/9)
  CostFlow: agents=1 tasks=1 maxlen=30 global_makespan=54839
  CostFlow: giving up after 21 iterations (flow=0/1)
  CostFlow: agents=9 tasks=9 maxlen=30 global_makespan=54860
  CostFlow: giving up after 21 iterations (flow=0/9)
  CostFlow: agents=1 tasks=1 maxlen=30 global_makespan=54881
  CostFlow: giving up after 21 iterations (flow=0/1)
  CostFlow: agents=9 tasks=9 maxlen=30 global_makespan=54902
  CostFlow: giving up after 21 iterations (flow=0/9)
  CostFlow: agents=1 tasks=1 maxlen=30 global_makespan=54923
  CostFlow: giving up after 21 iterations (flow=0/1)
  CostFlow: agents=9 tasks=9 maxlen=30 global_makespan=54944
  CostFlow: giving up after 21 iterations (flow=0/9)
  CostFlow: agents=1 tasks=1 maxlen=30 global_makespan=54965
  CostFlow: giving up after 21 iterations (flow=0/1)
  CostFlow: agents=9 tasks=9 maxlen=30 global_makespan=54986
  CostFlow: giving up after 21 iterations (flow=0/9)
  CostFlow: agents=1 tasks=1 maxlen=30 global_makespan=55007
  CostFlow: giving up after 21 iterations (flow=0/1)
  CostFlow: agents=9 tasks=9 maxlen=30 global_makespan=55028
  CostFlow: giving up after 21 iterations (flow=0/9)
  CostFlow: agents=1 tasks=1 maxlen=30 global_makespan=55049
  CostFlow: giving up after 21 iterations (flow=0/1)
  CostFlow: agents=9 tasks=9 maxlen=30 global_makespan=55070
  CostFlow: giving up after 21 iterations (flow=0/9)
  CostFlow: agents=1 tasks=1 maxlen=30 global_makespan=55091
  CostFlow: giving up after 21 iterations (flow=0/1)
  CostFlow: agents=9 tasks=9 maxlen=30 global_makespan=55112
  CostFlow: giving up after 21 iterations (flow=0/9)
  CostFlow: agents=1 tasks=1 maxlen=30 global_makespan=55133
  CostFlow: giving up after 21 iterations (flow=0/1)
  CostFlow: agents=9 tasks=9 maxlen=30 global_makespan=55154
  CostFlow: giving up after 21 iterations (flow=0/9)
  CostFlow: agents=1 tasks=1 maxlen=30 global_makespan=55175
  CostFlow: giving up after 21 iterations (flow=0/1)
  CostFlow: agents=9 tasks=9 maxlen=30 global_makespan=55196
  CostFlow: giving up after 21 iterations (flow=0/9)
  CostFlow: agents=1 tasks=1 maxlen=30 global_makespan=55217
  CostFlow: giving up after 21 iterations (flow=0/1)
  CostFlow: agents=9 tasks=9 maxlen=30 global_makespan=55238
  CostFlow: giving up after 21 iterations (flow=0/9)
  CostFlow: agents=1 tasks=1 maxlen=30 global_makespan=55259
  CostFlow: giving up after 21 iterations (flow=0/1)
  CostFlow: agents=9 tasks=9 maxlen=30 global_makespan=55280
  CostFlow: giving up after 21 iterations (flow=0/9)
  CostFlow: agents=1 tasks=1 maxlen=30 global_makespan=55301
  CostFlow: giving up after 21 iterations (flow=0/1)
  CostFlow: agents=9 tasks=9 maxlen=30 global_makespan=55322
  CostFlow: giving up after 21 iterations (flow=0/9)
  CostFlow: agents=1 tasks=1 maxlen=30 global_makespan=55343
  CostFlow: giving up after 21 iterations (flow=0/1)
  CostFlow: agents=9 tasks=9 maxlen=30 global_makespan=55364
  CostFlow: giving up after 21 iterations (flow=0/9)
  CostFlow: agents=1 tasks=1 maxlen=30 global_makespan=55385
  CostFlow: giving up after 21 iterations (flow=0/1)
  CostFlow: agents=9 tasks=9 maxlen=30 global_makespan=55406
  CostFlow: giving up after 21 iterations (flow=0/9)
  CostFlow: agents=1 tasks=1 maxlen=30 global_makespan=55427
  CostFlow: giving up after 21 iterations (flow=0/1)
  CostFlow: agents=9 tasks=9 maxlen=30 global_makespan=55448
  CostFlow: giving up after 21 iterations (flow=0/9)
  CostFlow: agents=1 tasks=1 maxlen=30 global_makespan=55469
  CostFlow: giving up after 21 iterations (flow=0/1)
  CostFlow: agents=9 tasks=9 maxlen=30 global_makespan=55490
  CostFlow: giving up after 21 iterations (flow=0/9)
  CostFlow: agents=1 tasks=1 maxlen=30 global_makespan=55511
  CostFlow: giving up after 21 iterations (flow=0/1)
  CostFlow: agents=9 tasks=9 maxlen=30 global_makespan=55532
  CostFlow: giving up after 21 iterations (flow=0/9)
  CostFlow: agents=1 tasks=1 maxlen=30 global_makespan=55553
  CostFlow: giving up after 21 iterations (flow=0/1)
  CostFlow: agents=9 tasks=9 maxlen=30 global_makespan=55574
  CostFlow: giving up after 21 iterations (flow=0/9)
  CostFlow: agents=1 tasks=1 maxlen=30 global_makespan=55595
  CostFlow: giving up after 21 iterations (flow=0/1)
  CostFlow: agents=9 tasks=9 maxlen=30 global_makespan=55616
  CostFlow: giving up after 21 iterations (flow=0/9)
  CostFlow: agents=1 tasks=1 maxlen=30 global_makespan=55637
  CostFlow: giving up after 21 iterations (flow=0/1)
  CostFlow: agents=9 tasks=9 maxlen=30 global_makespan=55658
  CostFlow: giving up after 21 iterations (flow=0/9)
  CostFlow: agents=1 tasks=1 maxlen=30 global_makespan=55679
  CostFlow: giving up after 21 iterations (flow=0/1)
  CostFlow: agents=9 tasks=9 maxlen=30 global_makespan=55700
  CostFlow: giving up after 21 iterations (flow=0/9)
  CostFlow: agents=1 tasks=1 maxlen=30 global_makespan=55721
  CostFlow: giving up after 21 iterations (flow=0/1)
  CostFlow: agents=9 tasks=9 maxlen=30 global_makespan=55742
  CostFlow: giving up after 21 iterations (flow=0/9)
  CostFlow: agents=1 tasks=1 maxlen=30 global_makespan=55763
  CostFlow: giving up after 21 iterations (flow=0/1)
  CostFlow: agents=9 tasks=9 maxlen=30 global_makespan=55784
  CostFlow: giving up after 21 iterations (flow=0/9)
  CostFlow: agents=1 tasks=1 maxlen=30 global_makespan=55805
  CostFlow: giving up after 21 iterations (flow=0/1)
  CostFlow: agents=9 tasks=9 maxlen=30 global_makespan=55826
  CostFlow: giving up after 21 iterations (flow=0/9)
  CostFlow: agents=1 tasks=1 maxlen=30 global_makespan=55847
  CostFlow: giving up after 21 iterations (flow=0/1)
  CostFlow: agents=9 tasks=9 maxlen=30 global_makespan=55868
  CostFlow: giving up after 21 iterations (flow=0/9)
  CostFlow: agents=1 tasks=1 maxlen=30 global_makespan=55889
  CostFlow: giving up after 21 iterations (flow=0/1)
  CostFlow: agents=9 tasks=9 maxlen=30 global_makespan=55910
  CostFlow: giving up after 21 iterations (flow=0/9)
  CostFlow: agents=1 tasks=1 maxlen=30 global_makespan=55931
  CostFlow: giving up after 21 iterations (flow=0/1)
  CostFlow: agents=9 tasks=9 maxlen=30 global_makespan=55952
  CostFlow: giving up after 21 iterations (flow=0/9)
  CostFlow: agents=1 tasks=1 maxlen=30 global_makespan=55973
  CostFlow: giving up after 21 iterations (flow=0/1)
  CostFlow: agents=9 tasks=9 maxlen=30 global_makespan=55994
  CostFlow: giving up after 21 iterations (flow=0/9)
  CostFlow: agents=1 tasks=1 maxlen=30 global_makespan=56015
  CostFlow: giving up after 21 iterations (flow=0/1)
  CostFlow: agents=9 tasks=9 maxlen=30 global_makespan=56036
  CostFlow: giving up after 21 iterations (flow=0/9)
  CostFlow: agents=1 tasks=1 maxlen=30 global_makespan=56057
  CostFlow: giving up after 21 iterations (flow=0/1)
  CostFlow: agents=9 tasks=9 maxlen=30 global_makespan=56078
  CostFlow: giving up after 21 iterations (flow=0/9)
  CostFlow: agents=1 tasks=1 maxlen=30 global_makespan=56099
  CostFlow: giving up after 21 iterations (flow=0/1)
  CostFlow: agents=9 tasks=9 maxlen=30 global_makespan=56120
  CostFlow: giving up after 21 iterations (flow=0/9)
  CostFlow: agents=1 tasks=1 maxlen=30 global_makespan=56141
  CostFlow: giving up after 21 iterations (flow=0/1)
  CostFlow: agents=9 tasks=9 maxlen=30 global_makespan=56162
  CostFlow: giving up after 21 iterations (flow=0/9)
  CostFlow: agents=1 tasks=1 maxlen=30 global_makespan=56183
  CostFlow: giving up after 21 iterations (flow=0/1)
  CostFlow: agents=9 tasks=9 maxlen=30 global_makespan=56204
  CostFlow: giving up after 21 iterations (flow=0/9)
  CostFlow: agents=1 tasks=1 maxlen=30 global_makespan=56225
  CostFlow: giving up after 21 iterations (flow=0/1)
  CostFlow: agents=9 tasks=9 maxlen=30 global_makespan=56246
  CostFlow: giving up after 21 iterations (flow=0/9)
  CostFlow: agents=1 tasks=1 maxlen=30 global_makespan=56267
  CostFlow: giving up after 21 iterations (flow=0/1)
  CostFlow: agents=9 tasks=9 maxlen=30 global_makespan=56288
  CostFlow: giving up after 21 iterations (flow=0/9)
  CostFlow: agents=1 tasks=1 maxlen=30 global_makespan=56309
  CostFlow: giving up after 21 iterations (flow=0/1)
  CostFlow: agents=9 tasks=9 maxlen=30 global_makespan=56330
  CostFlow: giving up after 21 iterations (flow=0/9)
  CostFlow: agents=1 tasks=1 maxlen=30 global_makespan=56351
  CostFlow: giving up after 21 iterations (flow=0/1)
  CostFlow: agents=9 tasks=9 maxlen=30 global_makespan=56372
  CostFlow: giving up after 21 iterations (flow=0/9)
  CostFlow: agents=1 tasks=1 maxlen=30 global_makespan=56393
  CostFlow: giving up after 21 iterations (flow=0/1)
  CostFlow: agents=9 tasks=9 maxlen=30 global_makespan=56414
  CostFlow: giving up after 21 iterations (flow=0/9)
  CostFlow: agents=1 tasks=1 maxlen=30 global_makespan=56435
  CostFlow: giving up after 21 iterations (flow=0/1)
  CostFlow: agents=9 tasks=9 maxlen=30 global_makespan=56456
  CostFlow: giving up after 21 iterations (flow=0/9)
  CostFlow: agents=1 tasks=1 maxlen=30 global_makespan=56477
  CostFlow: giving up after 21 iterations (flow=0/1)
  CostFlow: agents=9 tasks=9 maxlen=30 global_makespan=56498
  CostFlow: giving up after 21 iterations (flow=0/9)
  CostFlow: agents=1 tasks=1 maxlen=30 global_makespan=56519
  CostFlow: giving up after 21 iterations (flow=0/1)
  CostFlow: agents=9 tasks=9 maxlen=30 global_makespan=56540
  CostFlow: giving up after 21 iterations (flow=0/9)
  CostFlow: agents=1 tasks=1 maxlen=30 global_makespan=56561
  CostFlow: giving up after 21 iterations (flow=0/1)
  CostFlow: agents=9 tasks=9 maxlen=30 global_makespan=56582
  CostFlow: giving up after 21 iterations (flow=0/9)
  CostFlow: agents=1 tasks=1 maxlen=30 global_makespan=56603
  CostFlow: giving up after 21 iterations (flow=0/1)
  CostFlow: agents=9 tasks=9 maxlen=30 global_makespan=56624
  CostFlow: giving up after 21 iterations (flow=0/9)
  CostFlow: agents=1 tasks=1 maxlen=30 global_makespan=56645
  CostFlow: giving up after 21 iterations (flow=0/1)
  CostFlow: agents=9 tasks=9 maxlen=30 global_makespan=56666
  CostFlow: giving up after 21 iterations (flow=0/9)
  CostFlow: agents=1 tasks=1 maxlen=30 global_makespan=56687
  CostFlow: giving up after 21 iterations (flow=0/1)
  CostFlow: agents=9 tasks=9 maxlen=30 global_makespan=56708
  CostFlow: giving up after 21 iterations (flow=0/9)
  CostFlow: agents=1 tasks=1 maxlen=30 global_makespan=56729
  CostFlow: giving up after 21 iterations (flow=0/1)
  CostFlow: agents=9 tasks=9 maxlen=30 global_makespan=56750
  CostFlow: giving up after 21 iterations (flow=0/9)
  CostFlow: agents=1 tasks=1 maxlen=30 global_makespan=56771
  CostFlow: giving up after 21 iterations (flow=0/1)
  CostFlow: agents=9 tasks=9 maxlen=30 global_makespan=56792
  CostFlow: giving up after 21 iterations (flow=0/9)
  CostFlow: agents=1 tasks=1 maxlen=30 global_makespan=56813
  CostFlow: giving up after 21 iterations (flow=0/1)
  CostFlow: agents=9 tasks=9 maxlen=30 global_makespan=56834
  CostFlow: giving up after 21 iterations (flow=0/9)
  CostFlow: agents=1 tasks=1 maxlen=30 global_makespan=56855
  CostFlow: giving up after 21 iterations (flow=0/1)
  CostFlow: agents=9 tasks=9 maxlen=30 global_makespan=56876
  CostFlow: giving up after 21 iterations (flow=0/9)
  CostFlow: agents=1 tasks=1 maxlen=30 global_makespan=56897
  CostFlow: giving up after 21 iterations (flow=0/1)
  CostFlow: agents=9 tasks=9 maxlen=30 global_makespan=56918
  CostFlow: giving up after 21 iterations (flow=0/9)
  CostFlow: agents=1 tasks=1 maxlen=30 global_makespan=56939
  CostFlow: giving up after 21 iterations (flow=0/1)
  CostFlow: agents=9 tasks=9 maxlen=30 global_makespan=56960
  CostFlow: giving up after 21 iterations (flow=0/9)
  CostFlow: agents=1 tasks=1 maxlen=30 global_makespan=56981
  CostFlow: giving up after 21 iterations (flow=0/1)
  CostFlow: agents=9 tasks=9 maxlen=30 global_makespan=57002
  CostFlow: giving up after 21 iterations (flow=0/9)
  CostFlow: agents=1 tasks=1 maxlen=30 global_makespan=57023
  CostFlow: giving up after 21 iterations (flow=0/1)
  CostFlow: agents=9 tasks=9 maxlen=30 global_makespan=57044
  CostFlow: giving up after 21 iterations (flow=0/9)
  CostFlow: agents=1 tasks=1 maxlen=30 global_makespan=57065
  CostFlow: giving up after 21 iterations (flow=0/1)
  CostFlow: agents=9 tasks=9 maxlen=30 global_makespan=57086
  CostFlow: giving up after 21 iterations (flow=0/9)
  CostFlow: agents=1 tasks=1 maxlen=30 global_makespan=57107
  CostFlow: giving up after 21 iterations (flow=0/1)
  CostFlow: agents=9 tasks=9 maxlen=30 global_makespan=57128
  CostFlow: giving up after 21 iterations (flow=0/9)
  CostFlow: agents=1 tasks=1 maxlen=30 global_makespan=57149
  CostFlow: giving up after 21 iterations (flow=0/1)
  CostFlow: agents=9 tasks=9 maxlen=30 global_makespan=57170
  CostFlow: giving up after 21 iterations (flow=0/9)
  CostFlow: agents=1 tasks=1 maxlen=30 global_makespan=57191
  CostFlow: giving up after 21 iterations (flow=0/1)
  CostFlow: agents=9 tasks=9 maxlen=30 global_makespan=57212
  CostFlow: giving up after 21 iterations (flow=0/9)
  CostFlow: agents=1 tasks=1 maxlen=30 global_makespan=57233
  CostFlow: giving up after 21 iterations (flow=0/1)
  CostFlow: agents=9 tasks=9 maxlen=30 global_makespan=57254
  CostFlow: giving up after 21 iterations (flow=0/9)
  CostFlow: agents=1 tasks=1 maxlen=30 global_makespan=57275
  CostFlow: giving up after 21 iterations (flow=0/1)
  CostFlow: agents=9 tasks=9 maxlen=30 global_makespan=57296
  CostFlow: giving up after 21 iterations (flow=0/9)
  CostFlow: agents=1 tasks=1 maxlen=30 global_makespan=57317
  CostFlow: giving up after 21 iterations (flow=0/1)
  CostFlow: agents=9 tasks=9 maxlen=30 global_makespan=57338
  CostFlow: giving up after 21 iterations (flow=0/9)
  CostFlow: agents=1 tasks=1 maxlen=30 global_makespan=57359
  CostFlow: giving up after 21 iterations (flow=0/1)
  CostFlow: agents=9 tasks=9 maxlen=30 global_makespan=57380
  CostFlow: giving up after 21 iterations (flow=0/9)
  CostFlow: agents=1 tasks=1 maxlen=30 global_makespan=57401
  CostFlow: giving up after 21 iterations (flow=0/1)
  CostFlow: agents=9 tasks=9 maxlen=30 global_makespan=57422
  CostFlow: giving up after 21 iterations (flow=0/9)
  CostFlow: agents=1 tasks=1 maxlen=30 global_makespan=57443
  CostFlow: giving up after 21 iterations (flow=0/1)
  CostFlow: agents=9 tasks=9 maxlen=30 global_makespan=57464
  CostFlow: giving up after 21 iterations (flow=0/9)
  CostFlow: agents=1 tasks=1 maxlen=30 global_makespan=57485
  CostFlow: giving up after 21 iterations (flow=0/1)
  CostFlow: agents=9 tasks=9 maxlen=30 global_makespan=57506
  CostFlow: giving up after 21 iterations (flow=0/9)
  CostFlow: agents=1 tasks=1 maxlen=30 global_makespan=57527
  CostFlow: giving up after 21 iterations (flow=0/1)
  CostFlow: agents=9 tasks=9 maxlen=30 global_makespan=57548
  CostFlow: giving up after 21 iterations (flow=0/9)
  CostFlow: agents=1 tasks=1 maxlen=30 global_makespan=57569
  CostFlow: giving up after 21 iterations (flow=0/1)
  CostFlow: agents=9 tasks=9 maxlen=30 global_makespan=57590
  CostFlow: giving up after 21 iterations (flow=0/9)
  CostFlow: agents=1 tasks=1 maxlen=30 global_makespan=57611
  CostFlow: giving up after 21 iterations (flow=0/1)
  CostFlow: agents=9 tasks=9 maxlen=30 global_makespan=57632
  CostFlow: giving up after 21 iterations (flow=0/9)
  CostFlow: agents=1 tasks=1 maxlen=30 global_makespan=57653
  CostFlow: giving up after 21 iterations (flow=0/1)
  CostFlow: agents=9 tasks=9 maxlen=30 global_makespan=57674
  CostFlow: giving up after 21 iterations (flow=0/9)
  CostFlow: agents=1 tasks=1 maxlen=30 global_makespan=57695
  CostFlow: giving up after 21 iterations (flow=0/1)
  CostFlow: agents=9 tasks=9 maxlen=30 global_makespan=57716
  CostFlow: giving up after 21 iterations (flow=0/9)
  CostFlow: agents=1 tasks=1 maxlen=30 global_makespan=57737
  CostFlow: giving up after 21 iterations (flow=0/1)
  CostFlow: agents=9 tasks=9 maxlen=30 global_makespan=57758
  CostFlow: giving up after 21 iterations (flow=0/9)
  CostFlow: agents=1 tasks=1 maxlen=30 global_makespan=57779
  CostFlow: giving up after 21 iterations (flow=0/1)
  CostFlow: agents=9 tasks=9 maxlen=30 global_makespan=57800
  CostFlow: giving up after 21 iterations (flow=0/9)
  CostFlow: agents=1 tasks=1 maxlen=30 global_makespan=57821
  CostFlow: giving up after 21 iterations (flow=0/1)
  CostFlow: agents=9 tasks=9 maxlen=30 global_makespan=57842
  CostFlow: giving up after 21 iterations (flow=0/9)
  CostFlow: agents=1 tasks=1 maxlen=30 global_makespan=57863
  CostFlow: giving up after 21 iterations (flow=0/1)
  CostFlow: agents=9 tasks=9 maxlen=30 global_makespan=57884
  CostFlow: giving up after 21 iterations (flow=0/9)
  CostFlow: agents=1 tasks=1 maxlen=30 global_makespan=57905
  CostFlow: giving up after 21 iterations (flow=0/1)
  CostFlow: agents=9 tasks=9 maxlen=30 global_makespan=57926
  CostFlow: giving up after 21 iterations (flow=0/9)
  CostFlow: agents=1 tasks=1 maxlen=30 global_makespan=57947
  CostFlow: giving up after 21 iterations (flow=0/1)
  CostFlow: agents=9 tasks=9 maxlen=30 global_makespan=57968
  CostFlow: giving up after 21 iterations (flow=0/9)
  CostFlow: agents=1 tasks=1 maxlen=30 global_makespan=57989
  CostFlow: giving up after 21 iterations (flow=0/1)
  CostFlow: agents=9 tasks=9 maxlen=30 global_makespan=58010
  CostFlow: giving up after 21 iterations (flow=0/9)
  CostFlow: agents=1 tasks=1 maxlen=30 global_makespan=58031
  CostFlow: giving up after 21 iterations (flow=0/1)
  CostFlow: agents=9 tasks=9 maxlen=30 global_makespan=58052
  CostFlow: giving up after 21 iterations (flow=0/9)
  CostFlow: agents=1 tasks=1 maxlen=30 global_makespan=58073
  CostFlow: giving up after 21 iterations (flow=0/1)
  CostFlow: agents=9 tasks=9 maxlen=30 global_makespan=58094
  CostFlow: giving up after 21 iterations (flow=0/9)
  CostFlow: agents=1 tasks=1 maxlen=30 global_makespan=58115
  CostFlow: giving up after 21 iterations (flow=0/1)
  CostFlow: agents=9 tasks=9 maxlen=30 global_makespan=58136
  CostFlow: giving up after 21 iterations (flow=0/9)
  CostFlow: agents=1 tasks=1 maxlen=30 global_makespan=58157
  CostFlow: giving up after 21 iterations (flow=0/1)
  CostFlow: agents=9 tasks=9 maxlen=30 global_makespan=58178
  CostFlow: giving up after 21 iterations (flow=0/9)
  CostFlow: agents=1 tasks=1 maxlen=30 global_makespan=58199
  CostFlow: giving up after 21 iterations (flow=0/1)
  CostFlow: agents=9 tasks=9 maxlen=30 global_makespan=58220
  CostFlow: giving up after 21 iterations (flow=0/9)
  CostFlow: agents=1 tasks=1 maxlen=30 global_makespan=58241
  CostFlow: giving up after 21 iterations (flow=0/1)
  CostFlow: agents=9 tasks=9 maxlen=30 global_makespan=58262
  CostFlow: giving up after 21 iterations (flow=0/9)
  CostFlow: agents=1 tasks=1 maxlen=30 global_makespan=58283
  CostFlow: giving up after 21 iterations (flow=0/1)
  CostFlow: agents=9 tasks=9 maxlen=30 global_makespan=58304
  CostFlow: giving up after 21 iterations (flow=0/9)
  CostFlow: agents=1 tasks=1 maxlen=30 global_makespan=58325
  CostFlow: giving up after 21 iterations (flow=0/1)
  CostFlow: agents=9 tasks=9 maxlen=30 global_makespan=58346
  CostFlow: giving up after 21 iterations (flow=0/9)
  CostFlow: agents=1 tasks=1 maxlen=30 global_makespan=58367
  CostFlow: giving up after 21 iterations (flow=0/1)
  CostFlow: agents=9 tasks=9 maxlen=30 global_makespan=58388
  CostFlow: giving up after 21 iterations (flow=0/9)
  CostFlow: agents=1 tasks=1 maxlen=30 global_makespan=58409
  CostFlow: giving up after 21 iterations (flow=0/1)
  CostFlow: agents=9 tasks=9 maxlen=30 global_makespan=58430
  CostFlow: giving up after 21 iterations (flow=0/9)
  CostFlow: agents=1 tasks=1 maxlen=30 global_makespan=58451
  CostFlow: giving up after 21 iterations (flow=0/1)
  CostFlow: agents=9 tasks=9 maxlen=30 global_makespan=58472
  CostFlow: giving up after 21 iterations (flow=0/9)
  CostFlow: agents=1 tasks=1 maxlen=30 global_makespan=58493
  CostFlow: giving up after 21 iterations (flow=0/1)
  CostFlow: agents=9 tasks=9 maxlen=30 global_makespan=58514
  CostFlow: giving up after 21 iterations (flow=0/9)
  CostFlow: agents=1 tasks=1 maxlen=30 global_makespan=58535
  CostFlow: giving up after 21 iterations (flow=0/1)
  CostFlow: agents=9 tasks=9 maxlen=30 global_makespan=58556
