Agent 0 and 1 collide at location 216 at time 43
Warning: TestConstraints found future collision at timestep 2 (will be re-planned)
Agent 0 and 1 collide at location 216 at time 43
Warning: TestConstraints found future collision at end of timestep 2
Agent 0 and 1 collide at location 216 at time 43
Warning: TestConstraints found future collision at timestep 3 (will be re-planned)
Agent 0 and 1 collide at location 216 at time 43
Warning: TestConstraints found future collision at end of timestep 3
Agent 0 and 1 collide at location 216 at time 43
Warning: TestConstraints found future collision at timestep 4 (will be re-planned)
Agent 0 and 1 collide at location 216 at time 43
Warning: TestConstraints found future collision at end of timestep 4
Agent 0 and 1 collide at location 216 at time 43
Warning: TestConstraints found future collision at timestep 5 (will be re-planned)
Agent 0 and 1 collide at location 216 at time 43
Warning: TestConstraints found future collision at end of timestep 5
Agent 0 and 1 collide at location 216 at time 43
Warning: TestConstraints found future collision at timestep 6 (will be re-planned)
Agent 0 and 1 collide at location 216 at time 43
Warning: TestConstraints found future collision at end of timestep 6
Agent 0 and 1 collide at location 216 at time 43
Warning: TestConstraints found future collision at timestep 7 (will be re-planned)
Agent 0 and 1 collide at location 216 at time 43
Warning: TestConstraints found future collision at end of timestep 7
Agent 0 and 1 collide at location 216 at time 43
Warning: TestConstraints found future collision at timestep 8 (will be re-planned)
Agent 0 and 1 collide at location 216 at time 43
Warning: TestConstraints found future collision at end of timestep 8
Agent 0 and 1 collide at location 216 at time 43
Warning: TestConstraints found future collision at timestep 9 (will be re-planned)
Agent 0 and 1 collide at location 216 at time 43
Warning: TestConstraints found future collision at end of timestep 9
Agent 0 and 1 collide at location 216 at time 43
Warning: TestConstraints found future collision at timestep 10 (will be re-planned)
Agent 0 and 1 collide at location 216 at time 43
Warning: TestConstraints found future collision at end of timestep 10
Agent 0 and 1 collide at location 216 at time 43
Warning: TestConstraints found future collision at timestep 11 (will be re-planned)
Agent 0 and 1 collide at location 216 at time 43
Warning: TestConstraints found future collision at end of timestep 11
Agent 0 and 1 collide at location 216 at time 43
Warning: TestConstraints found future collision at timestep 12 (will be re-planned)
Agent 0 and 1 collide at location 216 at time 43
Warning: TestConstraints found future collision at end of timestep 12
Agent 0 and 1 collide at location 216 at time 43
Warning: TestConstraints found future collision at timestep 13 (will be re-planned)
Agent 0 and 1 collide at location 216 at time 43
Warning: TestConstraints found future collision at end of timestep 13
Agent 0 and 1 collide at location 216 at time 43
Warning: TestConstraints found future collision at timestep 14 (will be re-planned)
Agent 0 and 1 collide at location 216 at time 43
Warning: TestConstraints found future collision at end of timestep 14
Agent 0 and 1 collide at location 216 at time 43
Warning: TestConstraints found future collision at timestep 15 (will be re-planned)
Agent 0 and 1 collide at location 216 at time 43
Warning: TestConstraints found future collision at end of timestep 15
Agent 0 and 1 collide at location 216 at time 43
Warning: TestConstraints found future collision at timestep 16 (will be re-planned)
Agent 0 and 1 collide at location 216 at time 43
Warning: TestConstraints found future collision at end of timestep 16
Agent 0 and 1 collide at location 216 at time 43
Warning: TestConstraints found future collision at timestep 17 (will be re-planned)
Agent 0 and 1 collide at location 216 at time 43
Warning: TestConstraints found future collision at end of timestep 17
Agent 0 and 1 collide at location 216 at time 43
Warning: TestConstraints found future collision at timestep 18 (will be re-planned)
Agent 0 and 1 collide at location 216 at time 43
Warning: TestConstraints found future collision at end of timestep 18
Agent 2 and 6 collide at location 81 at time 24
Warning: TestConstraints found future collision at timestep 19 (will be re-planned)
Agent 2 and 6 collide at location 81 at time 24
Warning: TestConstraints found future collision at end of timestep 19
Agent 2 and 6 collide at location 225 at time 62
Warning: TestConstraints found future collision at timestep 20 (will be re-planned)
Agent 2 and 6 collide at location 225 at time 62
Warning: TestConstraints found future collision at end of timestep 20
Agent 2 and 6 collide at location 225 at time 62
Warning: TestConstraints found future collision at timestep 21 (will be re-planned)
Agent 2 and 6 collide at location 225 at time 62
Warning: TestConstraints found future collision at end of timestep 21
Agent 2 and 6 collide at location 225 at time 62
Warning: TestConstraints found future collision at timestep 22 (will be re-planned)
Agent 2 and 6 collide at location 225 at time 62
Warning: TestConstraints found future collision at end of timestep 22
Agent 2 and 6 collide at location 225 at time 62
Warning: TestConstraints found future collision at timestep 23 (will be re-planned)
Agent 2 and 6 collide at location 225 at time 62
Warning: TestConstraints found future collision at end of timestep 23
Agent 2 and 6 collide at location 225 at time 62
Warning: TestConstraints found future collision at timestep 24 (will be re-planned)
Agent 2 and 6 collide at location 225 at time 62
Warning: TestConstraints found future collision at end of timestep 24
Agent 2 and 6 collide at location 225 at time 62
Warning: TestConstraints found future collision at timestep 25 (will be re-planned)
Agent 2 and 6 collide at location 225 at time 62
Warning: TestConstraints found future collision at end of timestep 25
Agent 2 and 6 collide at location 225 at time 62
Warning: TestConstraints found future collision at timestep 26 (will be re-planned)
Agent 2 and 6 collide at location 225 at time 62
Warning: TestConstraints found future collision at end of timestep 26
Agent 2 and 6 collide at location 225 at time 62
Warning: TestConstraints found future collision at timestep 27 (will be re-planned)
Agent 2 and 6 collide at location 225 at time 62
Warning: TestConstraints found future collision at end of timestep 27
Agent 2 and 6 collide at location 225 at time 62
Warning: TestConstraints found future collision at timestep 28 (will be re-planned)
Agent 2 and 6 collide at location 225 at time 62
Warning: TestConstraints found future collision at end of timestep 28
Agent 2 and 6 collide at location 225 at time 62
Warning: TestConstraints found future collision at timestep 29 (will be re-planned)
Agent 2 and 6 collide at location 225 at time 62
Warning: TestConstraints found future collision at end of timestep 29
Agent 2 and 6 collide at location 225 at time 62
Warning: TestConstraints found future collision at timestep 30 (will be re-planned)
Agent 2 and 6 collide at location 225 at time 62
Warning: TestConstraints found future collision at end of timestep 30
Agent 2 and 6 collide at location 225 at time 62
Warning: TestConstraints found future collision at timestep 31 (will be re-planned)
Agent 2 and 6 collide at location 225 at time 62
Warning: TestConstraints found future collision at end of timestep 31
Agent 2 and 6 collide at location 225 at time 62
Warning: TestConstraints found future collision at timestep 32 (will be re-planned)
Agent 2 and 6 collide at location 225 at time 62
Warning: TestConstraints found future collision at end of timestep 32
Agent 2 and 6 collide at location 225 at time 62
Warning: TestConstraints found future collision at timestep 33 (will be re-planned)
Agent 2 and 6 collide at location 225 at time 62
Warning: TestConstraints found future collision at end of timestep 33
Agent 2 and 6 collide at location 225 at time 62
Warning: TestConstraints found future collision at timestep 34 (will be re-planned)
Agent 2 and 6 collide at location 225 at time 62
Warning: TestConstraints found future collision at end of timestep 34
Agent 2 and 6 collide at location 225 at time 62
Warning: TestConstraints found future collision at timestep 35 (will be re-planned)
Agent 2 and 6 collide at location 225 at time 62
Warning: TestConstraints found future collision at end of timestep 35
Agent 2 and 6 collide at location 225 at time 62
Warning: TestConstraints found future collision at timestep 36 (will be re-planned)
Agent 2 and 6 collide at location 225 at time 62
Warning: TestConstraints found future collision at end of timestep 36
Agent 2 and 6 collide at location 225 at time 62
Warning: TestConstraints found future collision at timestep 37 (will be re-planned)
Agent 2 and 6 collide at location 225 at time 62
Warning: TestConstraints found future collision at end of timestep 37
Agent 2 and 6 collide at location 225 at time 62
Warning: TestConstraints found future collision at timestep 38 (will be re-planned)
Agent 2 and 6 collide at location 225 at time 62
Warning: TestConstraints found future collision at end of timestep 38
Agent 6 and 8 collide at location 610 at time 63
Warning: TestConstraints found future collision at timestep 40 (will be re-planned)
Agent 6 and 8 collide at location 610 at time 63
Warning: TestConstraints found future collision at end of timestep 40
Agent 0 and 7 collide at location 549 at time 62
Warning: TestConstraints found future collision at timestep 41 (will be re-planned)
Agent 0 and 7 collide at location 549 at time 62
Warning: TestConstraints found future collision at end of timestep 41
Agent 0 and 7 collide at location 549 at time 62
Warning: TestConstraints found future collision at timestep 42 (will be re-planned)
Agent 0 and 7 collide at location 549 at time 62
Warning: TestConstraints found future collision at end of timestep 42
Agent 6 and 8 collide at location 610 at time 63
Warning: TestConstraints found future collision at timestep 43 (will be re-planned)
Agent 6 and 8 collide at location 610 at time 63
Warning: TestConstraints found future collision at end of timestep 43
Agent 0 and 7 collide at location 549 at time 62
Warning: TestConstraints found future collision at timestep 44 (will be re-planned)
Agent 0 and 7 collide at location 549 at time 62
Warning: TestConstraints found future collision at end of timestep 44
Agent 4 and 7 collide at edge 240-277 at time 57
Warning: TestConstraints found future collision at timestep 45 (will be re-planned)
Agent 4 and 7 collide at edge 240-277 at time 57
Warning: TestConstraints found future collision at end of timestep 45
Agent 4 and 7 collide at edge 240-277 at time 57
Warning: TestConstraints found future collision at timestep 46 (will be re-planned)
Agent 4 and 7 collide at edge 240-277 at time 57
Warning: TestConstraints found future collision at end of timestep 46
Agent 4 and 7 collide at edge 240-277 at time 57
Warning: TestConstraints found future collision at timestep 47 (will be re-planned)
Agent 4 and 7 collide at edge 240-277 at time 57
Warning: TestConstraints found future collision at end of timestep 47
Agent 4 and 7 collide at edge 240-277 at time 57
Warning: TestConstraints found future collision at timestep 48 (will be re-planned)
Agent 4 and 7 collide at edge 240-277 at time 57
Warning: TestConstraints found future collision at end of timestep 48
Agent 4 and 7 collide at edge 240-277 at time 57
Warning: TestConstraints found future collision at timestep 49 (will be re-planned)
Agent 4 and 7 collide at edge 240-277 at time 57
Warning: TestConstraints found future collision at end of timestep 49
Agent 4 and 7 collide at edge 240-277 at time 57
Warning: TestConstraints found future collision at timestep 50 (will be re-planned)
Agent 4 and 7 collide at edge 240-277 at time 57
Warning: TestConstraints found future collision at end of timestep 50
Agent 4 and 7 collide at edge 240-277 at time 57
Warning: TestConstraints found future collision at timestep 51 (will be re-planned)
Agent 4 and 7 collide at edge 240-277 at time 57
Warning: TestConstraints found future collision at end of timestep 51
Agent 2 and 3 collide at location 461 at time 74
Warning: TestConstraints found future collision at timestep 52 (will be re-planned)
Agent 2 and 3 collide at location 461 at time 74
Warning: TestConstraints found future collision at end of timestep 52
Agent 2 and 3 collide at location 461 at time 74
Warning: TestConstraints found future collision at timestep 53 (will be re-planned)
Agent 2 and 3 collide at location 461 at time 74
Warning: TestConstraints found future collision at end of timestep 53
Agent 2 and 3 collide at location 461 at time 74
Warning: TestConstraints found future collision at timestep 54 (will be re-planned)
Agent 2 and 3 collide at location 461 at time 74
Warning: TestConstraints found future collision at end of timestep 54
Agent 2 and 3 collide at location 461 at time 74
Warning: TestConstraints found future collision at timestep 55 (will be re-planned)
Agent 2 and 3 collide at location 461 at time 74
Warning: TestConstraints found future collision at end of timestep 55
Agent 2 and 3 collide at location 461 at time 74
Warning: TestConstraints found future collision at timestep 56 (will be re-planned)
Agent 2 and 3 collide at location 461 at time 74
Warning: TestConstraints found future collision at end of timestep 56
Agent 2 and 3 collide at location 461 at time 74
Warning: TestConstraints found future collision at timestep 57 (will be re-planned)
Agent 2 and 3 collide at location 461 at time 74
Warning: TestConstraints found future collision at end of timestep 57
Agent 2 and 3 collide at location 461 at time 74
Warning: TestConstraints found future collision at timestep 58 (will be re-planned)
Agent 2 and 3 collide at location 461 at time 74
Warning: TestConstraints found future collision at end of timestep 58
Agent 2 and 3 collide at location 461 at time 74
Warning: TestConstraints found future collision at timestep 59 (will be re-planned)
Agent 2 and 3 collide at location 461 at time 74
Warning: TestConstraints found future collision at end of timestep 59
Agent 2 and 3 collide at location 461 at time 74
Warning: TestConstraints found future collision at timestep 60 (will be re-planned)
Agent 2 and 3 collide at location 461 at time 74
Warning: TestConstraints found future collision at end of timestep 60
Agent 2 and 7 collide at location 425 at time 74
Warning: TestConstraints found future collision at timestep 61 (will be re-planned)
Agent 2 and 7 collide at location 425 at time 74
Warning: TestConstraints found future collision at end of timestep 61
Agent 2 and 7 collide at location 425 at time 74
Warning: TestConstraints found future collision at timestep 62 (will be re-planned)
Agent 2 and 7 collide at location 425 at time 74
Warning: TestConstraints found future collision at end of timestep 62
Agent 0 and 1 collide at location 216 at time 123
Warning: TestConstraints found future collision at timestep 80 (will be re-planned)
Agent 0 and 1 collide at location 216 at time 123
Warning: TestConstraints found future collision at end of timestep 80
Agent 0 and 1 collide at location 216 at time 123
Warning: TestConstraints found future collision at timestep 81 (will be re-planned)
Agent 0 and 1 collide at location 216 at time 123
Warning: TestConstraints found future collision at end of timestep 81
Agent 0 and 1 collide at location 216 at time 123
Warning: TestConstraints found future collision at timestep 82 (will be re-planned)
Agent 0 and 1 collide at location 216 at time 123
Warning: TestConstraints found future collision at end of timestep 82
Agent 0 and 1 collide at location 216 at time 123
Warning: TestConstraints found future collision at timestep 83 (will be re-planned)
Agent 0 and 1 collide at location 216 at time 123
Warning: TestConstraints found future collision at end of timestep 83
Agent 0 and 1 collide at location 216 at time 123
Warning: TestConstraints found future collision at timestep 84 (will be re-planned)
Agent 0 and 1 collide at location 216 at time 123
Warning: TestConstraints found future collision at end of timestep 84
Agent 0 and 1 collide at location 216 at time 123
Warning: TestConstraints found future collision at timestep 85 (will be re-planned)
Agent 0 and 1 collide at location 216 at time 123
Warning: TestConstraints found future collision at end of timestep 85
Agent 0 and 1 collide at location 216 at time 123
Warning: TestConstraints found future collision at timestep 86 (will be re-planned)
Agent 0 and 1 collide at location 216 at time 123
Warning: TestConstraints found future collision at end of timestep 86
Agent 0 and 1 collide at location 216 at time 123
Warning: TestConstraints found future collision at timestep 87 (will be re-planned)
Agent 0 and 1 collide at location 216 at time 123
Warning: TestConstraints found future collision at end of timestep 87
Agent 0 and 1 collide at location 216 at time 123
Warning: TestConstraints found future collision at timestep 88 (will be re-planned)
Agent 0 and 1 collide at location 216 at time 123
Warning: TestConstraints found future collision at end of timestep 88
Agent 0 and 1 collide at location 216 at time 123
Warning: TestConstraints found future collision at timestep 89 (will be re-planned)
Agent 0 and 1 collide at location 216 at time 123
Warning: TestConstraints found future collision at end of timestep 89
Agent 0 and 1 collide at location 216 at time 123
Warning: TestConstraints found future collision at timestep 90 (will be re-planned)
Agent 0 and 1 collide at location 216 at time 123
Warning: TestConstraints found future collision at end of timestep 90
Agent 0 and 1 collide at location 216 at time 123
Warning: TestConstraints found future collision at timestep 91 (will be re-planned)
Agent 0 and 1 collide at location 216 at time 123
Warning: TestConstraints found future collision at end of timestep 91
Agent 0 and 1 collide at location 216 at time 123
Warning: TestConstraints found future collision at timestep 92 (will be re-planned)
Agent 0 and 1 collide at location 216 at time 123
Warning: TestConstraints found future collision at end of timestep 92
Agent 0 and 1 collide at location 216 at time 123
Warning: TestConstraints found future collision at timestep 93 (will be re-planned)
Agent 0 and 1 collide at location 216 at time 123
Warning: TestConstraints found future collision at end of timestep 93
Agent 0 and 1 collide at location 216 at time 123
Warning: TestConstraints found future collision at timestep 94 (will be re-planned)
Agent 0 and 1 collide at location 216 at time 123
Warning: TestConstraints found future collision at end of timestep 94
Agent 0 and 8 collide at location 327 at time 120
Warning: TestConstraints found future collision at timestep 99 (will be re-planned)
Agent 0 and 8 collide at location 327 at time 120
Warning: TestConstraints found future collision at end of timestep 99
Agent 4 and 7 collide at location 551 at time 145
Warning: TestConstraints found future collision at timestep 106 (will be re-planned)
Agent 4 and 7 collide at location 551 at time 145
Warning: TestConstraints found future collision at end of timestep 106
Agent 4 and 7 collide at location 551 at time 145
Warning: TestConstraints found future collision at timestep 107 (will be re-planned)
Agent 4 and 7 collide at location 551 at time 145
Warning: TestConstraints found future collision at end of timestep 107
Agent 3 and 4 collide at location 366 at time 153
Warning: TestConstraints found future collision at timestep 110 (will be re-planned)
Agent 3 and 4 collide at location 366 at time 153
Warning: TestConstraints found future collision at end of timestep 110
Agent 3 and 4 collide at location 366 at time 153
Warning: TestConstraints found future collision at timestep 111 (will be re-planned)
Agent 3 and 4 collide at location 366 at time 153
Warning: TestConstraints found future collision at end of timestep 111
Agent 3 and 4 collide at location 366 at time 153
Warning: TestConstraints found future collision at timestep 112 (will be re-planned)
Agent 3 and 4 collide at location 366 at time 153
Warning: TestConstraints found future collision at end of timestep 112
Agent 3 and 4 collide at location 366 at time 153
Warning: TestConstraints found future collision at timestep 113 (will be re-planned)
Agent 3 and 4 collide at location 366 at time 153
Warning: TestConstraints found future collision at end of timestep 113
Agent 3 and 4 collide at location 366 at time 153
Warning: TestConstraints found future collision at timestep 114 (will be re-planned)
Agent 3 and 4 collide at location 366 at time 153
Warning: TestConstraints found future collision at end of timestep 114
Agent 0 and 8 collide at location 153 at time 142
Warning: TestConstraints found future collision at timestep 115 (will be re-planned)
Agent 0 and 8 collide at location 153 at time 142
Warning: TestConstraints found future collision at end of timestep 115
Agent 0 and 8 collide at location 153 at time 142
Warning: TestConstraints found future collision at timestep 116 (will be re-planned)
Agent 0 and 8 collide at location 153 at time 142
Warning: TestConstraints found future collision at end of timestep 116
Agent 0 and 8 collide at location 153 at time 142
Warning: TestConstraints found future collision at timestep 117 (will be re-planned)
Agent 0 and 8 collide at location 153 at time 142
Warning: TestConstraints found future collision at end of timestep 117
Agent 0 and 8 collide at location 153 at time 142
Warning: TestConstraints found future collision at timestep 118 (will be re-planned)
Agent 0 and 8 collide at location 153 at time 142
Warning: TestConstraints found future collision at end of timestep 118
Agent 0 and 8 collide at location 153 at time 142
Warning: TestConstraints found future collision at timestep 119 (will be re-planned)
Agent 0 and 8 collide at location 153 at time 142
Warning: TestConstraints found future collision at end of timestep 119
Agent 0 and 8 collide at location 153 at time 142
Warning: TestConstraints found future collision at timestep 120 (will be re-planned)
Agent 0 and 8 collide at location 153 at time 142
Warning: TestConstraints found future collision at end of timestep 120
Agent 0 and 8 collide at location 153 at time 142
Warning: TestConstraints found future collision at timestep 121 (will be re-planned)
Agent 0 and 8 collide at location 153 at time 142
Warning: TestConstraints found future collision at end of timestep 121
Agent 0 and 8 collide at location 153 at time 142
Warning: TestConstraints found future collision at timestep 122 (will be re-planned)
Agent 0 and 8 collide at location 153 at time 142
Warning: TestConstraints found future collision at end of timestep 122
Agent 0 and 8 collide at location 153 at time 142
Warning: TestConstraints found future collision at timestep 123 (will be re-planned)
Agent 0 and 8 collide at location 153 at time 142
Warning: TestConstraints found future collision at end of timestep 123
Agent 0 and 8 collide at location 153 at time 142
Warning: TestConstraints found future collision at timestep 124 (will be re-planned)
Agent 0 and 8 collide at location 153 at time 142
Warning: TestConstraints found future collision at end of timestep 124
Agent 0 and 8 collide at location 153 at time 142
Warning: TestConstraints found future collision at timestep 125 (will be re-planned)
Agent 0 and 8 collide at location 153 at time 142
Warning: TestConstraints found future collision at end of timestep 125
Agent 0 and 8 collide at location 153 at time 142
Warning: TestConstraints found future collision at timestep 126 (will be re-planned)
Agent 0 and 8 collide at location 153 at time 142
Warning: TestConstraints found future collision at end of timestep 126
Agent 0 and 8 collide at location 153 at time 142
Warning: TestConstraints found future collision at timestep 127 (will be re-planned)
Agent 0 and 8 collide at location 153 at time 142
Warning: TestConstraints found future collision at end of timestep 127
Agent 0 and 8 collide at location 153 at time 142
Warning: TestConstraints found future collision at timestep 128 (will be re-planned)
Agent 0 and 8 collide at location 153 at time 142
Warning: TestConstraints found future collision at end of timestep 128
Agent 0 and 8 collide at location 153 at time 142
Warning: TestConstraints found future collision at timestep 129 (will be re-planned)
Agent 0 and 8 collide at location 153 at time 142
Warning: TestConstraints found future collision at end of timestep 129
Agent 0 and 8 collide at location 153 at time 142
Warning: TestConstraints found future collision at timestep 130 (will be re-planned)
Agent 0 and 8 collide at location 153 at time 142
Warning: TestConstraints found future collision at end of timestep 130
Agent 0 and 8 collide at location 153 at time 142
Warning: TestConstraints found future collision at timestep 131 (will be re-planned)
Agent 0 and 8 collide at location 153 at time 142
Warning: TestConstraints found future collision at end of timestep 131
Agent 0 and 8 collide at location 153 at time 142
Warning: TestConstraints found future collision at timestep 132 (will be re-planned)
Agent 0 and 8 collide at location 153 at time 142
Warning: TestConstraints found future collision at end of timestep 132
Agent 0 and 8 collide at location 153 at time 142
Warning: TestConstraints found future collision at timestep 133 (will be re-planned)
Agent 0 and 8 collide at location 153 at time 142
Warning: TestConstraints found future collision at end of timestep 133
Agent 0 and 8 collide at location 153 at time 142
Warning: TestConstraints found future collision at timestep 134 (will be re-planned)
Agent 0 and 8 collide at location 153 at time 142
Warning: TestConstraints found future collision at end of timestep 134
Agent 0 and 8 collide at location 153 at time 142
Warning: TestConstraints found future collision at timestep 135 (will be re-planned)
Agent 0 and 8 collide at location 153 at time 142
Warning: TestConstraints found future collision at end of timestep 135
Agent 0 and 8 collide at location 153 at time 142
Warning: TestConstraints found future collision at timestep 136 (will be re-planned)
Agent 0 and 8 collide at location 153 at time 142
Warning: TestConstraints found future collision at end of timestep 136
Agent 0 and 8 collide at location 153 at time 142
Warning: TestConstraints found future collision at timestep 137 (will be re-planned)
Agent 0 and 8 collide at location 153 at time 142
Warning: TestConstraints found future collision at end of timestep 137
Agent 0 and 8 collide at location 153 at time 142
Warning: TestConstraints found future collision at timestep 138 (will be re-planned)
Agent 0 and 8 collide at location 153 at time 142
Warning: TestConstraints found future collision at end of timestep 138
Agent 0 and 8 collide at location 153 at time 142
Warning: TestConstraints found future collision at timestep 139 (will be re-planned)
Agent 0 and 8 collide at location 153 at time 142
Warning: TestConstraints found future collision at end of timestep 139
Agent 1 and 6 collide at edge 529-530 at time 146
Warning: TestConstraints found future collision at timestep 140 (will be re-planned)
Agent 1 and 6 collide at edge 529-530 at time 146
Warning: TestConstraints found future collision at end of timestep 140
Agent 1 and 6 collide at edge 529-530 at time 146
Warning: TestConstraints found future collision at timestep 141 (will be re-planned)
Agent 1 and 6 collide at edge 529-530 at time 146
Warning: TestConstraints found future collision at end of timestep 141
Agent 0 and 1 collide at location 216 at time 191
Warning: TestConstraints found future collision at timestep 142 (will be re-planned)
Agent 0 and 1 collide at location 216 at time 191
Warning: TestConstraints found future collision at end of timestep 142
Agent 0 and 1 collide at location 216 at time 191
Warning: TestConstraints found future collision at timestep 143 (will be re-planned)
Agent 0 and 1 collide at location 216 at time 191
Warning: TestConstraints found future collision at end of timestep 143
Agent 0 and 1 collide at location 216 at time 191
Warning: TestConstraints found future collision at timestep 144 (will be re-planned)
Agent 0 and 1 collide at location 216 at time 191
Warning: TestConstraints found future collision at end of timestep 144
Agent 0 and 1 collide at location 216 at time 191
Warning: TestConstraints found future collision at timestep 145 (will be re-planned)
Agent 0 and 1 collide at location 216 at time 191
Warning: TestConstraints found future collision at end of timestep 145
Agent 0 and 1 collide at location 216 at time 191
Warning: TestConstraints found future collision at timestep 146 (will be re-planned)
Agent 0 and 1 collide at location 216 at time 191
Warning: TestConstraints found future collision at end of timestep 146
Agent 0 and 1 collide at location 216 at time 191
Warning: TestConstraints found future collision at timestep 147 (will be re-planned)
Agent 0 and 1 collide at location 216 at time 191
Warning: TestConstraints found future collision at end of timestep 147
Agent 0 and 1 collide at location 216 at time 191
Warning: TestConstraints found future collision at timestep 148 (will be re-planned)
Agent 0 and 1 collide at location 216 at time 191
Warning: TestConstraints found future collision at end of timestep 148
Agent 0 and 1 collide at location 216 at time 191
Warning: TestConstraints found future collision at timestep 149 (will be re-planned)
Agent 0 and 1 collide at location 216 at time 191
Warning: TestConstraints found future collision at end of timestep 149
Agent 0 and 1 collide at location 216 at time 191
Warning: TestConstraints found future collision at timestep 150 (will be re-planned)
Agent 0 and 1 collide at location 216 at time 191
Warning: TestConstraints found future collision at end of timestep 150
Agent 0 and 1 collide at location 216 at time 191
Warning: TestConstraints found future collision at timestep 151 (will be re-planned)
Agent 0 and 1 collide at location 216 at time 191
Warning: TestConstraints found future collision at end of timestep 151
Agent 0 and 1 collide at location 216 at time 191
Warning: TestConstraints found future collision at timestep 152 (will be re-planned)
Agent 0 and 1 collide at location 216 at time 191
Warning: TestConstraints found future collision at end of timestep 152
Agent 0 and 1 collide at location 216 at time 191
Warning: TestConstraints found future collision at timestep 153 (will be re-planned)
Agent 0 and 1 collide at location 216 at time 191
Warning: TestConstraints found future collision at end of timestep 153
Agent 0 and 1 collide at location 216 at time 191
Warning: TestConstraints found future collision at timestep 154 (will be re-planned)
Agent 0 and 1 collide at location 216 at time 191
Warning: TestConstraints found future collision at end of timestep 154
Agent 0 and 1 collide at location 216 at time 191
Warning: TestConstraints found future collision at timestep 155 (will be re-planned)
Agent 0 and 1 collide at location 216 at time 191
Warning: TestConstraints found future collision at end of timestep 155
Agent 0 and 1 collide at location 216 at time 191
Warning: TestConstraints found future collision at timestep 156 (will be re-planned)
Agent 0 and 1 collide at location 216 at time 191
Warning: TestConstraints found future collision at end of timestep 156
Agent 0 and 1 collide at location 216 at time 191
Warning: TestConstraints found future collision at timestep 157 (will be re-planned)
Agent 0 and 1 collide at location 216 at time 191
Warning: TestConstraints found future collision at end of timestep 157
Agent 0 and 1 collide at location 216 at time 191
Warning: TestConstraints found future collision at timestep 158 (will be re-planned)
Agent 0 and 1 collide at location 216 at time 191
Warning: TestConstraints found future collision at end of timestep 158
Agent 0 and 1 collide at location 216 at time 191
Warning: TestConstraints found future collision at timestep 159 (will be re-planned)
Agent 0 and 1 collide at location 216 at time 191
Warning: TestConstraints found future collision at end of timestep 159
Agent 0 and 1 collide at location 216 at time 191
Warning: TestConstraints found future collision at timestep 160 (will be re-planned)
Agent 0 and 1 collide at location 216 at time 191
Warning: TestConstraints found future collision at end of timestep 160
Agent 0 and 1 collide at location 216 at time 191
Warning: TestConstraints found future collision at timestep 161 (will be re-planned)
Agent 0 and 1 collide at location 216 at time 191
Warning: TestConstraints found future collision at end of timestep 161
Agent 0 and 1 collide at location 216 at time 191
Warning: TestConstraints found future collision at timestep 162 (will be re-planned)
Agent 0 and 1 collide at location 216 at time 191
Warning: TestConstraints found future collision at end of timestep 162
Agent 3 and 4 collide at location 366 at time 209
Warning: TestConstraints found future collision at timestep 163 (will be re-planned)
Agent 3 and 4 collide at location 366 at time 209
Warning: TestConstraints found future collision at end of timestep 163
Agent 3 and 4 collide at location 366 at time 209
Warning: TestConstraints found future collision at timestep 164 (will be re-planned)
Agent 3 and 4 collide at location 366 at time 209
Warning: TestConstraints found future collision at end of timestep 164
Agent 3 and 4 collide at location 366 at time 209
Warning: TestConstraints found future collision at timestep 165 (will be re-planned)
Agent 3 and 4 collide at location 366 at time 209
Warning: TestConstraints found future collision at end of timestep 165
Agent 3 and 4 collide at location 366 at time 209
Warning: TestConstraints found future collision at timestep 166 (will be re-planned)
Agent 3 and 4 collide at location 366 at time 209
Warning: TestConstraints found future collision at end of timestep 166
Agent 3 and 4 collide at location 366 at time 209
Warning: TestConstraints found future collision at timestep 167 (will be re-planned)
Agent 3 and 4 collide at location 366 at time 209
Warning: TestConstraints found future collision at end of timestep 167
Agent 2 and 6 collide at location 225 at time 216
Warning: TestConstraints found future collision at timestep 168 (will be re-planned)
Agent 2 and 6 collide at location 225 at time 216
Warning: TestConstraints found future collision at end of timestep 168
Agent 2 and 6 collide at location 225 at time 216
Warning: TestConstraints found future collision at timestep 169 (will be re-planned)
Agent 2 and 6 collide at location 225 at time 216
Warning: TestConstraints found future collision at end of timestep 169
Agent 2 and 6 collide at location 225 at time 216
Warning: TestConstraints found future collision at timestep 170 (will be re-planned)
Agent 2 and 6 collide at location 225 at time 216
Warning: TestConstraints found future collision at end of timestep 170
Agent 3 and 4 collide at location 366 at time 209
Warning: TestConstraints found future collision at timestep 171 (will be re-planned)
Agent 3 and 4 collide at location 366 at time 209
Warning: TestConstraints found future collision at end of timestep 171
Agent 3 and 4 collide at location 366 at time 209
Warning: TestConstraints found future collision at timestep 172 (will be re-planned)
Agent 3 and 4 collide at location 366 at time 209
Warning: TestConstraints found future collision at end of timestep 172
Agent 0 and 1 collide at location 216 at time 191
Warning: TestConstraints found future collision at timestep 173 (will be re-planned)
Agent 0 and 1 collide at location 216 at time 191
Warning: TestConstraints found future collision at end of timestep 173
Agent 0 and 1 collide at location 216 at time 191
Warning: TestConstraints found future collision at timestep 174 (will be re-planned)
Agent 0 and 1 collide at location 216 at time 191
Warning: TestConstraints found future collision at end of timestep 174
Agent 0 and 1 collide at location 216 at time 191
Warning: TestConstraints found future collision at timestep 175 (will be re-planned)
Agent 0 and 1 collide at location 216 at time 191
Warning: TestConstraints found future collision at end of timestep 175
Agent 0 and 1 collide at location 216 at time 191
Warning: TestConstraints found future collision at timestep 176 (will be re-planned)
Agent 0 and 1 collide at location 216 at time 191
Warning: TestConstraints found future collision at end of timestep 176
Agent 0 and 1 collide at location 216 at time 191
Warning: TestConstraints found future collision at timestep 177 (will be re-planned)
Agent 0 and 1 collide at location 216 at time 191
Warning: TestConstraints found future collision at end of timestep 177
Agent 0 and 1 collide at location 216 at time 191
Warning: TestConstraints found future collision at timestep 178 (will be re-planned)
Agent 0 and 1 collide at location 216 at time 191
Warning: TestConstraints found future collision at end of timestep 178
Agent 0 and 1 collide at location 216 at time 191
Warning: TestConstraints found future collision at timestep 179 (will be re-planned)
Agent 0 and 1 collide at location 216 at time 191
Warning: TestConstraints found future collision at end of timestep 179
Agent 0 and 1 collide at location 216 at time 191
Warning: TestConstraints found future collision at timestep 180 (will be re-planned)
Agent 0 and 1 collide at location 216 at time 191
Warning: TestConstraints found future collision at end of timestep 180
Agent 2 and 6 collide at location 225 at time 216
Warning: TestConstraints found future collision at timestep 181 (will be re-planned)
Agent 2 and 6 collide at location 225 at time 216
Warning: TestConstraints found future collision at end of timestep 181
Agent 2 and 6 collide at location 225 at time 216
Warning: TestConstraints found future collision at timestep 182 (will be re-planned)
Agent 2 and 6 collide at location 225 at time 216
Warning: TestConstraints found future collision at end of timestep 182
Agent 2 and 6 collide at location 225 at time 216
Warning: TestConstraints found future collision at timestep 183 (will be re-planned)
Agent 2 and 6 collide at location 225 at time 216
Warning: TestConstraints found future collision at end of timestep 183
Agent 0 and 1 collide at location 216 at time 203
Warning: TestConstraints found future collision at timestep 184 (will be re-planned)
Agent 0 and 1 collide at location 216 at time 203
Warning: TestConstraints found future collision at end of timestep 184
Agent 0 and 7 collide at location 551 at time 192
Warning: TestConstraints found future collision at timestep 185 (will be re-planned)
Agent 0 and 7 collide at location 551 at time 192
Warning: TestConstraints found future collision at end of timestep 185
Agent 2 and 6 collide at location 225 at time 216
Warning: TestConstraints found future collision at timestep 186 (will be re-planned)
Agent 2 and 6 collide at location 225 at time 216
Warning: TestConstraints found future collision at end of timestep 186
Agent 2 and 6 collide at location 225 at time 216
Warning: TestConstraints found future collision at timestep 187 (will be re-planned)
Agent 2 and 6 collide at location 225 at time 216
Warning: TestConstraints found future collision at end of timestep 187
Agent 2 and 6 collide at location 225 at time 216
Warning: TestConstraints found future collision at timestep 188 (will be re-planned)
Agent 2 and 6 collide at location 225 at time 216
Warning: TestConstraints found future collision at end of timestep 188
Agent 2 and 6 collide at location 225 at time 216
Warning: TestConstraints found future collision at timestep 189 (will be re-planned)
Agent 2 and 6 collide at location 225 at time 216
Warning: TestConstraints found future collision at end of timestep 189
Agent 2 and 6 collide at location 225 at time 216
Warning: TestConstraints found future collision at timestep 190 (will be re-planned)
Agent 2 and 6 collide at location 225 at time 216
Warning: TestConstraints found future collision at end of timestep 190
Agent 2 and 6 collide at location 225 at time 216
Warning: TestConstraints found future collision at timestep 191 (will be re-planned)
Agent 2 and 6 collide at location 225 at time 216
Warning: TestConstraints found future collision at end of timestep 191
Agent 3 and 4 collide at location 403 at time 227
Warning: TestConstraints found future collision at timestep 192 (will be re-planned)
Agent 3 and 4 collide at location 403 at time 227
Warning: TestConstraints found future collision at end of timestep 192
Agent 3 and 4 collide at location 403 at time 227
Warning: TestConstraints found future collision at timestep 193 (will be re-planned)
Agent 3 and 4 collide at location 403 at time 227
Warning: TestConstraints found future collision at end of timestep 193
Agent 3 and 4 collide at location 403 at time 227
Warning: TestConstraints found future collision at timestep 194 (will be re-planned)
Agent 3 and 4 collide at location 403 at time 227
Warning: TestConstraints found future collision at end of timestep 194
Agent 0 and 1 collide at location 216 at time 269
Warning: TestConstraints found future collision at timestep 196 (will be re-planned)
Agent 0 and 1 collide at location 216 at time 269
Warning: TestConstraints found future collision at end of timestep 196
Agent 0 and 1 collide at location 216 at time 269
Warning: TestConstraints found future collision at timestep 197 (will be re-planned)
Agent 0 and 1 collide at location 216 at time 269
Warning: TestConstraints found future collision at end of timestep 197
Agent 0 and 1 collide at location 216 at time 269
Warning: TestConstraints found future collision at timestep 198 (will be re-planned)
Agent 0 and 1 collide at location 216 at time 269
Warning: TestConstraints found future collision at end of timestep 198
Agent 0 and 1 collide at location 216 at time 269
Warning: TestConstraints found future collision at timestep 199 (will be re-planned)
Agent 0 and 1 collide at location 216 at time 269
Warning: TestConstraints found future collision at end of timestep 199
Agent 0 and 1 collide at location 216 at time 269
Warning: TestConstraints found future collision at timestep 200 (will be re-planned)
Agent 0 and 1 collide at location 216 at time 269
Warning: TestConstraints found future collision at end of timestep 200
Agent 0 and 1 collide at location 216 at time 269
Warning: TestConstraints found future collision at timestep 201 (will be re-planned)
Agent 0 and 1 collide at location 216 at time 269
Warning: TestConstraints found future collision at end of timestep 201
Agent 0 and 1 collide at location 216 at time 269
Warning: TestConstraints found future collision at timestep 202 (will be re-planned)
Agent 0 and 1 collide at location 216 at time 269
Warning: TestConstraints found future collision at end of timestep 202
Agent 0 and 1 collide at location 216 at time 269
Warning: TestConstraints found future collision at timestep 203 (will be re-planned)
Agent 0 and 1 collide at location 216 at time 269
Warning: TestConstraints found future collision at end of timestep 203
Agent 0 and 1 collide at location 216 at time 269
Warning: TestConstraints found future collision at timestep 204 (will be re-planned)
Agent 0 and 1 collide at location 216 at time 269
Warning: TestConstraints found future collision at end of timestep 204
Agent 0 and 1 collide at location 216 at time 269
Warning: TestConstraints found future collision at timestep 205 (will be re-planned)
Agent 0 and 1 collide at location 216 at time 269
Warning: TestConstraints found future collision at end of timestep 205
Agent 0 and 1 collide at location 216 at time 269
Warning: TestConstraints found future collision at timestep 206 (will be re-planned)
Agent 0 and 1 collide at location 216 at time 269
Warning: TestConstraints found future collision at end of timestep 206
Agent 0 and 1 collide at location 216 at time 269
Warning: TestConstraints found future collision at timestep 207 (will be re-planned)
Agent 0 and 1 collide at location 216 at time 269
Warning: TestConstraints found future collision at end of timestep 207
Agent 0 and 1 collide at location 216 at time 269
Warning: TestConstraints found future collision at timestep 208 (will be re-planned)
Agent 0 and 1 collide at location 216 at time 269
Warning: TestConstraints found future collision at end of timestep 208
Agent 0 and 1 collide at location 216 at time 269
Warning: TestConstraints found future collision at timestep 209 (will be re-planned)
Agent 0 and 1 collide at location 216 at time 269
Warning: TestConstraints found future collision at end of timestep 209
Agent 0 and 1 collide at location 216 at time 269
Warning: TestConstraints found future collision at timestep 210 (will be re-planned)
Agent 0 and 1 collide at location 216 at time 269
Warning: TestConstraints found future collision at end of timestep 210
Agent 0 and 1 collide at location 216 at time 269
Warning: TestConstraints found future collision at timestep 211 (will be re-planned)
Agent 0 and 1 collide at location 216 at time 269
Warning: TestConstraints found future collision at end of timestep 211
Agent 0 and 1 collide at location 216 at time 269
Warning: TestConstraints found future collision at timestep 212 (will be re-planned)
Agent 0 and 1 collide at location 216 at time 269
Warning: TestConstraints found future collision at end of timestep 212
Agent 0 and 1 collide at location 216 at time 269
Warning: TestConstraints found future collision at timestep 213 (will be re-planned)
Agent 0 and 1 collide at location 216 at time 269
Warning: TestConstraints found future collision at end of timestep 213
Agent 0 and 1 collide at location 216 at time 269
Warning: TestConstraints found future collision at timestep 214 (will be re-planned)
Agent 0 and 1 collide at location 216 at time 269
Warning: TestConstraints found future collision at end of timestep 214
Agent 0 and 1 collide at location 216 at time 269
Warning: TestConstraints found future collision at timestep 215 (will be re-planned)
Agent 0 and 1 collide at location 216 at time 269
Warning: TestConstraints found future collision at end of timestep 215
Agent 0 and 1 collide at location 216 at time 269
Warning: TestConstraints found future collision at timestep 216 (will be re-planned)
Agent 0 and 1 collide at location 216 at time 269
Warning: TestConstraints found future collision at end of timestep 216
Agent 0 and 1 collide at location 216 at time 269
Warning: TestConstraints found future collision at timestep 217 (will be re-planned)
Agent 0 and 1 collide at location 216 at time 269
Warning: TestConstraints found future collision at end of timestep 217
Agent 0 and 1 collide at location 216 at time 269
Warning: TestConstraints found future collision at timestep 218 (will be re-planned)
Agent 0 and 1 collide at location 216 at time 269
Warning: TestConstraints found future collision at end of timestep 218
Agent 0 and 1 collide at location 216 at time 269
Warning: TestConstraints found future collision at timestep 219 (will be re-planned)
Agent 0 and 1 collide at location 216 at time 269
Warning: TestConstraints found future collision at end of timestep 219
Agent 0 and 1 collide at location 216 at time 269
Warning: TestConstraints found future collision at timestep 220 (will be re-planned)
Agent 0 and 1 collide at location 216 at time 269
Warning: TestConstraints found future collision at end of timestep 220
Agent 0 and 1 collide at location 216 at time 269
Warning: TestConstraints found future collision at timestep 221 (will be re-planned)
Agent 0 and 1 collide at location 216 at time 269
Warning: TestConstraints found future collision at end of timestep 221
Agent 0 and 1 collide at location 216 at time 269
Warning: TestConstraints found future collision at timestep 222 (will be re-planned)
Agent 0 and 1 collide at location 216 at time 269
Warning: TestConstraints found future collision at end of timestep 222
Agent 0 and 1 collide at location 216 at time 269
Warning: TestConstraints found future collision at timestep 223 (will be re-planned)
Agent 0 and 1 collide at location 216 at time 269
Warning: TestConstraints found future collision at end of timestep 223
Agent 0 and 1 collide at location 216 at time 269
Warning: TestConstraints found future collision at timestep 224 (will be re-planned)
Agent 0 and 1 collide at location 216 at time 269
Warning: TestConstraints found future collision at end of timestep 224
Agent 0 and 1 collide at location 216 at time 269
Warning: TestConstraints found future collision at timestep 225 (will be re-planned)
Agent 0 and 1 collide at location 216 at time 269
Warning: TestConstraints found future collision at end of timestep 225
Agent 0 and 1 collide at location 216 at time 269
Warning: TestConstraints found future collision at timestep 226 (will be re-planned)
Agent 0 and 1 collide at location 216 at time 269
Warning: TestConstraints found future collision at end of timestep 226
Agent 0 and 1 collide at location 216 at time 269
Warning: TestConstraints found future collision at timestep 227 (will be re-planned)
Agent 0 and 1 collide at location 216 at time 269
Warning: TestConstraints found future collision at end of timestep 227
Agent 3 and 7 collide at location 551 at time 253
Warning: TestConstraints found future collision at timestep 228 (will be re-planned)
Agent 3 and 7 collide at location 551 at time 253
Warning: TestConstraints found future collision at end of timestep 228
Agent 3 and 7 collide at location 551 at time 253
Warning: TestConstraints found future collision at timestep 229 (will be re-planned)
Agent 3 and 7 collide at location 551 at time 253
Warning: TestConstraints found future collision at end of timestep 229
Agent 3 and 7 collide at location 551 at time 253
Warning: TestConstraints found future collision at timestep 230 (will be re-planned)
Agent 3 and 7 collide at location 551 at time 253
Warning: TestConstraints found future collision at end of timestep 230
Agent 3 and 7 collide at location 551 at time 253
Warning: TestConstraints found future collision at timestep 231 (will be re-planned)
Agent 3 and 7 collide at location 551 at time 253
Warning: TestConstraints found future collision at end of timestep 231
Agent 3 and 7 collide at location 551 at time 253
Warning: TestConstraints found future collision at timestep 232 (will be re-planned)
Agent 3 and 7 collide at location 551 at time 253
Warning: TestConstraints found future collision at end of timestep 232
Agent 3 and 7 collide at location 551 at time 253
Warning: TestConstraints found future collision at timestep 233 (will be re-planned)
Agent 3 and 7 collide at location 551 at time 253
Warning: TestConstraints found future collision at end of timestep 233
Agent 0 and 1 collide at location 216 at time 295
Warning: TestConstraints found future collision at timestep 238 (will be re-planned)
Agent 0 and 1 collide at location 216 at time 295
Warning: TestConstraints found future collision at end of timestep 238
Agent 0 and 1 collide at location 216 at time 295
Warning: TestConstraints found future collision at timestep 239 (will be re-planned)
Agent 0 and 1 collide at location 216 at time 295
Warning: TestConstraints found future collision at end of timestep 239
Agent 0 and 1 collide at location 216 at time 295
Warning: TestConstraints found future collision at timestep 240 (will be re-planned)
Agent 0 and 1 collide at location 216 at time 295
Warning: TestConstraints found future collision at end of timestep 240
Agent 0 and 1 collide at location 216 at time 295
Warning: TestConstraints found future collision at timestep 241 (will be re-planned)
Agent 0 and 1 collide at location 216 at time 295
Warning: TestConstraints found future collision at end of timestep 241
Agent 0 and 1 collide at location 216 at time 295
Warning: TestConstraints found future collision at timestep 242 (will be re-planned)
Agent 0 and 1 collide at location 216 at time 295
Warning: TestConstraints found future collision at end of timestep 242
Agent 0 and 1 collide at location 216 at time 295
Warning: TestConstraints found future collision at timestep 243 (will be re-planned)
Agent 0 and 1 collide at location 216 at time 295
Warning: TestConstraints found future collision at end of timestep 243
Agent 0 and 1 collide at location 216 at time 295
Warning: TestConstraints found future collision at timestep 244 (will be re-planned)
Agent 0 and 1 collide at location 216 at time 295
Warning: TestConstraints found future collision at end of timestep 244
Agent 0 and 1 collide at location 216 at time 295
Warning: TestConstraints found future collision at timestep 245 (will be re-planned)
Agent 0 and 1 collide at location 216 at time 295
Warning: TestConstraints found future collision at end of timestep 245
Agent 3 and 5 collide at edge 87-88 at time 264
Warning: TestConstraints found future collision at timestep 246 (will be re-planned)
Agent 3 and 5 collide at edge 87-88 at time 264
Warning: TestConstraints found future collision at end of timestep 246
Agent 3 and 5 collide at edge 87-88 at time 264
Warning: TestConstraints found future collision at timestep 247 (will be re-planned)
Agent 3 and 5 collide at edge 87-88 at time 264
Warning: TestConstraints found future collision at end of timestep 247
Agent 1 and 7 collide at location 523 at time 273
Warning: TestConstraints found future collision at timestep 248 (will be re-planned)
Agent 1 and 7 collide at location 523 at time 273
Warning: TestConstraints found future collision at end of timestep 248
Agent 1 and 7 collide at location 523 at time 273
Warning: TestConstraints found future collision at timestep 249 (will be re-planned)
Agent 1 and 7 collide at location 523 at time 273
Warning: TestConstraints found future collision at end of timestep 249
Agent 1 and 7 collide at location 523 at time 273
Warning: TestConstraints found future collision at timestep 250 (will be re-planned)
Agent 1 and 7 collide at location 523 at time 273
Warning: TestConstraints found future collision at end of timestep 250
Agent 1 and 7 collide at location 523 at time 273
Warning: TestConstraints found future collision at timestep 251 (will be re-planned)
Agent 1 and 7 collide at location 523 at time 273
Warning: TestConstraints found future collision at end of timestep 251
Agent 1 and 7 collide at location 523 at time 273
Warning: TestConstraints found future collision at timestep 252 (will be re-planned)
Agent 1 and 7 collide at location 523 at time 273
Warning: TestConstraints found future collision at end of timestep 252
Agent 1 and 7 collide at location 523 at time 273
Warning: TestConstraints found future collision at timestep 253 (will be re-planned)
Agent 1 and 7 collide at location 523 at time 273
Warning: TestConstraints found future collision at end of timestep 253
Agent 1 and 7 collide at location 523 at time 273
Warning: TestConstraints found future collision at timestep 254 (will be re-planned)
Agent 1 and 7 collide at location 523 at time 273
Warning: TestConstraints found future collision at end of timestep 254
Agent 1 and 7 collide at location 523 at time 273
Warning: TestConstraints found future collision at timestep 255 (will be re-planned)
Agent 1 and 7 collide at location 523 at time 273
Warning: TestConstraints found future collision at end of timestep 255
Agent 1 and 7 collide at location 523 at time 273
Warning: TestConstraints found future collision at timestep 256 (will be re-planned)
Agent 1 and 7 collide at location 523 at time 273
Warning: TestConstraints found future collision at end of timestep 256
Agent 1 and 7 collide at location 523 at time 273
Warning: TestConstraints found future collision at timestep 257 (will be re-planned)
Agent 1 and 7 collide at location 523 at time 273
Warning: TestConstraints found future collision at end of timestep 257
Agent 1 and 7 collide at location 523 at time 273
Warning: TestConstraints found future collision at timestep 258 (will be re-planned)
Agent 1 and 7 collide at location 523 at time 273
Warning: TestConstraints found future collision at end of timestep 258
Agent 1 and 7 collide at location 523 at time 273
Warning: TestConstraints found future collision at timestep 259 (will be re-planned)
Agent 1 and 7 collide at location 523 at time 273
Warning: TestConstraints found future collision at end of timestep 259
Agent 1 and 7 collide at location 523 at time 273
Warning: TestConstraints found future collision at timestep 260 (will be re-planned)
Agent 1 and 7 collide at location 523 at time 273
Warning: TestConstraints found future collision at end of timestep 260
Agent 1 and 7 collide at location 523 at time 273
Warning: TestConstraints found future collision at timestep 261 (will be re-planned)
Agent 1 and 7 collide at location 523 at time 273
Warning: TestConstraints found future collision at end of timestep 261
Agent 1 and 7 collide at location 523 at time 273
Warning: TestConstraints found future collision at timestep 262 (will be re-planned)
Agent 1 and 7 collide at location 523 at time 273
Warning: TestConstraints found future collision at end of timestep 262
Agent 1 and 7 collide at location 523 at time 273
Warning: TestConstraints found future collision at timestep 263 (will be re-planned)
Agent 1 and 7 collide at location 523 at time 273
Warning: TestConstraints found future collision at end of timestep 263
Agent 1 and 7 collide at location 523 at time 273
Warning: TestConstraints found future collision at timestep 264 (will be re-planned)
Agent 1 and 7 collide at location 523 at time 273
Warning: TestConstraints found future collision at end of timestep 264
Agent 1 and 7 collide at location 523 at time 273
Warning: TestConstraints found future collision at timestep 265 (will be re-planned)
Agent 1 and 7 collide at location 523 at time 273
Warning: TestConstraints found future collision at end of timestep 265
Agent 0 and 5 collide at location 388 at time 285
Warning: TestConstraints found future collision at timestep 266 (will be re-planned)
Agent 0 and 5 collide at location 388 at time 285
Warning: TestConstraints found future collision at end of timestep 266
Agent 0 and 5 collide at location 388 at time 285
Warning: TestConstraints found future collision at timestep 267 (will be re-planned)
Agent 0 and 5 collide at location 388 at time 285
Warning: TestConstraints found future collision at end of timestep 267
Agent 0 and 6 collide at location 387 at time 284
Warning: TestConstraints found future collision at timestep 268 (will be re-planned)
Agent 0 and 6 collide at location 387 at time 284
Warning: TestConstraints found future collision at end of timestep 268
Agent 0 and 6 collide at location 387 at time 284
Warning: TestConstraints found future collision at timestep 269 (will be re-planned)
Agent 0 and 6 collide at location 387 at time 284
Warning: TestConstraints found future collision at end of timestep 269
Agent 0 and 6 collide at location 387 at time 284
Warning: TestConstraints found future collision at timestep 270 (will be re-planned)
Agent 0 and 6 collide at location 387 at time 284
Warning: TestConstraints found future collision at end of timestep 270
Agent 0 and 6 collide at location 387 at time 284
Warning: TestConstraints found future collision at timestep 271 (will be re-planned)
Agent 0 and 6 collide at location 387 at time 284
Warning: TestConstraints found future collision at end of timestep 271
Agent 0 and 6 collide at location 387 at time 284
Warning: TestConstraints found future collision at timestep 272 (will be re-planned)
Agent 0 and 6 collide at location 387 at time 284
Warning: TestConstraints found future collision at end of timestep 272
Agent 0 and 6 collide at location 387 at time 284
Warning: TestConstraints found future collision at timestep 273 (will be re-planned)
Agent 0 and 6 collide at location 387 at time 284
Warning: TestConstraints found future collision at end of timestep 273
Agent 0 and 6 collide at location 387 at time 284
Warning: TestConstraints found future collision at timestep 274 (will be re-planned)
Agent 0 and 6 collide at location 387 at time 284
Warning: TestConstraints found future collision at end of timestep 274
Agent 0 and 6 collide at location 387 at time 284
Warning: TestConstraints found future collision at timestep 275 (will be re-planned)
Agent 0 and 6 collide at location 387 at time 284
Warning: TestConstraints found future collision at end of timestep 275
Agent 0 and 6 collide at location 387 at time 284
Warning: TestConstraints found future collision at timestep 276 (will be re-planned)
Agent 0 and 6 collide at location 387 at time 284
Warning: TestConstraints found future collision at end of timestep 276
Agent 0 and 6 collide at location 387 at time 284
Warning: TestConstraints found future collision at timestep 277 (will be re-planned)
Agent 0 and 6 collide at location 387 at time 284
Warning: TestConstraints found future collision at end of timestep 277
Agent 0 and 6 collide at location 387 at time 284
Warning: TestConstraints found future collision at timestep 278 (will be re-planned)
Agent 0 and 6 collide at location 387 at time 284
Warning: TestConstraints found future collision at end of timestep 278
Agent 0 and 6 collide at location 387 at time 284
Warning: TestConstraints found future collision at timestep 279 (will be re-planned)
Agent 0 and 6 collide at location 387 at time 284
Warning: TestConstraints found future collision at end of timestep 279
Agent 0 and 6 collide at location 387 at time 284
Warning: TestConstraints found future collision at timestep 280 (will be re-planned)
Agent 0 and 6 collide at location 387 at time 284
Warning: TestConstraints found future collision at end of timestep 280
Agent 6 and 8 collide at location 385 at time 286
Warning: TestConstraints found future collision at timestep 281 (will be re-planned)
Agent 6 and 8 collide at location 385 at time 286
Warning: TestConstraints found future collision at end of timestep 281
Agent 0 and 1 collide at location 216 at time 329
Warning: TestConstraints found future collision at timestep 282 (will be re-planned)
Agent 0 and 1 collide at location 216 at time 329
Warning: TestConstraints found future collision at end of timestep 282
Agent 0 and 1 collide at location 216 at time 329
Warning: TestConstraints found future collision at timestep 283 (will be re-planned)
Agent 0 and 1 collide at location 216 at time 329
Warning: TestConstraints found future collision at end of timestep 283
Agent 0 and 1 collide at location 216 at time 329
Warning: TestConstraints found future collision at timestep 284 (will be re-planned)
Agent 0 and 1 collide at location 216 at time 329
Warning: TestConstraints found future collision at end of timestep 284
Agent 0 and 1 collide at location 216 at time 329
Warning: TestConstraints found future collision at timestep 285 (will be re-planned)
Agent 0 and 1 collide at location 216 at time 329
Warning: TestConstraints found future collision at end of timestep 285
Agent 0 and 8 collide at location 378 at time 289
Warning: TestConstraints found future collision at timestep 286 (will be re-planned)
Agent 0 and 8 collide at location 378 at time 289
Warning: TestConstraints found future collision at end of timestep 286
Agent 2 and 6 collide at location 521 at time 314
Warning: TestConstraints found future collision at timestep 287 (will be re-planned)
Agent 2 and 6 collide at location 521 at time 314
Warning: TestConstraints found future collision at end of timestep 287
Agent 2 and 6 collide at location 521 at time 314
Warning: TestConstraints found future collision at timestep 288 (will be re-planned)
Agent 2 and 6 collide at location 521 at time 314
Warning: TestConstraints found future collision at end of timestep 288
Agent 2 and 6 collide at location 521 at time 314
Warning: TestConstraints found future collision at timestep 289 (will be re-planned)
Agent 2 and 6 collide at location 521 at time 314
Warning: TestConstraints found future collision at end of timestep 289
Agent 2 and 7 collide at edge 533-532 at time 303
Warning: TestConstraints found future collision at timestep 290 (will be re-planned)
Agent 2 and 7 collide at edge 533-532 at time 303
Warning: TestConstraints found future collision at end of timestep 290
Agent 2 and 7 collide at edge 533-532 at time 303
Warning: TestConstraints found future collision at timestep 291 (will be re-planned)
Agent 2 and 7 collide at edge 533-532 at time 303
Warning: TestConstraints found future collision at end of timestep 291
Agent 2 and 6 collide at location 225 at time 332
Warning: TestConstraints found future collision at timestep 292 (will be re-planned)
Agent 2 and 6 collide at location 225 at time 332
Warning: TestConstraints found future collision at end of timestep 292
Agent 2 and 6 collide at location 225 at time 332
Warning: TestConstraints found future collision at timestep 293 (will be re-planned)
Agent 2 and 6 collide at location 225 at time 332
Warning: TestConstraints found future collision at end of timestep 293
Agent 2 and 6 collide at location 225 at time 332
Warning: TestConstraints found future collision at timestep 294 (will be re-planned)
Agent 2 and 6 collide at location 225 at time 332
Warning: TestConstraints found future collision at end of timestep 294
Agent 2 and 6 collide at location 225 at time 332
Warning: TestConstraints found future collision at timestep 295 (will be re-planned)
Agent 2 and 6 collide at location 225 at time 332
Warning: TestConstraints found future collision at end of timestep 295
Agent 2 and 6 collide at location 225 at time 332
Warning: TestConstraints found future collision at timestep 296 (will be re-planned)
Agent 2 and 6 collide at location 225 at time 332
Warning: TestConstraints found future collision at end of timestep 296
Agent 2 and 6 collide at location 225 at time 332
Warning: TestConstraints found future collision at timestep 297 (will be re-planned)
Agent 2 and 6 collide at location 225 at time 332
Warning: TestConstraints found future collision at end of timestep 297
Agent 0 and 1 collide at location 216 at time 343
Warning: TestConstraints found future collision at timestep 298 (will be re-planned)
Agent 0 and 1 collide at location 216 at time 343
Warning: TestConstraints found future collision at end of timestep 298
Agent 0 and 1 collide at location 216 at time 343
Warning: TestConstraints found future collision at timestep 299 (will be re-planned)
Agent 0 and 1 collide at location 216 at time 343
Warning: TestConstraints found future collision at end of timestep 299
Agent 0 and 1 collide at location 216 at time 343
Warning: TestConstraints found future collision at timestep 300 (will be re-planned)
Agent 0 and 1 collide at location 216 at time 343
Warning: TestConstraints found future collision at end of timestep 300
Agent 0 and 1 collide at location 216 at time 343
Warning: TestConstraints found future collision at timestep 301 (will be re-planned)
Agent 0 and 1 collide at location 216 at time 343
Warning: TestConstraints found future collision at end of timestep 301
Agent 0 and 1 collide at location 216 at time 343
Warning: TestConstraints found future collision at timestep 302 (will be re-planned)
Agent 0 and 1 collide at location 216 at time 343
Warning: TestConstraints found future collision at end of timestep 302
Agent 0 and 1 collide at location 216 at time 343
Warning: TestConstraints found future collision at timestep 303 (will be re-planned)
Agent 0 and 1 collide at location 216 at time 343
Warning: TestConstraints found future collision at end of timestep 303
Agent 0 and 1 collide at location 216 at time 343
Warning: TestConstraints found future collision at timestep 304 (will be re-planned)
Agent 0 and 1 collide at location 216 at time 343
Warning: TestConstraints found future collision at end of timestep 304
Agent 0 and 1 collide at location 216 at time 343
Warning: TestConstraints found future collision at timestep 305 (will be re-planned)
Agent 0 and 1 collide at location 216 at time 343
Warning: TestConstraints found future collision at end of timestep 305
Agent 0 and 1 collide at location 216 at time 343
Warning: TestConstraints found future collision at timestep 306 (will be re-planned)
Agent 0 and 1 collide at location 216 at time 343
Warning: TestConstraints found future collision at end of timestep 306
Agent 0 and 1 collide at location 216 at time 343
Warning: TestConstraints found future collision at timestep 307 (will be re-planned)
Agent 0 and 1 collide at location 216 at time 343
Warning: TestConstraints found future collision at end of timestep 307
Agent 0 and 1 collide at location 216 at time 343
Warning: TestConstraints found future collision at timestep 308 (will be re-planned)
Agent 0 and 1 collide at location 216 at time 343
Warning: TestConstraints found future collision at end of timestep 308
Agent 0 and 1 collide at location 216 at time 343
Warning: TestConstraints found future collision at timestep 309 (will be re-planned)
Agent 0 and 1 collide at location 216 at time 343
Warning: TestConstraints found future collision at end of timestep 309
Agent 0 and 1 collide at location 216 at time 343
Warning: TestConstraints found future collision at timestep 310 (will be re-planned)
Agent 0 and 1 collide at location 216 at time 343
Warning: TestConstraints found future collision at end of timestep 310
Agent 0 and 1 collide at location 216 at time 343
Warning: TestConstraints found future collision at timestep 311 (will be re-planned)
Agent 0 and 1 collide at location 216 at time 343
Warning: TestConstraints found future collision at end of timestep 311
Agent 0 and 1 collide at location 216 at time 343
Warning: TestConstraints found future collision at timestep 312 (will be re-planned)
Agent 0 and 1 collide at location 216 at time 343
Warning: TestConstraints found future collision at end of timestep 312
Agent 0 and 1 collide at location 216 at time 343
Warning: TestConstraints found future collision at timestep 313 (will be re-planned)
Agent 0 and 1 collide at location 216 at time 343
Warning: TestConstraints found future collision at end of timestep 313
Agent 0 and 1 collide at location 216 at time 351
Warning: TestConstraints found future collision at timestep 314 (will be re-planned)
Agent 0 and 1 collide at location 216 at time 351
Warning: TestConstraints found future collision at end of timestep 314
Agent 0 and 1 collide at location 216 at time 351
Warning: TestConstraints found future collision at timestep 315 (will be re-planned)
Agent 0 and 1 collide at location 216 at time 351
Warning: TestConstraints found future collision at end of timestep 315
Agent 0 and 1 collide at location 216 at time 351
Warning: TestConstraints found future collision at timestep 316 (will be re-planned)
Agent 0 and 1 collide at location 216 at time 351
Warning: TestConstraints found future collision at end of timestep 316
Agent 0 and 1 collide at location 216 at time 351
Warning: TestConstraints found future collision at timestep 317 (will be re-planned)
Agent 0 and 1 collide at location 216 at time 351
Warning: TestConstraints found future collision at end of timestep 317
Agent 0 and 1 collide at location 216 at time 351
Warning: TestConstraints found future collision at timestep 318 (will be re-planned)
Agent 0 and 1 collide at location 216 at time 351
Warning: TestConstraints found future collision at end of timestep 318
Agent 0 and 1 collide at location 216 at time 351
Warning: TestConstraints found future collision at timestep 319 (will be re-planned)
Agent 0 and 1 collide at location 216 at time 351
Warning: TestConstraints found future collision at end of timestep 319
Agent 0 and 1 collide at location 216 at time 351
Warning: TestConstraints found future collision at timestep 320 (will be re-planned)
Agent 0 and 1 collide at location 216 at time 351
Warning: TestConstraints found future collision at end of timestep 320
Agent 0 and 1 collide at location 216 at time 351
Warning: TestConstraints found future collision at timestep 321 (will be re-planned)
Agent 0 and 1 collide at location 216 at time 351
Warning: TestConstraints found future collision at end of timestep 321
Agent 0 and 1 collide at location 216 at time 351
Warning: TestConstraints found future collision at timestep 322 (will be re-planned)
Agent 0 and 1 collide at location 216 at time 351
Warning: TestConstraints found future collision at end of timestep 322
Agent 0 and 1 collide at location 216 at time 351
Warning: TestConstraints found future collision at timestep 323 (will be re-planned)
Agent 0 and 1 collide at location 216 at time 351
Warning: TestConstraints found future collision at end of timestep 323
Agent 0 and 1 collide at location 216 at time 351
Warning: TestConstraints found future collision at timestep 324 (will be re-planned)
Agent 0 and 1 collide at location 216 at time 351
Warning: TestConstraints found future collision at end of timestep 324
Agent 0 and 1 collide at location 216 at time 351
Warning: TestConstraints found future collision at timestep 325 (will be re-planned)
Agent 0 and 1 collide at location 216 at time 351
Warning: TestConstraints found future collision at end of timestep 325
Agent 0 and 1 collide at location 216 at time 351
Warning: TestConstraints found future collision at timestep 326 (will be re-planned)
Agent 0 and 1 collide at location 216 at time 351
Warning: TestConstraints found future collision at end of timestep 326
Agent 0 and 1 collide at location 216 at time 351
Warning: TestConstraints found future collision at timestep 327 (will be re-planned)
Agent 0 and 1 collide at location 216 at time 351
Warning: TestConstraints found future collision at end of timestep 327
Agent 0 and 1 collide at location 216 at time 351
Warning: TestConstraints found future collision at timestep 328 (will be re-planned)
Agent 0 and 1 collide at location 216 at time 351
Warning: TestConstraints found future collision at end of timestep 328
Agent 0 and 1 collide at location 216 at time 351
Warning: TestConstraints found future collision at timestep 329 (will be re-planned)
Agent 0 and 1 collide at location 216 at time 351
Warning: TestConstraints found future collision at end of timestep 329
Agent 0 and 1 collide at location 216 at time 351
Warning: TestConstraints found future collision at timestep 330 (will be re-planned)
Agent 0 and 1 collide at location 216 at time 351
Warning: TestConstraints found future collision at end of timestep 330
Agent 0 and 1 collide at location 216 at time 351
Warning: TestConstraints found future collision at timestep 331 (will be re-planned)
Agent 0 and 1 collide at location 216 at time 351
Warning: TestConstraints found future collision at end of timestep 331
Agent 0 and 1 collide at location 216 at time 375
Warning: TestConstraints found future collision at timestep 332 (will be re-planned)
Agent 0 and 1 collide at location 216 at time 375
Warning: TestConstraints found future collision at end of timestep 332
Agent 0 and 1 collide at location 216 at time 375
Warning: TestConstraints found future collision at timestep 333 (will be re-planned)
Agent 0 and 1 collide at location 216 at time 375
Warning: TestConstraints found future collision at end of timestep 333
Agent 0 and 1 collide at location 216 at time 375
Warning: TestConstraints found future collision at timestep 334 (will be re-planned)
Agent 0 and 1 collide at location 216 at time 375
Warning: TestConstraints found future collision at end of timestep 334
Agent 0 and 1 collide at location 216 at time 375
Warning: TestConstraints found future collision at timestep 335 (will be re-planned)
Agent 0 and 1 collide at location 216 at time 375
Warning: TestConstraints found future collision at end of timestep 335
Agent 0 and 1 collide at location 216 at time 375
Warning: TestConstraints found future collision at timestep 336 (will be re-planned)
Agent 0 and 1 collide at location 216 at time 375
Warning: TestConstraints found future collision at end of timestep 336
Agent 0 and 1 collide at location 216 at time 375
Warning: TestConstraints found future collision at timestep 337 (will be re-planned)
Agent 0 and 1 collide at location 216 at time 375
Warning: TestConstraints found future collision at end of timestep 337
Agent 0 and 1 collide at location 216 at time 375
Warning: TestConstraints found future collision at timestep 338 (will be re-planned)
Agent 0 and 1 collide at location 216 at time 375
Warning: TestConstraints found future collision at end of timestep 338
Agent 0 and 1 collide at location 216 at time 375
Warning: TestConstraints found future collision at timestep 339 (will be re-planned)
Agent 0 and 1 collide at location 216 at time 375
Warning: TestConstraints found future collision at end of timestep 339
Agent 0 and 1 collide at location 216 at time 375
Warning: TestConstraints found future collision at timestep 340 (will be re-planned)
Agent 0 and 1 collide at location 216 at time 375
Warning: TestConstraints found future collision at end of timestep 340
Agent 0 and 1 collide at location 216 at time 375
Warning: TestConstraints found future collision at timestep 341 (will be re-planned)
Agent 0 and 1 collide at location 216 at time 375
Warning: TestConstraints found future collision at end of timestep 341
Agent 0 and 1 collide at location 216 at time 375
Warning: TestConstraints found future collision at timestep 342 (will be re-planned)
Agent 0 and 1 collide at location 216 at time 375
Warning: TestConstraints found future collision at end of timestep 342
Agent 0 and 1 collide at location 216 at time 375
Warning: TestConstraints found future collision at timestep 343 (will be re-planned)
Agent 0 and 1 collide at location 216 at time 375
Warning: TestConstraints found future collision at end of timestep 343
Agent 0 and 1 collide at location 216 at time 375
Warning: TestConstraints found future collision at timestep 344 (will be re-planned)
Agent 0 and 1 collide at location 216 at time 375
Warning: TestConstraints found future collision at end of timestep 344
Agent 0 and 1 collide at location 216 at time 385
Warning: TestConstraints found future collision at timestep 345 (will be re-planned)
Agent 0 and 1 collide at location 216 at time 385
Warning: TestConstraints found future collision at end of timestep 345
Agent 0 and 1 collide at location 216 at time 385
Warning: TestConstraints found future collision at timestep 346 (will be re-planned)
Agent 0 and 1 collide at location 216 at time 385
Warning: TestConstraints found future collision at end of timestep 346
Agent 0 and 1 collide at location 216 at time 385
Warning: TestConstraints found future collision at timestep 347 (will be re-planned)
Agent 0 and 1 collide at location 216 at time 385
Warning: TestConstraints found future collision at end of timestep 347
Agent 0 and 1 collide at location 216 at time 385
Warning: TestConstraints found future collision at timestep 348 (will be re-planned)
Agent 0 and 1 collide at location 216 at time 385
Warning: TestConstraints found future collision at end of timestep 348
Agent 2 and 6 collide at location 336 at time 389
Warning: TestConstraints found future collision at timestep 349 (will be re-planned)
Agent 2 and 6 collide at location 336 at time 389
Warning: TestConstraints found future collision at end of timestep 349
Agent 0 and 1 collide at location 216 at time 385
Warning: TestConstraints found future collision at timestep 350 (will be re-planned)
Agent 0 and 1 collide at location 216 at time 385
Warning: TestConstraints found future collision at end of timestep 350
Agent 0 and 1 collide at location 216 at time 385
Warning: TestConstraints found future collision at timestep 351 (will be re-planned)
Agent 0 and 1 collide at location 216 at time 385
Warning: TestConstraints found future collision at end of timestep 351
Agent 0 and 1 collide at location 216 at time 385
Warning: TestConstraints found future collision at timestep 352 (will be re-planned)
Agent 0 and 1 collide at location 216 at time 385
Warning: TestConstraints found future collision at end of timestep 352
Agent 0 and 1 collide at location 216 at time 385
Warning: TestConstraints found future collision at timestep 353 (will be re-planned)
Agent 0 and 1 collide at location 216 at time 385
Warning: TestConstraints found future collision at end of timestep 353
Agent 0 and 1 collide at location 216 at time 385
Warning: TestConstraints found future collision at timestep 354 (will be re-planned)
Agent 0 and 1 collide at location 216 at time 385
Warning: TestConstraints found future collision at end of timestep 354
Agent 0 and 1 collide at location 216 at time 385
Warning: TestConstraints found future collision at timestep 355 (will be re-planned)
Agent 0 and 1 collide at location 216 at time 385
Warning: TestConstraints found future collision at end of timestep 355
Agent 0 and 1 collide at location 216 at time 385
Warning: TestConstraints found future collision at timestep 356 (will be re-planned)
Agent 0 and 1 collide at location 216 at time 385
Warning: TestConstraints found future collision at end of timestep 356
Agent 0 and 1 collide at location 216 at time 405
Warning: TestConstraints found future collision at timestep 359 (will be re-planned)
Agent 0 and 1 collide at location 216 at time 405
Warning: TestConstraints found future collision at end of timestep 359
Agent 0 and 1 collide at location 216 at time 405
Warning: TestConstraints found future collision at timestep 360 (will be re-planned)
Agent 0 and 1 collide at location 216 at time 405
Warning: TestConstraints found future collision at end of timestep 360
Agent 0 and 1 collide at location 216 at time 405
Warning: TestConstraints found future collision at timestep 361 (will be re-planned)
Agent 0 and 1 collide at location 216 at time 405
Warning: TestConstraints found future collision at end of timestep 361
Agent 0 and 1 collide at location 216 at time 405
Warning: TestConstraints found future collision at timestep 362 (will be re-planned)
Agent 0 and 1 collide at location 216 at time 405
Warning: TestConstraints found future collision at end of timestep 362
Agent 0 and 1 collide at location 216 at time 405
Warning: TestConstraints found future collision at timestep 363 (will be re-planned)
Agent 0 and 1 collide at location 216 at time 405
Warning: TestConstraints found future collision at end of timestep 363
Agent 0 and 1 collide at location 216 at time 405
Warning: TestConstraints found future collision at timestep 364 (will be re-planned)
Agent 0 and 1 collide at location 216 at time 405
Warning: TestConstraints found future collision at end of timestep 364
Agent 0 and 1 collide at location 216 at time 405
Warning: TestConstraints found future collision at timestep 365 (will be re-planned)
Agent 0 and 1 collide at location 216 at time 405
Warning: TestConstraints found future collision at end of timestep 365
Agent 0 and 1 collide at location 216 at time 405
Warning: TestConstraints found future collision at timestep 366 (will be re-planned)
Agent 0 and 1 collide at location 216 at time 405
Warning: TestConstraints found future collision at end of timestep 366
Agent 0 and 1 collide at location 216 at time 405
Warning: TestConstraints found future collision at timestep 367 (will be re-planned)
Agent 0 and 1 collide at location 216 at time 405
Warning: TestConstraints found future collision at end of timestep 367
Agent 0 and 1 collide at location 216 at time 405
Warning: TestConstraints found future collision at timestep 368 (will be re-planned)
Agent 0 and 1 collide at location 216 at time 405
Warning: TestConstraints found future collision at end of timestep 368
Agent 0 and 1 collide at location 216 at time 405
Warning: TestConstraints found future collision at timestep 369 (will be re-planned)
Agent 0 and 1 collide at location 216 at time 405
Warning: TestConstraints found future collision at end of timestep 369
Agent 0 and 1 collide at location 216 at time 405
Warning: TestConstraints found future collision at timestep 370 (will be re-planned)
Agent 0 and 1 collide at location 216 at time 405
Warning: TestConstraints found future collision at end of timestep 370
Agent 0 and 1 collide at location 216 at time 405
Warning: TestConstraints found future collision at timestep 371 (will be re-planned)
Agent 0 and 1 collide at location 216 at time 405
Warning: TestConstraints found future collision at end of timestep 371
Agent 0 and 1 collide at location 216 at time 405
Warning: TestConstraints found future collision at timestep 372 (will be re-planned)
Agent 0 and 1 collide at location 216 at time 405
Warning: TestConstraints found future collision at end of timestep 372
Agent 0 and 1 collide at location 216 at time 405
Warning: TestConstraints found future collision at timestep 373 (will be re-planned)
Agent 0 and 1 collide at location 216 at time 405
Warning: TestConstraints found future collision at end of timestep 373
Agent 3 and 7 collide at location 551 at time 401
Warning: TestConstraints found future collision at timestep 374 (will be re-planned)
Agent 3 and 7 collide at location 551 at time 401
Warning: TestConstraints found future collision at end of timestep 374
Agent 4 and 7 collide at location 551 at time 409
Warning: TestConstraints found future collision at timestep 375 (will be re-planned)
Agent 4 and 7 collide at location 551 at time 409
Warning: TestConstraints found future collision at end of timestep 375
Agent 4 and 7 collide at location 551 at time 409
Warning: TestConstraints found future collision at timestep 376 (will be re-planned)
Agent 4 and 7 collide at location 551 at time 409
Warning: TestConstraints found future collision at end of timestep 376
Agent 4 and 7 collide at location 551 at time 409
Warning: TestConstraints found future collision at timestep 377 (will be re-planned)
Agent 4 and 7 collide at location 551 at time 409
Warning: TestConstraints found future collision at end of timestep 377
Agent 0 and 1 collide at location 216 at time 405
Warning: TestConstraints found future collision at timestep 378 (will be re-planned)
Agent 0 and 1 collide at location 216 at time 405
Warning: TestConstraints found future collision at end of timestep 378
Agent 0 and 1 collide at location 216 at time 405
Warning: TestConstraints found future collision at timestep 379 (will be re-planned)
Agent 0 and 1 collide at location 216 at time 405
Warning: TestConstraints found future collision at end of timestep 379
Agent 0 and 1 collide at location 216 at time 405
Warning: TestConstraints found future collision at timestep 380 (will be re-planned)
Agent 0 and 1 collide at location 216 at time 405
Warning: TestConstraints found future collision at end of timestep 380
Agent 0 and 1 collide at location 216 at time 405
Warning: TestConstraints found future collision at timestep 381 (will be re-planned)
Agent 0 and 1 collide at location 216 at time 405
Warning: TestConstraints found future collision at end of timestep 381
Agent 0 and 1 collide at location 216 at time 405
Warning: TestConstraints found future collision at timestep 382 (will be re-planned)
Agent 0 and 1 collide at location 216 at time 405
Warning: TestConstraints found future collision at end of timestep 382
Agent 0 and 1 collide at location 216 at time 405
Warning: TestConstraints found future collision at timestep 383 (will be re-planned)
Agent 0 and 1 collide at location 216 at time 405
Warning: TestConstraints found future collision at end of timestep 383
Agent 0 and 8 collide at location 610 at time 407
Warning: TestConstraints found future collision at timestep 384 (will be re-planned)
Agent 0 and 8 collide at location 610 at time 407
Warning: TestConstraints found future collision at end of timestep 384
Agent 0 and 8 collide at location 610 at time 407
Warning: TestConstraints found future collision at timestep 385 (will be re-planned)
Agent 0 and 8 collide at location 610 at time 407
Warning: TestConstraints found future collision at end of timestep 385
Agent 0 and 8 collide at location 610 at time 407
Warning: TestConstraints found future collision at timestep 386 (will be re-planned)
Agent 0 and 8 collide at location 610 at time 407
Warning: TestConstraints found future collision at end of timestep 386
Agent 0 and 8 collide at location 610 at time 407
Warning: TestConstraints found future collision at timestep 387 (will be re-planned)
Agent 0 and 8 collide at location 610 at time 407
Warning: TestConstraints found future collision at end of timestep 387
Agent 0 and 8 collide at location 610 at time 407
Warning: TestConstraints found future collision at timestep 388 (will be re-planned)
Agent 0 and 8 collide at location 610 at time 407
Warning: TestConstraints found future collision at end of timestep 388
Agent 0 and 8 collide at location 610 at time 407
Warning: TestConstraints found future collision at timestep 389 (will be re-planned)
Agent 0 and 8 collide at location 610 at time 407
Warning: TestConstraints found future collision at end of timestep 389
Agent 0 and 8 collide at location 610 at time 407
Warning: TestConstraints found future collision at timestep 390 (will be re-planned)
Agent 0 and 8 collide at location 610 at time 407
Warning: TestConstraints found future collision at end of timestep 390
Agent 0 and 8 collide at location 610 at time 407
Warning: TestConstraints found future collision at timestep 391 (will be re-planned)
Agent 0 and 8 collide at location 610 at time 407
Warning: TestConstraints found future collision at end of timestep 391
Agent 0 and 8 collide at location 610 at time 407
Warning: TestConstraints found future collision at timestep 392 (will be re-planned)
Agent 0 and 8 collide at location 610 at time 407
Warning: TestConstraints found future collision at end of timestep 392
Agent 2 and 6 collide at location 225 at time 442
Warning: TestConstraints found future collision at timestep 394 (will be re-planned)
Agent 2 and 6 collide at location 225 at time 442
Warning: TestConstraints found future collision at end of timestep 394
Agent 2 and 6 collide at location 225 at time 442
Warning: TestConstraints found future collision at timestep 395 (will be re-planned)
Agent 2 and 6 collide at location 225 at time 442
Warning: TestConstraints found future collision at end of timestep 395
Agent 2 and 6 collide at location 225 at time 442
Warning: TestConstraints found future collision at timestep 396 (will be re-planned)
Agent 2 and 6 collide at location 225 at time 442
Warning: TestConstraints found future collision at end of timestep 396
Agent 2 and 6 collide at location 225 at time 442
Warning: TestConstraints found future collision at timestep 397 (will be re-planned)
Agent 2 and 6 collide at location 225 at time 442
Warning: TestConstraints found future collision at end of timestep 397
Agent 2 and 6 collide at location 225 at time 442
Warning: TestConstraints found future collision at timestep 398 (will be re-planned)
Agent 2 and 6 collide at location 225 at time 442
Warning: TestConstraints found future collision at end of timestep 398
Agent 2 and 6 collide at location 225 at time 442
Warning: TestConstraints found future collision at timestep 399 (will be re-planned)
Agent 2 and 6 collide at location 225 at time 442
Warning: TestConstraints found future collision at end of timestep 399
Agent 2 and 6 collide at location 225 at time 442
Warning: TestConstraints found future collision at timestep 400 (will be re-planned)
Agent 2 and 6 collide at location 225 at time 442
Warning: TestConstraints found future collision at end of timestep 400
Agent 2 and 6 collide at location 225 at time 442
Warning: TestConstraints found future collision at timestep 401 (will be re-planned)
Agent 2 and 6 collide at location 225 at time 442
Warning: TestConstraints found future collision at end of timestep 401
Agent 2 and 6 collide at location 225 at time 442
Warning: TestConstraints found future collision at timestep 402 (will be re-planned)
Agent 2 and 6 collide at location 225 at time 442
Warning: TestConstraints found future collision at end of timestep 402
Agent 2 and 6 collide at location 225 at time 442
Warning: TestConstraints found future collision at timestep 403 (will be re-planned)
Agent 2 and 6 collide at location 225 at time 442
Warning: TestConstraints found future collision at end of timestep 403
Agent 1 and 7 collide at location 384 at time 418
Warning: TestConstraints found future collision at timestep 404 (will be re-planned)
Agent 1 and 7 collide at location 384 at time 418
Warning: TestConstraints found future collision at end of timestep 404
Agent 1 and 7 collide at location 384 at time 418
Warning: TestConstraints found future collision at timestep 405 (will be re-planned)
Agent 1 and 7 collide at location 384 at time 418
Warning: TestConstraints found future collision at end of timestep 405
Agent 1 and 7 collide at location 384 at time 418
Warning: TestConstraints found future collision at timestep 406 (will be re-planned)
Agent 1 and 7 collide at location 384 at time 418
Warning: TestConstraints found future collision at end of timestep 406
Agent 1 and 7 collide at location 384 at time 418
Warning: TestConstraints found future collision at timestep 407 (will be re-planned)
Agent 1 and 7 collide at location 384 at time 418
Warning: TestConstraints found future collision at end of timestep 407
Agent 1 and 7 collide at location 384 at time 418
Warning: TestConstraints found future collision at timestep 408 (will be re-planned)
Agent 1 and 7 collide at location 384 at time 418
Warning: TestConstraints found future collision at end of timestep 408
Agent 2 and 6 collide at location 225 at time 442
Warning: TestConstraints found future collision at timestep 409 (will be re-planned)
Agent 2 and 6 collide at location 225 at time 442
Warning: TestConstraints found future collision at end of timestep 409
Agent 2 and 6 collide at location 225 at time 442
Warning: TestConstraints found future collision at timestep 410 (will be re-planned)
Agent 2 and 6 collide at location 225 at time 442
Warning: TestConstraints found future collision at end of timestep 410
Agent 2 and 6 collide at location 225 at time 442
Warning: TestConstraints found future collision at timestep 411 (will be re-planned)
Agent 2 and 6 collide at location 225 at time 442
Warning: TestConstraints found future collision at end of timestep 411
Agent 2 and 6 collide at location 225 at time 442
Warning: TestConstraints found future collision at timestep 412 (will be re-planned)
Agent 2 and 6 collide at location 225 at time 442
Warning: TestConstraints found future collision at end of timestep 412
Agent 2 and 6 collide at location 225 at time 442
Warning: TestConstraints found future collision at timestep 413 (will be re-planned)
Agent 2 and 6 collide at location 225 at time 442
Warning: TestConstraints found future collision at end of timestep 413
Agent 2 and 6 collide at location 225 at time 442
Warning: TestConstraints found future collision at timestep 414 (will be re-planned)
Agent 2 and 6 collide at location 225 at time 442
Warning: TestConstraints found future collision at end of timestep 414
Agent 2 and 6 collide at location 225 at time 442
Warning: TestConstraints found future collision at timestep 415 (will be re-planned)
Agent 2 and 6 collide at location 225 at time 442
Warning: TestConstraints found future collision at end of timestep 415
Agent 3 and 4 collide at location 366 at time 454
Warning: TestConstraints found future collision at timestep 416 (will be re-planned)
Agent 3 and 4 collide at location 366 at time 454
Warning: TestConstraints found future collision at end of timestep 416
Agent 3 and 4 collide at location 366 at time 454
Warning: TestConstraints found future collision at timestep 417 (will be re-planned)
Agent 3 and 4 collide at location 366 at time 454
Warning: TestConstraints found future collision at end of timestep 417
Agent 3 and 4 collide at location 366 at time 454
Warning: TestConstraints found future collision at timestep 418 (will be re-planned)
Agent 3 and 4 collide at location 366 at time 454
Warning: TestConstraints found future collision at end of timestep 418
Agent 3 and 4 collide at location 366 at time 454
Warning: TestConstraints found future collision at timestep 419 (will be re-planned)
Agent 3 and 4 collide at location 366 at time 454
Warning: TestConstraints found future collision at end of timestep 419
Agent 3 and 4 collide at location 366 at time 454
Warning: TestConstraints found future collision at timestep 420 (will be re-planned)
Agent 3 and 4 collide at location 366 at time 454
Warning: TestConstraints found future collision at end of timestep 420
Agent 2 and 6 collide at edge 262-225 at time 443
Warning: TestConstraints found future collision at timestep 424 (will be re-planned)
Agent 2 and 6 collide at edge 262-225 at time 443
Warning: TestConstraints found future collision at end of timestep 424
Agent 2 and 6 collide at edge 262-225 at time 443
Warning: TestConstraints found future collision at timestep 425 (will be re-planned)
Agent 2 and 6 collide at edge 262-225 at time 443
Warning: TestConstraints found future collision at end of timestep 425
Agent 2 and 6 collide at edge 262-225 at time 443
Warning: TestConstraints found future collision at timestep 426 (will be re-planned)
Agent 2 and 6 collide at edge 262-225 at time 443
Warning: TestConstraints found future collision at end of timestep 426
Agent 2 and 6 collide at edge 262-225 at time 443
Warning: TestConstraints found future collision at timestep 427 (will be re-planned)
Agent 2 and 6 collide at edge 262-225 at time 443
Warning: TestConstraints found future collision at end of timestep 427
Agent 2 and 6 collide at edge 262-225 at time 443
Warning: TestConstraints found future collision at timestep 428 (will be re-planned)
Agent 2 and 6 collide at edge 262-225 at time 443
Warning: TestConstraints found future collision at end of timestep 428
Agent 2 and 6 collide at edge 262-225 at time 443
Warning: TestConstraints found future collision at timestep 429 (will be re-planned)
Agent 2 and 6 collide at edge 262-225 at time 443
Warning: TestConstraints found future collision at end of timestep 429
Agent 2 and 6 collide at edge 262-225 at time 443
Warning: TestConstraints found future collision at timestep 430 (will be re-planned)
Agent 2 and 6 collide at edge 262-225 at time 443
Warning: TestConstraints found future collision at end of timestep 430
Agent 2 and 6 collide at edge 262-225 at time 443
Warning: TestConstraints found future collision at timestep 431 (will be re-planned)
Agent 2 and 6 collide at edge 262-225 at time 443
Warning: TestConstraints found future collision at end of timestep 431
Agent 2 and 6 collide at edge 262-225 at time 443
Warning: TestConstraints found future collision at timestep 432 (will be re-planned)
Agent 2 and 6 collide at edge 262-225 at time 443
Warning: TestConstraints found future collision at end of timestep 432
Agent 2 and 6 collide at edge 262-225 at time 443
Warning: TestConstraints found future collision at timestep 433 (will be re-planned)
Agent 2 and 6 collide at edge 262-225 at time 443
Warning: TestConstraints found future collision at end of timestep 433
Agent 3 and 4 collide at location 366 at time 478
Warning: TestConstraints found future collision at timestep 434 (will be re-planned)
Agent 3 and 4 collide at location 366 at time 478
Warning: TestConstraints found future collision at end of timestep 434
Agent 3 and 4 collide at location 366 at time 478
Warning: TestConstraints found future collision at timestep 435 (will be re-planned)
Agent 3 and 4 collide at location 366 at time 478
Warning: TestConstraints found future collision at end of timestep 435
Agent 3 and 4 collide at location 366 at time 478
Warning: TestConstraints found future collision at timestep 436 (will be re-planned)
Agent 3 and 4 collide at location 366 at time 478
Warning: TestConstraints found future collision at end of timestep 436
Agent 3 and 4 collide at location 366 at time 478
Warning: TestConstraints found future collision at timestep 437 (will be re-planned)
Agent 3 and 4 collide at location 366 at time 478
Warning: TestConstraints found future collision at end of timestep 437
Agent 3 and 4 collide at location 366 at time 478
Warning: TestConstraints found future collision at timestep 438 (will be re-planned)
Agent 3 and 4 collide at location 366 at time 478
Warning: TestConstraints found future collision at end of timestep 438
Agent 3 and 4 collide at location 366 at time 478
Warning: TestConstraints found future collision at timestep 439 (will be re-planned)
Agent 3 and 4 collide at location 366 at time 478
Warning: TestConstraints found future collision at end of timestep 439
Agent 3 and 4 collide at location 366 at time 478
Warning: TestConstraints found future collision at timestep 440 (will be re-planned)
Agent 3 and 4 collide at location 366 at time 478
Warning: TestConstraints found future collision at end of timestep 440
Agent 3 and 4 collide at location 366 at time 478
Warning: TestConstraints found future collision at timestep 441 (will be re-planned)
Agent 3 and 4 collide at location 366 at time 478
Warning: TestConstraints found future collision at end of timestep 441
Agent 0 and 1 collide at location 216 at time 485
Warning: TestConstraints found future collision at timestep 443 (will be re-planned)
Agent 0 and 1 collide at location 216 at time 485
Warning: TestConstraints found future collision at end of timestep 443
Agent 0 and 1 collide at location 216 at time 485
Warning: TestConstraints found future collision at timestep 444 (will be re-planned)
Agent 0 and 1 collide at location 216 at time 485
Warning: TestConstraints found future collision at end of timestep 444
Agent 0 and 1 collide at location 216 at time 485
Warning: TestConstraints found future collision at timestep 445 (will be re-planned)
Agent 0 and 1 collide at location 216 at time 485
Warning: TestConstraints found future collision at end of timestep 445
Agent 0 and 1 collide at location 216 at time 485
Warning: TestConstraints found future collision at timestep 446 (will be re-planned)
Agent 0 and 1 collide at location 216 at time 485
Warning: TestConstraints found future collision at end of timestep 446
Agent 0 and 1 collide at location 216 at time 485
Warning: TestConstraints found future collision at timestep 447 (will be re-planned)
Agent 0 and 1 collide at location 216 at time 485
Warning: TestConstraints found future collision at end of timestep 447
Agent 0 and 8 collide at location 399 at time 456
Warning: TestConstraints found future collision at timestep 448 (will be re-planned)
Agent 0 and 8 collide at location 399 at time 456
Warning: TestConstraints found future collision at end of timestep 448
Agent 0 and 8 collide at location 399 at time 456
Warning: TestConstraints found future collision at timestep 449 (will be re-planned)
Agent 0 and 8 collide at location 399 at time 456
Warning: TestConstraints found future collision at end of timestep 449
Agent 2 and 6 collide at edge 676-677 at time 471
Warning: TestConstraints found future collision at timestep 450 (will be re-planned)
Agent 2 and 6 collide at edge 676-677 at time 471
Warning: TestConstraints found future collision at end of timestep 450
Agent 2 and 6 collide at edge 676-677 at time 471
Warning: TestConstraints found future collision at timestep 451 (will be re-planned)
Agent 2 and 6 collide at edge 676-677 at time 471
Warning: TestConstraints found future collision at end of timestep 451
Agent 2 and 6 collide at edge 676-677 at time 471
Warning: TestConstraints found future collision at timestep 452 (will be re-planned)
Agent 2 and 6 collide at edge 676-677 at time 471
Warning: TestConstraints found future collision at end of timestep 452
Agent 0 and 1 collide at location 216 at time 485
Warning: TestConstraints found future collision at timestep 453 (will be re-planned)
Agent 0 and 1 collide at location 216 at time 485
Warning: TestConstraints found future collision at end of timestep 453
Agent 0 and 1 collide at location 216 at time 485
Warning: TestConstraints found future collision at timestep 454 (will be re-planned)
Agent 0 and 1 collide at location 216 at time 485
Warning: TestConstraints found future collision at end of timestep 454
Agent 0 and 1 collide at location 216 at time 485
Warning: TestConstraints found future collision at timestep 455 (will be re-planned)
Agent 0 and 1 collide at location 216 at time 485
Warning: TestConstraints found future collision at end of timestep 455
Agent 0 and 1 collide at location 216 at time 485
Warning: TestConstraints found future collision at timestep 456 (will be re-planned)
Agent 0 and 1 collide at location 216 at time 485
Warning: TestConstraints found future collision at end of timestep 456
Agent 0 and 1 collide at location 216 at time 485
Warning: TestConstraints found future collision at timestep 457 (will be re-planned)
Agent 0 and 1 collide at location 216 at time 485
Warning: TestConstraints found future collision at end of timestep 457
Agent 0 and 1 collide at location 216 at time 485
Warning: TestConstraints found future collision at timestep 458 (will be re-planned)
Agent 0 and 1 collide at location 216 at time 485
Warning: TestConstraints found future collision at end of timestep 458
Agent 0 and 1 collide at location 216 at time 485
Warning: TestConstraints found future collision at timestep 459 (will be re-planned)
Agent 0 and 1 collide at location 216 at time 485
Warning: TestConstraints found future collision at end of timestep 459
Agent 0 and 1 collide at location 216 at time 485
Warning: TestConstraints found future collision at timestep 460 (will be re-planned)
Agent 0 and 1 collide at location 216 at time 485
Warning: TestConstraints found future collision at end of timestep 460
Agent 0 and 1 collide at location 216 at time 485
Warning: TestConstraints found future collision at timestep 461 (will be re-planned)
Agent 0 and 1 collide at location 216 at time 485
Warning: TestConstraints found future collision at end of timestep 461
Agent 0 and 1 collide at location 216 at time 485
Warning: TestConstraints found future collision at timestep 462 (will be re-planned)
Agent 0 and 1 collide at location 216 at time 485
Warning: TestConstraints found future collision at end of timestep 462
Agent 0 and 1 collide at location 216 at time 485
Warning: TestConstraints found future collision at timestep 463 (will be re-planned)
Agent 0 and 1 collide at location 216 at time 485
Warning: TestConstraints found future collision at end of timestep 463
Agent 0 and 1 collide at location 216 at time 485
Warning: TestConstraints found future collision at timestep 464 (will be re-planned)
Agent 0 and 1 collide at location 216 at time 485
Warning: TestConstraints found future collision at end of timestep 464
Agent 0 and 1 collide at location 216 at time 485
Warning: TestConstraints found future collision at timestep 465 (will be re-planned)
Agent 0 and 1 collide at location 216 at time 485
Warning: TestConstraints found future collision at end of timestep 465
Agent 0 and 1 collide at location 216 at time 485
Warning: TestConstraints found future collision at timestep 466 (will be re-planned)
Agent 0 and 1 collide at location 216 at time 485
Warning: TestConstraints found future collision at end of timestep 466
Agent 2 and 5 collide at edge 691-690 at time 492
Warning: TestConstraints found future collision at timestep 467 (will be re-planned)
Agent 2 and 5 collide at edge 691-690 at time 492
Warning: TestConstraints found future collision at end of timestep 467
Agent 2 and 5 collide at edge 691-690 at time 492
Warning: TestConstraints found future collision at timestep 468 (will be re-planned)
Agent 2 and 5 collide at edge 691-690 at time 492
Warning: TestConstraints found future collision at end of timestep 468
Agent 2 and 5 collide at edge 691-690 at time 492
Warning: TestConstraints found future collision at timestep 469 (will be re-planned)
Agent 2 and 5 collide at edge 691-690 at time 492
Warning: TestConstraints found future collision at end of timestep 469
Agent 2 and 5 collide at edge 691-690 at time 492
Warning: TestConstraints found future collision at timestep 470 (will be re-planned)
Agent 2 and 5 collide at edge 691-690 at time 492
Warning: TestConstraints found future collision at end of timestep 470
Agent 2 and 5 collide at edge 691-690 at time 492
Warning: TestConstraints found future collision at timestep 471 (will be re-planned)
Agent 2 and 5 collide at edge 691-690 at time 492
Warning: TestConstraints found future collision at end of timestep 471
Agent 2 and 5 collide at edge 691-690 at time 492
Warning: TestConstraints found future collision at timestep 472 (will be re-planned)
Agent 2 and 5 collide at edge 691-690 at time 492
Warning: TestConstraints found future collision at end of timestep 472
Agent 2 and 5 collide at edge 691-690 at time 492
Warning: TestConstraints found future collision at timestep 473 (will be re-planned)
Agent 2 and 5 collide at edge 691-690 at time 492
Warning: TestConstraints found future collision at end of timestep 473
Agent 2 and 5 collide at edge 691-690 at time 492
Warning: TestConstraints found future collision at timestep 474 (will be re-planned)
Agent 2 and 5 collide at edge 691-690 at time 492
Warning: TestConstraints found future collision at end of timestep 474
Agent 2 and 5 collide at edge 691-690 at time 492
Warning: TestConstraints found future collision at timestep 475 (will be re-planned)
Agent 2 and 5 collide at edge 691-690 at time 492
Warning: TestConstraints found future collision at end of timestep 475
Agent 2 and 5 collide at edge 691-690 at time 492
Warning: TestConstraints found future collision at timestep 476 (will be re-planned)
Agent 2 and 5 collide at edge 691-690 at time 492
Warning: TestConstraints found future collision at end of timestep 476
Agent 2 and 6 collide at location 521 at time 517
Warning: TestConstraints found future collision at timestep 477 (will be re-planned)
Agent 2 and 6 collide at location 521 at time 517
Warning: TestConstraints found future collision at end of timestep 477
Agent 2 and 6 collide at location 521 at time 517
Warning: TestConstraints found future collision at timestep 478 (will be re-planned)
Agent 2 and 6 collide at location 521 at time 517
Warning: TestConstraints found future collision at end of timestep 478
Agent 2 and 6 collide at location 521 at time 517
Warning: TestConstraints found future collision at timestep 479 (will be re-planned)
Agent 2 and 6 collide at location 521 at time 517
Warning: TestConstraints found future collision at end of timestep 479
Agent 2 and 6 collide at location 521 at time 517
Warning: TestConstraints found future collision at timestep 480 (will be re-planned)
Agent 2 and 6 collide at location 521 at time 517
Warning: TestConstraints found future collision at end of timestep 480
Agent 2 and 6 collide at location 521 at time 517
Warning: TestConstraints found future collision at timestep 481 (will be re-planned)
Agent 2 and 6 collide at location 521 at time 517
Warning: TestConstraints found future collision at end of timestep 481
Agent 2 and 6 collide at location 521 at time 517
Warning: TestConstraints found future collision at timestep 482 (will be re-planned)
Agent 2 and 6 collide at location 521 at time 517
Warning: TestConstraints found future collision at end of timestep 482
Agent 2 and 6 collide at location 521 at time 517
Warning: TestConstraints found future collision at timestep 483 (will be re-planned)
Agent 2 and 6 collide at location 521 at time 517
Warning: TestConstraints found future collision at end of timestep 483
Agent 2 and 6 collide at location 521 at time 517
Warning: TestConstraints found future collision at timestep 484 (will be re-planned)
Agent 2 and 6 collide at location 521 at time 517
Warning: TestConstraints found future collision at end of timestep 484
Agent 2 and 6 collide at location 521 at time 517
Warning: TestConstraints found future collision at timestep 485 (will be re-planned)
Agent 2 and 6 collide at location 521 at time 517
Warning: TestConstraints found future collision at end of timestep 485
Agent 0 and 1 collide at location 216 at time 509
Warning: TestConstraints found future collision at timestep 486 (will be re-planned)
Agent 0 and 1 collide at location 216 at time 509
Warning: TestConstraints found future collision at end of timestep 486
Agent 2 and 6 collide at location 521 at time 517
Warning: TestConstraints found future collision at timestep 487 (will be re-planned)
Agent 2 and 6 collide at location 521 at time 517
Warning: TestConstraints found future collision at end of timestep 487
Agent 4 and 5 collide at location 403 at time 515
Warning: TestConstraints found future collision at timestep 488 (will be re-planned)
Agent 4 and 5 collide at location 403 at time 515
Warning: TestConstraints found future collision at end of timestep 488
Agent 1 and 3 collide at location 90 at time 502
Warning: TestConstraints found future collision at timestep 489 (will be re-planned)
Agent 1 and 3 collide at location 90 at time 502
Warning: TestConstraints found future collision at end of timestep 489
Agent 1 and 3 collide at location 90 at time 502
Warning: TestConstraints found future collision at timestep 490 (will be re-planned)
Agent 1 and 3 collide at location 90 at time 502
Warning: TestConstraints found future collision at end of timestep 490
Agent 1 and 3 collide at location 90 at time 502
Warning: TestConstraints found future collision at timestep 491 (will be re-planned)
Agent 1 and 3 collide at location 90 at time 502
Warning: TestConstraints found future collision at end of timestep 491
Agent 1 and 3 collide at location 90 at time 502
Warning: TestConstraints found future collision at timestep 492 (will be re-planned)
Agent 1 and 3 collide at location 90 at time 502
Warning: TestConstraints found future collision at end of timestep 492
Agent 1 and 3 collide at location 90 at time 502
Warning: TestConstraints found future collision at timestep 493 (will be re-planned)
Agent 1 and 3 collide at location 90 at time 502
Warning: TestConstraints found future collision at end of timestep 493
Agent 1 and 3 collide at location 90 at time 502
Warning: TestConstraints found future collision at timestep 494 (will be re-planned)
Agent 1 and 3 collide at location 90 at time 502
Warning: TestConstraints found future collision at end of timestep 494
Agent 2 and 7 collide at location 248 at time 510
Warning: TestConstraints found future collision at timestep 495 (will be re-planned)
Agent 2 and 7 collide at location 248 at time 510
Warning: TestConstraints found future collision at end of timestep 495
Agent 2 and 7 collide at location 248 at time 510
Warning: TestConstraints found future collision at timestep 496 (will be re-planned)
Agent 2 and 7 collide at location 248 at time 510
Warning: TestConstraints found future collision at end of timestep 496
Agent 2 and 7 collide at location 248 at time 510
Warning: TestConstraints found future collision at timestep 497 (will be re-planned)
Agent 2 and 7 collide at location 248 at time 510
Warning: TestConstraints found future collision at timestep 497 (will be re-planned)
Agent 2 and 7 collide at location 248 at time 510
Warning: TestConstraints found future collision at end of timestep 497
Agent 0 and 1 collide at location 216 at time 545
Warning: TestConstraints found future collision at timestep 498 (will be re-planned)
Agent 0 and 1 collide at location 216 at time 545
Warning: TestConstraints found future collision at end of timestep 498
Agent 0 and 1 collide at location 216 at time 545
Warning: TestConstraints found future collision at timestep 499 (will be re-planned)
Agent 0 and 1 collide at location 216 at time 545
Warning: TestConstraints found future collision at end of timestep 499
Agent 0 and 1 collide at location 216 at time 545
Warning: TestConstraints found future collision at timestep 500 (will be re-planned)
Agent 0 and 1 collide at location 216 at time 545
Warning: TestConstraints found future collision at end of timestep 500
Agent 0 and 1 collide at location 216 at time 545
Warning: TestConstraints found future collision at timestep 501 (will be re-planned)
Agent 0 and 1 collide at location 216 at time 545
Warning: TestConstraints found future collision at end of timestep 501
Agent 0 and 1 collide at location 216 at time 545
Warning: TestConstraints found future collision at timestep 502 (will be re-planned)
Agent 0 and 1 collide at location 216 at time 545
Warning: TestConstraints found future collision at end of timestep 502
Agent 0 and 6 collide at location 681 at time 516
Warning: TestConstraints found future collision at timestep 503 (will be re-planned)
Agent 0 and 6 collide at location 681 at time 516
Warning: TestConstraints found future collision at end of timestep 503
Agent 0 and 6 collide at location 681 at time 516
Warning: TestConstraints found future collision at timestep 504 (will be re-planned)
Agent 0 and 6 collide at location 681 at time 516
Warning: TestConstraints found future collision at end of timestep 504
Agent 0 and 1 collide at location 216 at time 545
Warning: TestConstraints found future collision at timestep 505 (will be re-planned)
Agent 0 and 1 collide at location 216 at time 545
Warning: TestConstraints found future collision at end of timestep 505
Agent 0 and 1 collide at location 216 at time 545
Warning: TestConstraints found future collision at timestep 506 (will be re-planned)
Agent 0 and 1 collide at location 216 at time 545
Warning: TestConstraints found future collision at end of timestep 506
Agent 0 and 1 collide at location 216 at time 545
Warning: TestConstraints found future collision at timestep 507 (will be re-planned)
Agent 0 and 1 collide at location 216 at time 545
Warning: TestConstraints found future collision at end of timestep 507
Agent 0 and 1 collide at location 216 at time 545
Warning: TestConstraints found future collision at timestep 508 (will be re-planned)
Agent 0 and 1 collide at location 216 at time 545
Warning: TestConstraints found future collision at end of timestep 508
Agent 0 and 1 collide at location 216 at time 545
Warning: TestConstraints found future collision at timestep 509 (will be re-planned)
Agent 0 and 1 collide at location 216 at time 545
Warning: TestConstraints found future collision at end of timestep 509
Agent 0 and 1 collide at location 216 at time 545
Warning: TestConstraints found future collision at timestep 510 (will be re-planned)
Agent 0 and 1 collide at location 216 at time 545
Warning: TestConstraints found future collision at end of timestep 510
Agent 0 and 1 collide at location 216 at time 545
Warning: TestConstraints found future collision at timestep 511 (will be re-planned)
Agent 0 and 1 collide at location 216 at time 545
Warning: TestConstraints found future collision at end of timestep 511
Agent 0 and 1 collide at location 216 at time 545
Warning: TestConstraints found future collision at timestep 512 (will be re-planned)
Agent 0 and 1 collide at location 216 at time 545
Warning: TestConstraints found future collision at end of timestep 512
Agent 0 and 1 collide at location 216 at time 545
Warning: TestConstraints found future collision at timestep 513 (will be re-planned)
Agent 0 and 1 collide at location 216 at time 545
Warning: TestConstraints found future collision at end of timestep 513
Agent 0 and 1 collide at location 216 at time 545
Warning: TestConstraints found future collision at timestep 514 (will be re-planned)
Agent 0 and 1 collide at location 216 at time 545
Warning: TestConstraints found future collision at end of timestep 514
Agent 0 and 1 collide at location 216 at time 567
Warning: TestConstraints found future collision at timestep 515 (will be re-planned)
Agent 0 and 1 collide at location 216 at time 567
Warning: TestConstraints found future collision at end of timestep 515
Agent 0 and 1 collide at location 216 at time 567
Warning: TestConstraints found future collision at timestep 516 (will be re-planned)
Agent 0 and 1 collide at location 216 at time 567
Warning: TestConstraints found future collision at end of timestep 516
Agent 0 and 2 collide at edge 301-302 at time 539
Warning: TestConstraints found future collision at timestep 517 (will be re-planned)
Agent 0 and 2 collide at edge 301-302 at time 539
Warning: TestConstraints found future collision at end of timestep 517
Agent 0 and 2 collide at edge 301-302 at time 539
Warning: TestConstraints found future collision at timestep 518 (will be re-planned)
Agent 0 and 2 collide at edge 301-302 at time 539
Warning: TestConstraints found future collision at end of timestep 518
Agent 0 and 1 collide at location 216 at time 567
Warning: TestConstraints found future collision at timestep 519 (will be re-planned)
Agent 0 and 1 collide at location 216 at time 567
Warning: TestConstraints found future collision at end of timestep 519
Agent 0 and 1 collide at location 216 at time 567
Warning: TestConstraints found future collision at timestep 520 (will be re-planned)
Agent 0 and 1 collide at location 216 at time 567
Warning: TestConstraints found future collision at end of timestep 520
Agent 0 and 1 collide at location 216 at time 567
Warning: TestConstraints found future collision at timestep 521 (will be re-planned)
Agent 0 and 1 collide at location 216 at time 567
Warning: TestConstraints found future collision at end of timestep 521
Agent 0 and 1 collide at location 216 at time 567
Warning: TestConstraints found future collision at timestep 522 (will be re-planned)
Agent 0 and 1 collide at location 216 at time 567
Warning: TestConstraints found future collision at end of timestep 522
Agent 0 and 1 collide at location 216 at time 567
Warning: TestConstraints found future collision at timestep 523 (will be re-planned)
Agent 0 and 1 collide at location 216 at time 567
Warning: TestConstraints found future collision at end of timestep 523
Agent 0 and 1 collide at location 216 at time 567
Warning: TestConstraints found future collision at timestep 524 (will be re-planned)
Agent 0 and 1 collide at location 216 at time 567
Warning: TestConstraints found future collision at end of timestep 524
Agent 0 and 1 collide at location 216 at time 567
Warning: TestConstraints found future collision at timestep 525 (will be re-planned)
Agent 0 and 1 collide at location 216 at time 567
Warning: TestConstraints found future collision at end of timestep 525
Agent 0 and 1 collide at location 216 at time 567
Warning: TestConstraints found future collision at timestep 526 (will be re-planned)
Agent 0 and 1 collide at location 216 at time 567
Warning: TestConstraints found future collision at end of timestep 526
Agent 0 and 1 collide at location 216 at time 567
Warning: TestConstraints found future collision at timestep 527 (will be re-planned)
Agent 0 and 1 collide at location 216 at time 567
Warning: TestConstraints found future collision at end of timestep 527
Agent 0 and 1 collide at location 216 at time 567
Warning: TestConstraints found future collision at timestep 528 (will be re-planned)
Agent 0 and 1 collide at location 216 at time 567
Warning: TestConstraints found future collision at end of timestep 528
Agent 0 and 1 collide at location 216 at time 567
Warning: TestConstraints found future collision at timestep 529 (will be re-planned)
Agent 0 and 1 collide at location 216 at time 567
Warning: TestConstraints found future collision at end of timestep 529
Agent 0 and 1 collide at location 216 at time 567
Warning: TestConstraints found future collision at timestep 530 (will be re-planned)
Agent 0 and 1 collide at location 216 at time 567
Warning: TestConstraints found future collision at end of timestep 530
Agent 0 and 1 collide at location 216 at time 567
Warning: TestConstraints found future collision at timestep 531 (will be re-planned)
Agent 0 and 1 collide at location 216 at time 567
Warning: TestConstraints found future collision at end of timestep 531
Agent 0 and 1 collide at location 216 at time 567
Warning: TestConstraints found future collision at timestep 532 (will be re-planned)
Agent 0 and 1 collide at location 216 at time 567
Warning: TestConstraints found future collision at end of timestep 532
Agent 0 and 1 collide at location 216 at time 567
Warning: TestConstraints found future collision at timestep 533 (will be re-planned)
Agent 0 and 1 collide at location 216 at time 567
Warning: TestConstraints found future collision at end of timestep 533
Agent 0 and 1 collide at location 216 at time 567
Warning: TestConstraints found future collision at timestep 534 (will be re-planned)
Agent 0 and 1 collide at location 216 at time 567
Warning: TestConstraints found future collision at end of timestep 534
Agent 0 and 1 collide at location 216 at time 567
Warning: TestConstraints found future collision at timestep 535 (will be re-planned)
Agent 0 and 1 collide at location 216 at time 567
Warning: TestConstraints found future collision at end of timestep 535
Agent 0 and 1 collide at location 216 at time 571
Warning: TestConstraints found future collision at timestep 540 (will be re-planned)
Agent 0 and 1 collide at location 216 at time 571
Warning: TestConstraints found future collision at end of timestep 540
Agent 0 and 1 collide at location 216 at time 571
Warning: TestConstraints found future collision at timestep 541 (will be re-planned)
Agent 0 and 1 collide at location 216 at time 571
Warning: TestConstraints found future collision at end of timestep 541
Agent 0 and 1 collide at location 216 at time 571
Warning: TestConstraints found future collision at timestep 542 (will be re-planned)
Agent 0 and 1 collide at location 216 at time 571
Warning: TestConstraints found future collision at end of timestep 542
Agent 0 and 1 collide at location 216 at time 571
Warning: TestConstraints found future collision at timestep 543 (will be re-planned)
Agent 0 and 1 collide at location 216 at time 571
Warning: TestConstraints found future collision at end of timestep 543
Agent 0 and 1 collide at location 216 at time 571
Warning: TestConstraints found future collision at timestep 544 (will be re-planned)
Agent 0 and 1 collide at location 216 at time 571
Warning: TestConstraints found future collision at end of timestep 544
Agent 0 and 1 collide at location 216 at time 571
Warning: TestConstraints found future collision at timestep 545 (will be re-planned)
Agent 0 and 1 collide at location 216 at time 571
Warning: TestConstraints found future collision at end of timestep 545
Agent 0 and 1 collide at location 216 at time 571
Warning: TestConstraints found future collision at timestep 546 (will be re-planned)
Agent 0 and 1 collide at location 216 at time 571
Warning: TestConstraints found future collision at end of timestep 546
Agent 0 and 1 collide at location 216 at time 571
Warning: TestConstraints found future collision at timestep 547 (will be re-planned)
Agent 0 and 1 collide at location 216 at time 571
Warning: TestConstraints found future collision at end of timestep 547
Agent 0 and 1 collide at location 216 at time 571
Warning: TestConstraints found future collision at timestep 548 (will be re-planned)
Agent 0 and 1 collide at location 216 at time 571
Warning: TestConstraints found future collision at end of timestep 548
Agent 0 and 1 collide at location 216 at time 571
Warning: TestConstraints found future collision at timestep 549 (will be re-planned)
Agent 0 and 1 collide at location 216 at time 571
Warning: TestConstraints found future collision at end of timestep 549
Agent 0 and 1 collide at location 216 at time 571
Warning: TestConstraints found future collision at timestep 550 (will be re-planned)
Agent 0 and 1 collide at location 216 at time 571
Warning: TestConstraints found future collision at end of timestep 550
Agent 0 and 1 collide at location 216 at time 571
Warning: TestConstraints found future collision at timestep 551 (will be re-planned)
Agent 0 and 1 collide at location 216 at time 571
Warning: TestConstraints found future collision at end of timestep 551
Agent 0 and 1 collide at location 216 at time 571
Warning: TestConstraints found future collision at timestep 552 (will be re-planned)
Agent 0 and 1 collide at location 216 at time 571
Warning: TestConstraints found future collision at end of timestep 552
Agent 0 and 1 collide at location 216 at time 571
Warning: TestConstraints found future collision at timestep 553 (will be re-planned)
Agent 0 and 1 collide at location 216 at time 571
Warning: TestConstraints found future collision at end of timestep 553
Agent 0 and 1 collide at location 216 at time 571
Warning: TestConstraints found future collision at timestep 554 (will be re-planned)
Agent 0 and 1 collide at location 216 at time 571
Warning: TestConstraints found future collision at end of timestep 554
Agent 0 and 1 collide at location 216 at time 571
Warning: TestConstraints found future collision at timestep 555 (will be re-planned)
Agent 0 and 1 collide at location 216 at time 571
Warning: TestConstraints found future collision at end of timestep 555
Agent 0 and 1 collide at location 216 at time 571
Warning: TestConstraints found future collision at timestep 556 (will be re-planned)
Agent 0 and 1 collide at location 216 at time 571
Warning: TestConstraints found future collision at end of timestep 556
Agent 0 and 1 collide at location 216 at time 571
Warning: TestConstraints found future collision at timestep 557 (will be re-planned)
Agent 0 and 1 collide at location 216 at time 571
Warning: TestConstraints found future collision at end of timestep 557
Agent 0 and 1 collide at location 400 at time 565
Warning: TestConstraints found future collision at timestep 558 (will be re-planned)
Agent 0 and 1 collide at location 400 at time 565
Warning: TestConstraints found future collision at end of timestep 558
Agent 0 and 1 collide at location 400 at time 565
Warning: TestConstraints found future collision at timestep 559 (will be re-planned)
Agent 0 and 1 collide at location 400 at time 565
Warning: TestConstraints found future collision at end of timestep 559
Agent 1 and 5 collide at edge 476-475 at time 572
Warning: TestConstraints found future collision at timestep 560 (will be re-planned)
Agent 1 and 5 collide at edge 476-475 at time 572
Warning: TestConstraints found future collision at end of timestep 560
Agent 1 and 5 collide at edge 476-475 at time 572
Warning: TestConstraints found future collision at timestep 561 (will be re-planned)
Agent 1 and 5 collide at edge 476-475 at time 572
Warning: TestConstraints found future collision at end of timestep 561
Agent 1 and 5 collide at edge 476-475 at time 572
Warning: TestConstraints found future collision at timestep 562 (will be re-planned)
Agent 1 and 5 collide at edge 476-475 at time 572
Warning: TestConstraints found future collision at end of timestep 562
Agent 1 and 5 collide at edge 476-475 at time 572
Warning: TestConstraints found future collision at timestep 563 (will be re-planned)
Agent 1 and 5 collide at edge 476-475 at time 572
Warning: TestConstraints found future collision at end of timestep 563
Agent 1 and 5 collide at edge 476-475 at time 572
Warning: TestConstraints found future collision at timestep 564 (will be re-planned)
Agent 1 and 5 collide at edge 476-475 at time 572
Warning: TestConstraints found future collision at end of timestep 564
Agent 1 and 5 collide at edge 476-475 at time 572
Warning: TestConstraints found future collision at timestep 565 (will be re-planned)
Agent 1 and 5 collide at edge 476-475 at time 572
Warning: TestConstraints found future collision at end of timestep 565
Agent 1 and 5 collide at edge 476-475 at time 572
Warning: TestConstraints found future collision at timestep 566 (will be re-planned)
Agent 1 and 5 collide at edge 476-475 at time 572
Warning: TestConstraints found future collision at end of timestep 566
Agent 0 and 1 collide at location 216 at time 612
Warning: TestConstraints found future collision at timestep 567 (will be re-planned)
Agent 0 and 1 collide at location 216 at time 612
Warning: TestConstraints found future collision at end of timestep 567
Agent 0 and 1 collide at location 216 at time 612
Warning: TestConstraints found future collision at timestep 568 (will be re-planned)
Agent 0 and 1 collide at location 216 at time 612
Warning: TestConstraints found future collision at end of timestep 568
Agent 0 and 1 collide at location 216 at time 612
Warning: TestConstraints found future collision at timestep 569 (will be re-planned)
Agent 0 and 1 collide at location 216 at time 612
Warning: TestConstraints found future collision at end of timestep 569
Agent 6 and 7 collide at edge 757-756 at time 583
Warning: TestConstraints found future collision at timestep 570 (will be re-planned)
Agent 6 and 7 collide at edge 757-756 at time 583
Warning: TestConstraints found future collision at end of timestep 570
Agent 0 and 1 collide at location 216 at time 612
Warning: TestConstraints found future collision at timestep 571 (will be re-planned)
Agent 0 and 1 collide at location 216 at time 612
Warning: TestConstraints found future collision at end of timestep 571
Agent 0 and 1 collide at location 216 at time 612
Warning: TestConstraints found future collision at timestep 572 (will be re-planned)
Agent 0 and 1 collide at location 216 at time 612
Warning: TestConstraints found future collision at end of timestep 572
Agent 0 and 1 collide at location 216 at time 612
Warning: TestConstraints found future collision at timestep 573 (will be re-planned)
Agent 0 and 1 collide at location 216 at time 612
Warning: TestConstraints found future collision at end of timestep 573
Agent 0 and 1 collide at location 216 at time 612
Warning: TestConstraints found future collision at timestep 574 (will be re-planned)
Agent 0 and 1 collide at location 216 at time 612
Warning: TestConstraints found future collision at end of timestep 574
Agent 0 and 1 collide at location 216 at time 612
Warning: TestConstraints found future collision at timestep 575 (will be re-planned)
Agent 0 and 1 collide at location 216 at time 612
Warning: TestConstraints found future collision at end of timestep 575
Agent 0 and 1 collide at location 216 at time 612
Warning: TestConstraints found future collision at timestep 576 (will be re-planned)
Agent 0 and 1 collide at location 216 at time 612
Warning: TestConstraints found future collision at end of timestep 576
Agent 0 and 1 collide at location 216 at time 612
Warning: TestConstraints found future collision at timestep 577 (will be re-planned)
Agent 0 and 1 collide at location 216 at time 612
Warning: TestConstraints found future collision at end of timestep 577
Agent 0 and 1 collide at location 216 at time 612
Warning: TestConstraints found future collision at timestep 578 (will be re-planned)
Agent 0 and 1 collide at location 216 at time 612
Warning: TestConstraints found future collision at end of timestep 578
Agent 0 and 1 collide at location 216 at time 612
Warning: TestConstraints found future collision at timestep 579 (will be re-planned)
Agent 0 and 1 collide at location 216 at time 612
Warning: TestConstraints found future collision at end of timestep 579
Agent 0 and 1 collide at location 216 at time 612
Warning: TestConstraints found future collision at timestep 580 (will be re-planned)
Agent 0 and 1 collide at location 216 at time 612
Warning: TestConstraints found future collision at end of timestep 580
Agent 0 and 1 collide at location 216 at time 612
Warning: TestConstraints found future collision at timestep 581 (will be re-planned)
Agent 0 and 1 collide at location 216 at time 612
Warning: TestConstraints found future collision at end of timestep 581
Agent 0 and 1 collide at location 216 at time 612
Warning: TestConstraints found future collision at timestep 582 (will be re-planned)
Agent 0 and 1 collide at location 216 at time 612
Warning: TestConstraints found future collision at end of timestep 582
Agent 3 and 4 collide at location 366 at time 616
Warning: TestConstraints found future collision at timestep 583 (will be re-planned)
Agent 3 and 4 collide at location 366 at time 616
Warning: TestConstraints found future collision at end of timestep 583
Agent 1 and 5 collide at edge 618-617 at time 602
Warning: TestConstraints found future collision at timestep 584 (will be re-planned)
Agent 1 and 5 collide at edge 618-617 at time 602
Warning: TestConstraints found future collision at end of timestep 584
Agent 1 and 5 collide at edge 618-617 at time 602
Warning: TestConstraints found future collision at timestep 585 (will be re-planned)
Agent 1 and 5 collide at edge 618-617 at time 602
Warning: TestConstraints found future collision at end of timestep 585
Agent 1 and 5 collide at edge 618-617 at time 602
Warning: TestConstraints found future collision at timestep 586 (will be re-planned)
Agent 1 and 5 collide at edge 618-617 at time 602
Warning: TestConstraints found future collision at end of timestep 586
Agent 1 and 5 collide at edge 618-617 at time 602
Warning: TestConstraints found future collision at timestep 587 (will be re-planned)
Agent 1 and 5 collide at edge 618-617 at time 602
Warning: TestConstraints found future collision at end of timestep 587
Agent 1 and 5 collide at edge 618-617 at time 602
Warning: TestConstraints found future collision at timestep 588 (will be re-planned)
Agent 1 and 5 collide at edge 618-617 at time 602
Warning: TestConstraints found future collision at end of timestep 588
Agent 1 and 5 collide at edge 618-617 at time 602
Warning: TestConstraints found future collision at timestep 589 (will be re-planned)
Agent 1 and 5 collide at edge 618-617 at time 602
Warning: TestConstraints found future collision at end of timestep 589
Agent 1 and 5 collide at edge 618-617 at time 602
Warning: TestConstraints found future collision at timestep 590 (will be re-planned)
Agent 1 and 5 collide at edge 618-617 at time 602
Warning: TestConstraints found future collision at end of timestep 590
Agent 1 and 5 collide at edge 618-617 at time 602
Warning: TestConstraints found future collision at timestep 591 (will be re-planned)
Agent 1 and 5 collide at edge 618-617 at time 602
Warning: TestConstraints found future collision at end of timestep 591
Agent 1 and 5 collide at edge 618-617 at time 602
Warning: TestConstraints found future collision at timestep 592 (will be re-planned)
Agent 1 and 5 collide at edge 618-617 at time 602
Warning: TestConstraints found future collision at end of timestep 592
Agent 3 and 4 collide at location 366 at time 636
Warning: TestConstraints found future collision at timestep 593 (will be re-planned)
Agent 3 and 4 collide at location 366 at time 636
Warning: TestConstraints found future collision at end of timestep 593
Agent 3 and 4 collide at location 366 at time 636
Warning: TestConstraints found future collision at timestep 594 (will be re-planned)
Agent 3 and 4 collide at location 366 at time 636
Warning: TestConstraints found future collision at end of timestep 594
Agent 3 and 4 collide at location 366 at time 636
Warning: TestConstraints found future collision at timestep 595 (will be re-planned)
Agent 3 and 4 collide at location 366 at time 636
Warning: TestConstraints found future collision at end of timestep 595
Agent 3 and 4 collide at location 366 at time 636
Warning: TestConstraints found future collision at timestep 596 (will be re-planned)
Agent 3 and 4 collide at location 366 at time 636
Warning: TestConstraints found future collision at end of timestep 596
Agent 3 and 4 collide at location 366 at time 636
Warning: TestConstraints found future collision at timestep 597 (will be re-planned)
Agent 3 and 4 collide at location 366 at time 636
Warning: TestConstraints found future collision at end of timestep 597
Agent 4 and 5 collide at location 366 at time 616
Warning: TestConstraints found future collision at timestep 598 (will be re-planned)
Agent 4 and 5 collide at location 366 at time 616
Warning: TestConstraints found future collision at end of timestep 598
Agent 1 and 4 collide at location 619 at time 612
Warning: TestConstraints found future collision at timestep 599 (will be re-planned)
Agent 1 and 4 collide at location 619 at time 612
Warning: TestConstraints found future collision at end of timestep 599
Agent 1 and 4 collide at location 619 at time 612
Warning: TestConstraints found future collision at timestep 600 (will be re-planned)
Agent 1 and 4 collide at location 619 at time 612
Warning: TestConstraints found future collision at end of timestep 600
Agent 1 and 4 collide at location 619 at time 612
Warning: TestConstraints found future collision at timestep 601 (will be re-planned)
Agent 1 and 4 collide at location 619 at time 612
Warning: TestConstraints found future collision at end of timestep 601
Agent 1 and 4 collide at location 619 at time 612
Warning: TestConstraints found future collision at timestep 602 (will be re-planned)
Agent 1 and 4 collide at location 619 at time 612
Warning: TestConstraints found future collision at end of timestep 602
Agent 1 and 4 collide at location 619 at time 612
Warning: TestConstraints found future collision at timestep 603 (will be re-planned)
Agent 1 and 4 collide at location 619 at time 612
Warning: TestConstraints found future collision at end of timestep 603
Agent 1 and 4 collide at location 619 at time 612
Warning: TestConstraints found future collision at timestep 604 (will be re-planned)
Agent 1 and 4 collide at location 619 at time 612
Warning: TestConstraints found future collision at end of timestep 604
Agent 1 and 4 collide at location 619 at time 612
Warning: TestConstraints found future collision at timestep 605 (will be re-planned)
Agent 1 and 4 collide at location 619 at time 612
Warning: TestConstraints found future collision at end of timestep 605
Agent 2 and 6 collide at location 521 at time 631
Warning: TestConstraints found future collision at timestep 608 (will be re-planned)
Agent 2 and 6 collide at location 521 at time 631
Warning: TestConstraints found future collision at end of timestep 608
Agent 2 and 6 collide at location 521 at time 631
Warning: TestConstraints found future collision at timestep 609 (will be re-planned)
Agent 2 and 6 collide at location 521 at time 631
Warning: TestConstraints found future collision at end of timestep 609
Agent 2 and 6 collide at location 521 at time 631
Warning: TestConstraints found future collision at timestep 610 (will be re-planned)
Agent 2 and 6 collide at location 521 at time 631
Warning: TestConstraints found future collision at end of timestep 610
Agent 4 and 7 collide at location 551 at time 650
Warning: TestConstraints found future collision at timestep 615 (will be re-planned)
Agent 4 and 7 collide at location 551 at time 650
Warning: TestConstraints found future collision at end of timestep 615
Agent 0 and 7 collide at location 399 at time 641
Warning: TestConstraints found future collision at timestep 616 (will be re-planned)
Agent 0 and 7 collide at location 399 at time 641
Warning: TestConstraints found future collision at end of timestep 616
Agent 0 and 7 collide at location 399 at time 641
Warning: TestConstraints found future collision at timestep 617 (will be re-planned)
Agent 0 and 7 collide at location 399 at time 641
Warning: TestConstraints found future collision at end of timestep 617
Agent 0 and 7 collide at location 399 at time 641
Warning: TestConstraints found future collision at timestep 618 (will be re-planned)
Agent 0 and 7 collide at location 399 at time 641
Warning: TestConstraints found future collision at end of timestep 618
Agent 0 and 7 collide at location 399 at time 641
Warning: TestConstraints found future collision at timestep 619 (will be re-planned)
Agent 0 and 7 collide at location 399 at time 641
Warning: TestConstraints found future collision at end of timestep 619
Agent 0 and 7 collide at location 399 at time 641
Warning: TestConstraints found future collision at timestep 620 (will be re-planned)
Agent 0 and 7 collide at location 399 at time 641
Warning: TestConstraints found future collision at end of timestep 620
Agent 0 and 7 collide at location 399 at time 641
Warning: TestConstraints found future collision at timestep 621 (will be re-planned)
Agent 0 and 7 collide at location 399 at time 641
Warning: TestConstraints found future collision at end of timestep 621
Agent 0 and 7 collide at location 399 at time 641
Warning: TestConstraints found future collision at timestep 622 (will be re-planned)
Agent 0 and 7 collide at location 399 at time 641
Warning: TestConstraints found future collision at end of timestep 622
Agent 0 and 7 collide at location 399 at time 641
Warning: TestConstraints found future collision at timestep 623 (will be re-planned)
Agent 0 and 7 collide at location 399 at time 641
Warning: TestConstraints found future collision at end of timestep 623
Agent 4 and 9 collide at location 610 at time 633
Warning: TestConstraints found future collision at timestep 624 (will be re-planned)
Agent 4 and 9 collide at location 610 at time 633
Warning: TestConstraints found future collision at end of timestep 624
Agent 4 and 9 collide at location 610 at time 633
Warning: TestConstraints found future collision at timestep 625 (will be re-planned)
Agent 4 and 9 collide at location 610 at time 633
Warning: TestConstraints found future collision at end of timestep 625
Agent 2 and 3 collide at location 529 at time 657
Warning: TestConstraints found future collision at timestep 626 (will be re-planned)
Agent 2 and 3 collide at location 529 at time 657
Warning: TestConstraints found future collision at end of timestep 626
Agent 2 and 3 collide at location 529 at time 657
Warning: TestConstraints found future collision at timestep 627 (will be re-planned)
Agent 2 and 3 collide at location 529 at time 657
Warning: TestConstraints found future collision at end of timestep 627
Agent 2 and 3 collide at location 529 at time 657
Warning: TestConstraints found future collision at timestep 628 (will be re-planned)
Agent 2 and 3 collide at location 529 at time 657
Warning: TestConstraints found future collision at end of timestep 628
Agent 2 and 3 collide at location 529 at time 657
Warning: TestConstraints found future collision at timestep 629 (will be re-planned)
Agent 2 and 3 collide at location 529 at time 657
Warning: TestConstraints found future collision at end of timestep 629
Agent 2 and 3 collide at location 529 at time 657
Warning: TestConstraints found future collision at timestep 630 (will be re-planned)
Agent 2 and 3 collide at location 529 at time 657
Warning: TestConstraints found future collision at end of timestep 630
Agent 2 and 3 collide at location 529 at time 657
Warning: TestConstraints found future collision at timestep 631 (will be re-planned)
Agent 2 and 3 collide at location 529 at time 657
Warning: TestConstraints found future collision at end of timestep 631
Agent 2 and 3 collide at location 529 at time 657
Warning: TestConstraints found future collision at timestep 632 (will be re-planned)
Agent 2 and 3 collide at location 529 at time 657
Warning: TestConstraints found future collision at end of timestep 632
Agent 2 and 3 collide at location 529 at time 657
Warning: TestConstraints found future collision at timestep 633 (will be re-planned)
Agent 2 and 3 collide at location 529 at time 657
Warning: TestConstraints found future collision at end of timestep 633
Agent 1 and 2 collide at edge 534-535 at time 652
Warning: TestConstraints found future collision at timestep 634 (will be re-planned)
Agent 1 and 2 collide at edge 534-535 at time 652
Warning: TestConstraints found future collision at end of timestep 634
Agent 1 and 2 collide at edge 534-535 at time 652
Warning: TestConstraints found future collision at timestep 635 (will be re-planned)
Agent 1 and 2 collide at edge 534-535 at time 652
Warning: TestConstraints found future collision at end of timestep 635
Agent 1 and 2 collide at edge 534-535 at time 652
Warning: TestConstraints found future collision at timestep 636 (will be re-planned)
Agent 1 and 2 collide at edge 534-535 at time 652
Warning: TestConstraints found future collision at end of timestep 636
Agent 1 and 2 collide at edge 534-535 at time 652
Warning: TestConstraints found future collision at timestep 637 (will be re-planned)
Agent 1 and 2 collide at edge 534-535 at time 652
Warning: TestConstraints found future collision at end of timestep 637
Agent 1 and 2 collide at edge 534-535 at time 652
Warning: TestConstraints found future collision at timestep 638 (will be re-planned)
Agent 1 and 2 collide at edge 534-535 at time 652
Warning: TestConstraints found future collision at end of timestep 638
Agent 1 and 2 collide at edge 534-535 at time 652
Warning: TestConstraints found future collision at timestep 639 (will be re-planned)
Agent 1 and 2 collide at edge 534-535 at time 652
Warning: TestConstraints found future collision at end of timestep 639
Agent 1 and 2 collide at edge 534-535 at time 652
Warning: TestConstraints found future collision at timestep 640 (will be re-planned)
Agent 1 and 2 collide at edge 534-535 at time 652
Warning: TestConstraints found future collision at end of timestep 640
Agent 1 and 2 collide at edge 534-535 at time 652
Warning: TestConstraints found future collision at timestep 641 (will be re-planned)
Agent 1 and 2 collide at edge 534-535 at time 652
Warning: TestConstraints found future collision at end of timestep 641
Agent 1 and 2 collide at edge 534-535 at time 652
Warning: TestConstraints found future collision at timestep 642 (will be re-planned)
Agent 1 and 2 collide at edge 534-535 at time 652
Warning: TestConstraints found future collision at end of timestep 642
Agent 1 and 2 collide at edge 534-535 at time 652
Warning: TestConstraints found future collision at timestep 643 (will be re-planned)
Agent 1 and 2 collide at edge 534-535 at time 652
Warning: TestConstraints found future collision at end of timestep 643
Agent 1 and 2 collide at edge 534-535 at time 652
Warning: TestConstraints found future collision at timestep 644 (will be re-planned)
Agent 1 and 2 collide at edge 534-535 at time 652
Warning: TestConstraints found future collision at end of timestep 644
Agent 1 and 9 collide at location 536 at time 653
Warning: TestConstraints found future collision at timestep 645 (will be re-planned)
Agent 1 and 9 collide at location 536 at time 653
Warning: TestConstraints found future collision at end of timestep 645
Agent 3 and 7 collide at location 551 at time 679
Warning: TestConstraints found future collision at timestep 646 (will be re-planned)
Agent 3 and 7 collide at location 551 at time 679
Warning: TestConstraints found future collision at end of timestep 646
Agent 3 and 7 collide at location 551 at time 679
Warning: TestConstraints found future collision at timestep 647 (will be re-planned)
Agent 3 and 7 collide at location 551 at time 679
Warning: TestConstraints found future collision at end of timestep 647
Agent 2 and 5 collide at location 608 at time 666
Warning: TestConstraints found future collision at timestep 648 (will be re-planned)
Agent 2 and 5 collide at location 608 at time 666
Warning: TestConstraints found future collision at end of timestep 648
Agent 2 and 5 collide at location 608 at time 666
Warning: TestConstraints found future collision at timestep 649 (will be re-planned)
Agent 2 and 5 collide at location 608 at time 666
Warning: TestConstraints found future collision at end of timestep 649
Agent 2 and 5 collide at location 608 at time 666
Warning: TestConstraints found future collision at timestep 650 (will be re-planned)
Agent 2 and 5 collide at location 608 at time 666
Warning: TestConstraints found future collision at end of timestep 650
Agent 2 and 5 collide at location 608 at time 666
Warning: TestConstraints found future collision at timestep 651 (will be re-planned)
Agent 2 and 5 collide at location 608 at time 666
Warning: TestConstraints found future collision at end of timestep 651
Agent 2 and 5 collide at location 608 at time 666
Warning: TestConstraints found future collision at timestep 652 (will be re-planned)
Agent 2 and 5 collide at location 608 at time 666
Warning: TestConstraints found future collision at end of timestep 652
Agent 2 and 5 collide at location 608 at time 666
Warning: TestConstraints found future collision at timestep 653 (will be re-planned)
Agent 2 and 5 collide at location 608 at time 666
Warning: TestConstraints found future collision at end of timestep 653
Agent 2 and 5 collide at location 608 at time 666
Warning: TestConstraints found future collision at timestep 654 (will be re-planned)
Agent 2 and 5 collide at location 608 at time 666
Warning: TestConstraints found future collision at end of timestep 654
Agent 2 and 5 collide at location 608 at time 666
Warning: TestConstraints found future collision at timestep 655 (will be re-planned)
Agent 2 and 5 collide at location 608 at time 666
Warning: TestConstraints found future collision at end of timestep 655
Agent 0 and 1 collide at location 216 at time 728
Warning: TestConstraints found future collision at timestep 656 (will be re-planned)
Agent 0 and 1 collide at location 216 at time 728
Warning: TestConstraints found future collision at end of timestep 656
Agent 0 and 1 collide at location 216 at time 728
Warning: TestConstraints found future collision at timestep 657 (will be re-planned)
Agent 0 and 1 collide at location 216 at time 728
Warning: TestConstraints found future collision at end of timestep 657
Agent 0 and 1 collide at location 216 at time 728
Warning: TestConstraints found future collision at timestep 658 (will be re-planned)
Agent 0 and 1 collide at location 216 at time 728
Warning: TestConstraints found future collision at end of timestep 658
Agent 0 and 1 collide at location 216 at time 728
Warning: TestConstraints found future collision at timestep 659 (will be re-planned)
Agent 0 and 1 collide at location 216 at time 728
Warning: TestConstraints found future collision at end of timestep 659
Agent 0 and 1 collide at location 216 at time 728
Warning: TestConstraints found future collision at timestep 660 (will be re-planned)
Agent 0 and 1 collide at location 216 at time 728
Warning: TestConstraints found future collision at end of timestep 660
Agent 0 and 1 collide at location 216 at time 728
Warning: TestConstraints found future collision at timestep 661 (will be re-planned)
Agent 0 and 1 collide at location 216 at time 728
Warning: TestConstraints found future collision at end of timestep 661
Agent 0 and 1 collide at location 216 at time 728
Warning: TestConstraints found future collision at timestep 662 (will be re-planned)
Agent 0 and 1 collide at location 216 at time 728
Warning: TestConstraints found future collision at end of timestep 662
Agent 0 and 6 collide at location 521 at time 689
Warning: TestConstraints found future collision at timestep 663 (will be re-planned)
Agent 0 and 6 collide at location 521 at time 689
Warning: TestConstraints found future collision at end of timestep 663
Agent 0 and 6 collide at location 521 at time 689
Warning: TestConstraints found future collision at timestep 664 (will be re-planned)
Agent 0 and 6 collide at location 521 at time 689
Warning: TestConstraints found future collision at end of timestep 664
Agent 7 and 9 collide at location 388 at time 674
Warning: TestConstraints found future collision at timestep 665 (will be re-planned)
Agent 7 and 9 collide at location 388 at time 674
Warning: TestConstraints found future collision at end of timestep 665
Agent 0 and 1 collide at location 216 at time 728
Warning: TestConstraints found future collision at timestep 666 (will be re-planned)
Agent 0 and 1 collide at location 216 at time 728
Warning: TestConstraints found future collision at end of timestep 666
Agent 0 and 1 collide at location 216 at time 728
Warning: TestConstraints found future collision at timestep 667 (will be re-planned)
Agent 0 and 1 collide at location 216 at time 728
Warning: TestConstraints found future collision at end of timestep 667
Agent 0 and 1 collide at location 216 at time 728
Warning: TestConstraints found future collision at timestep 668 (will be re-planned)
Agent 0 and 1 collide at location 216 at time 728
Warning: TestConstraints found future collision at end of timestep 668
Agent 0 and 1 collide at location 216 at time 728
Warning: TestConstraints found future collision at timestep 669 (will be re-planned)
Agent 0 and 1 collide at location 216 at time 728
Warning: TestConstraints found future collision at end of timestep 669
Agent 0 and 1 collide at location 216 at time 728
Warning: TestConstraints found future collision at timestep 670 (will be re-planned)
Agent 0 and 1 collide at location 216 at time 728
Warning: TestConstraints found future collision at end of timestep 670
Agent 0 and 1 collide at location 216 at time 728
Warning: TestConstraints found future collision at timestep 671 (will be re-planned)
Agent 0 and 1 collide at location 216 at time 728
Warning: TestConstraints found future collision at end of timestep 671
Agent 0 and 1 collide at location 216 at time 728
Warning: TestConstraints found future collision at timestep 672 (will be re-planned)
Agent 0 and 1 collide at location 216 at time 728
Warning: TestConstraints found future collision at end of timestep 672
Agent 0 and 1 collide at location 216 at time 728
Warning: TestConstraints found future collision at timestep 673 (will be re-planned)
Agent 0 and 1 collide at location 216 at time 728
Warning: TestConstraints found future collision at end of timestep 673
Agent 0 and 1 collide at location 216 at time 728
Warning: TestConstraints found future collision at timestep 674 (will be re-planned)
Agent 0 and 1 collide at location 216 at time 728
Warning: TestConstraints found future collision at end of timestep 674
Agent 0 and 1 collide at location 216 at time 728
Warning: TestConstraints found future collision at timestep 675 (will be re-planned)
Agent 0 and 1 collide at location 216 at time 728
Warning: TestConstraints found future collision at end of timestep 675
Agent 0 and 1 collide at location 216 at time 728
Warning: TestConstraints found future collision at timestep 676 (will be re-planned)
Agent 0 and 1 collide at location 216 at time 728
Warning: TestConstraints found future collision at end of timestep 676
Agent 0 and 1 collide at location 216 at time 728
Warning: TestConstraints found future collision at timestep 677 (will be re-planned)
Agent 0 and 1 collide at location 216 at time 728
Warning: TestConstraints found future collision at end of timestep 677
Agent 0 and 1 collide at location 216 at time 728
Warning: TestConstraints found future collision at timestep 678 (will be re-planned)
Agent 0 and 1 collide at location 216 at time 728
Warning: TestConstraints found future collision at end of timestep 678
Agent 0 and 1 collide at location 216 at time 728
Warning: TestConstraints found future collision at timestep 679 (will be re-planned)
Agent 0 and 1 collide at location 216 at time 728
Warning: TestConstraints found future collision at end of timestep 679
Agent 0 and 1 collide at location 216 at time 728
Warning: TestConstraints found future collision at timestep 680 (will be re-planned)
Agent 0 and 1 collide at location 216 at time 728
Warning: TestConstraints found future collision at end of timestep 680
Agent 0 and 1 collide at location 216 at time 728
Warning: TestConstraints found future collision at timestep 681 (will be re-planned)
Agent 0 and 1 collide at location 216 at time 728
Warning: TestConstraints found future collision at end of timestep 681
Agent 0 and 1 collide at location 216 at time 728
Warning: TestConstraints found future collision at timestep 682 (will be re-planned)
Agent 0 and 1 collide at location 216 at time 728
Warning: TestConstraints found future collision at end of timestep 682
Agent 0 and 1 collide at location 216 at time 728
Warning: TestConstraints found future collision at timestep 683 (will be re-planned)
Agent 0 and 1 collide at location 216 at time 728
Warning: TestConstraints found future collision at end of timestep 683
Agent 0 and 1 collide at location 216 at time 728
Warning: TestConstraints found future collision at timestep 684 (will be re-planned)
Agent 0 and 1 collide at location 216 at time 728
Warning: TestConstraints found future collision at end of timestep 684
Agent 0 and 1 collide at location 216 at time 728
Warning: TestConstraints found future collision at timestep 685 (will be re-planned)
Agent 0 and 1 collide at location 216 at time 728
Warning: TestConstraints found future collision at end of timestep 685
Agent 0 and 1 collide at location 216 at time 728
Warning: TestConstraints found future collision at timestep 686 (will be re-planned)
Agent 0 and 1 collide at location 216 at time 728
Warning: TestConstraints found future collision at end of timestep 686
Agent 0 and 1 collide at location 216 at time 728
Warning: TestConstraints found future collision at timestep 687 (will be re-planned)
Agent 0 and 1 collide at location 216 at time 728
Warning: TestConstraints found future collision at end of timestep 687
Agent 0 and 9 collide at location 547 at time 717
Warning: TestConstraints found future collision at timestep 688 (will be re-planned)
Agent 0 and 9 collide at location 547 at time 717
Warning: TestConstraints found future collision at end of timestep 688
Agent 0 and 9 collide at location 547 at time 717
Warning: TestConstraints found future collision at timestep 689 (will be re-planned)
Agent 0 and 9 collide at location 547 at time 717
Warning: TestConstraints found future collision at end of timestep 689
Agent 2 and 6 collide at edge 299-262 at time 730
Warning: TestConstraints found future collision at timestep 690 (will be re-planned)
Agent 2 and 6 collide at edge 299-262 at time 730
Warning: TestConstraints found future collision at end of timestep 690
Agent 2 and 6 collide at edge 299-262 at time 730
Warning: TestConstraints found future collision at timestep 691 (will be re-planned)
Agent 2 and 6 collide at edge 299-262 at time 730
Warning: TestConstraints found future collision at end of timestep 691
Agent 2 and 6 collide at edge 299-262 at time 730
Warning: TestConstraints found future collision at timestep 692 (will be re-planned)
Agent 2 and 6 collide at edge 299-262 at time 730
Warning: TestConstraints found future collision at end of timestep 692
Agent 2 and 6 collide at edge 299-262 at time 730
Warning: TestConstraints found future collision at timestep 693 (will be re-planned)
Agent 2 and 6 collide at edge 299-262 at time 730
Warning: TestConstraints found future collision at end of timestep 693
Agent 2 and 6 collide at edge 299-262 at time 730
Warning: TestConstraints found future collision at timestep 694 (will be re-planned)
Agent 2 and 6 collide at edge 299-262 at time 730
Warning: TestConstraints found future collision at end of timestep 694
Agent 4 and 7 collide at location 551 at time 740
Warning: TestConstraints found future collision at timestep 695 (will be re-planned)
Agent 4 and 7 collide at location 551 at time 740
Warning: TestConstraints found future collision at end of timestep 695
Agent 4 and 7 collide at location 551 at time 740
Warning: TestConstraints found future collision at timestep 696 (will be re-planned)
Agent 4 and 7 collide at location 551 at time 740
Warning: TestConstraints found future collision at end of timestep 696
Agent 4 and 7 collide at location 551 at time 740
Warning: TestConstraints found future collision at timestep 697 (will be re-planned)
Agent 4 and 7 collide at location 551 at time 740
Warning: TestConstraints found future collision at end of timestep 697
Agent 2 and 6 collide at location 225 at time 732
Warning: TestConstraints found future collision at timestep 698 (will be re-planned)
Agent 2 and 6 collide at location 225 at time 732
Warning: TestConstraints found future collision at end of timestep 698
Agent 2 and 6 collide at location 225 at time 732
Warning: TestConstraints found future collision at timestep 699 (will be re-planned)
Agent 2 and 6 collide at location 225 at time 732
Warning: TestConstraints found future collision at end of timestep 699
Agent 2 and 6 collide at location 225 at time 732
Warning: TestConstraints found future collision at timestep 700 (will be re-planned)
Agent 2 and 6 collide at location 225 at time 732
Warning: TestConstraints found future collision at end of timestep 700
Agent 2 and 6 collide at location 225 at time 732
Warning: TestConstraints found future collision at timestep 701 (will be re-planned)
Agent 2 and 6 collide at location 225 at time 732
Warning: TestConstraints found future collision at end of timestep 701
Agent 2 and 6 collide at location 225 at time 732
Warning: TestConstraints found future collision at timestep 702 (will be re-planned)
Agent 2 and 6 collide at location 225 at time 732
Warning: TestConstraints found future collision at end of timestep 702
Agent 2 and 5 collide at location 240 at time 718
Warning: TestConstraints found future collision at timestep 703 (will be re-planned)
Agent 2 and 5 collide at location 240 at time 718
Warning: TestConstraints found future collision at end of timestep 703
Agent 1 and 3 collide at location 277 at time 713
Warning: TestConstraints found future collision at timestep 704 (will be re-planned)
Agent 1 and 3 collide at location 277 at time 713
Warning: TestConstraints found future collision at end of timestep 704
Agent 1 and 3 collide at location 277 at time 713
Warning: TestConstraints found future collision at timestep 705 (will be re-planned)
Agent 1 and 3 collide at location 277 at time 713
Warning: TestConstraints found future collision at end of timestep 705
Agent 1 and 3 collide at location 277 at time 713
Warning: TestConstraints found future collision at timestep 706 (will be re-planned)
Agent 1 and 3 collide at location 277 at time 713
Warning: TestConstraints found future collision at end of timestep 706
Agent 1 and 3 collide at location 277 at time 713
Warning: TestConstraints found future collision at timestep 707 (will be re-planned)
Agent 1 and 3 collide at location 277 at time 713
Warning: TestConstraints found future collision at end of timestep 707
Agent 1 and 3 collide at location 277 at time 713
Warning: TestConstraints found future collision at timestep 708 (will be re-planned)
Agent 1 and 3 collide at location 277 at time 713
Warning: TestConstraints found future collision at end of timestep 708
Agent 1 and 3 collide at location 277 at time 713
Warning: TestConstraints found future collision at timestep 709 (will be re-planned)
Agent 1 and 3 collide at location 277 at time 713
Warning: TestConstraints found future collision at end of timestep 709
Agent 4 and 7 collide at location 551 at time 746
Warning: TestConstraints found future collision at timestep 710 (will be re-planned)
Agent 4 and 7 collide at location 551 at time 746
Warning: TestConstraints found future collision at end of timestep 710
Agent 4 and 7 collide at location 551 at time 746
Warning: TestConstraints found future collision at timestep 711 (will be re-planned)
Agent 4 and 7 collide at location 551 at time 746
Warning: TestConstraints found future collision at end of timestep 711
Agent 4 and 7 collide at location 551 at time 746
Warning: TestConstraints found future collision at timestep 712 (will be re-planned)
Agent 4 and 7 collide at location 551 at time 746
Warning: TestConstraints found future collision at end of timestep 712
Agent 3 and 4 collide at location 366 at time 769
Warning: TestConstraints found future collision at timestep 713 (will be re-planned)
Agent 3 and 4 collide at location 366 at time 769
Warning: TestConstraints found future collision at end of timestep 713
Agent 3 and 4 collide at location 366 at time 769
Warning: TestConstraints found future collision at timestep 714 (will be re-planned)
Agent 3 and 4 collide at location 366 at time 769
Warning: TestConstraints found future collision at end of timestep 714
Agent 3 and 4 collide at location 366 at time 769
Warning: TestConstraints found future collision at timestep 715 (will be re-planned)
Agent 3 and 4 collide at location 366 at time 769
Warning: TestConstraints found future collision at end of timestep 715
Agent 3 and 4 collide at location 366 at time 769
Warning: TestConstraints found future collision at timestep 716 (will be re-planned)
Agent 3 and 4 collide at location 366 at time 769
Warning: TestConstraints found future collision at end of timestep 716
Agent 3 and 4 collide at location 366 at time 769
Warning: TestConstraints found future collision at timestep 717 (will be re-planned)
Agent 3 and 4 collide at location 366 at time 769
Warning: TestConstraints found future collision at end of timestep 717
Agent 3 and 4 collide at location 366 at time 769
Warning: TestConstraints found future collision at timestep 718 (will be re-planned)
Agent 3 and 4 collide at location 366 at time 769
Warning: TestConstraints found future collision at end of timestep 718
Agent 3 and 4 collide at location 366 at time 769
Warning: TestConstraints found future collision at timestep 719 (will be re-planned)
Agent 3 and 4 collide at location 366 at time 769
Warning: TestConstraints found future collision at end of timestep 719
Agent 0 and 1 collide at location 216 at time 783
Warning: TestConstraints found future collision at timestep 720 (will be re-planned)
Agent 0 and 1 collide at location 216 at time 783
Warning: TestConstraints found future collision at end of timestep 720
Agent 0 and 1 collide at location 216 at time 783
Warning: TestConstraints found future collision at timestep 721 (will be re-planned)
Agent 0 and 1 collide at location 216 at time 783
Warning: TestConstraints found future collision at end of timestep 721
Agent 0 and 1 collide at location 216 at time 783
Warning: TestConstraints found future collision at timestep 722 (will be re-planned)
Agent 0 and 1 collide at location 216 at time 783
Warning: TestConstraints found future collision at end of timestep 722
Agent 2 and 3 collide at edge 758-757 at time 743
Warning: TestConstraints found future collision at timestep 723 (will be re-planned)
Agent 2 and 3 collide at edge 758-757 at time 743
Warning: TestConstraints found future collision at end of timestep 723
Agent 2 and 3 collide at edge 758-757 at time 743
Warning: TestConstraints found future collision at timestep 724 (will be re-planned)
Agent 2 and 3 collide at edge 758-757 at time 743
Warning: TestConstraints found future collision at end of timestep 724
Agent 2 and 3 collide at edge 758-757 at time 743
Warning: TestConstraints found future collision at timestep 725 (will be re-planned)
Agent 2 and 3 collide at edge 758-757 at time 743
Warning: TestConstraints found future collision at end of timestep 725
Agent 2 and 3 collide at edge 758-757 at time 743
Warning: TestConstraints found future collision at timestep 726 (will be re-planned)
Agent 2 and 3 collide at edge 758-757 at time 743
Warning: TestConstraints found future collision at end of timestep 726
Agent 2 and 3 collide at edge 758-757 at time 743
Warning: TestConstraints found future collision at timestep 727 (will be re-planned)
Agent 2 and 3 collide at edge 758-757 at time 743
Warning: TestConstraints found future collision at end of timestep 727
Agent 0 and 1 collide at location 216 at time 783
Warning: TestConstraints found future collision at timestep 728 (will be re-planned)
Agent 0 and 1 collide at location 216 at time 783
Warning: TestConstraints found future collision at end of timestep 728
Agent 0 and 1 collide at location 216 at time 783
Warning: TestConstraints found future collision at timestep 729 (will be re-planned)
Agent 0 and 1 collide at location 216 at time 783
Warning: TestConstraints found future collision at end of timestep 729
Agent 0 and 1 collide at location 216 at time 783
Warning: TestConstraints found future collision at timestep 730 (will be re-planned)
Agent 0 and 1 collide at location 216 at time 783
Warning: TestConstraints found future collision at end of timestep 730
Agent 0 and 1 collide at location 216 at time 783
Warning: TestConstraints found future collision at timestep 731 (will be re-planned)
Agent 0 and 1 collide at location 216 at time 783
Warning: TestConstraints found future collision at end of timestep 731
Agent 0 and 1 collide at location 216 at time 783
Warning: TestConstraints found future collision at timestep 732 (will be re-planned)
Agent 0 and 1 collide at location 216 at time 783
Warning: TestConstraints found future collision at end of timestep 732
Agent 0 and 1 collide at location 216 at time 783
Warning: TestConstraints found future collision at timestep 733 (will be re-planned)
Agent 0 and 1 collide at location 216 at time 783
Warning: TestConstraints found future collision at end of timestep 733
Agent 0 and 1 collide at location 216 at time 783
Warning: TestConstraints found future collision at timestep 734 (will be re-planned)
Agent 0 and 1 collide at location 216 at time 783
Warning: TestConstraints found future collision at end of timestep 734
Agent 0 and 1 collide at location 216 at time 783
Warning: TestConstraints found future collision at timestep 735 (will be re-planned)
Agent 0 and 1 collide at location 216 at time 783
Warning: TestConstraints found future collision at end of timestep 735
Agent 0 and 1 collide at location 216 at time 783
Warning: TestConstraints found future collision at timestep 736 (will be re-planned)
Agent 0 and 1 collide at location 216 at time 783
Warning: TestConstraints found future collision at end of timestep 736
Agent 0 and 1 collide at location 216 at time 783
Warning: TestConstraints found future collision at timestep 737 (will be re-planned)
Agent 0 and 1 collide at location 216 at time 783
Warning: TestConstraints found future collision at end of timestep 737
Agent 0 and 1 collide at location 216 at time 783
Warning: TestConstraints found future collision at timestep 738 (will be re-planned)
Agent 0 and 1 collide at location 216 at time 783
Warning: TestConstraints found future collision at end of timestep 738
Agent 0 and 1 collide at location 216 at time 783
Warning: TestConstraints found future collision at timestep 739 (will be re-planned)
Agent 0 and 1 collide at location 216 at time 783
Warning: TestConstraints found future collision at end of timestep 739
Agent 0 and 1 collide at location 216 at time 783
Warning: TestConstraints found future collision at timestep 740 (will be re-planned)
Agent 0 and 1 collide at location 216 at time 783
Warning: TestConstraints found future collision at end of timestep 740
Agent 0 and 1 collide at location 216 at time 783
Warning: TestConstraints found future collision at timestep 741 (will be re-planned)
Agent 0 and 1 collide at location 216 at time 783
Warning: TestConstraints found future collision at end of timestep 741
Agent 0 and 1 collide at location 216 at time 783
Warning: TestConstraints found future collision at timestep 742 (will be re-planned)
Agent 0 and 1 collide at location 216 at time 783
Warning: TestConstraints found future collision at end of timestep 742
Agent 0 and 1 collide at location 216 at time 783
Warning: TestConstraints found future collision at timestep 743 (will be re-planned)
Agent 0 and 1 collide at location 216 at time 783
Warning: TestConstraints found future collision at end of timestep 743
Agent 0 and 1 collide at location 216 at time 783
Warning: TestConstraints found future collision at timestep 744 (will be re-planned)
Agent 0 and 1 collide at location 216 at time 783
Warning: TestConstraints found future collision at end of timestep 744
Agent 0 and 1 collide at location 216 at time 783
Warning: TestConstraints found future collision at timestep 745 (will be re-planned)
Agent 0 and 1 collide at location 216 at time 783
Warning: TestConstraints found future collision at end of timestep 745
Agent 0 and 1 collide at location 216 at time 783
Warning: TestConstraints found future collision at timestep 746 (will be re-planned)
Agent 0 and 1 collide at location 216 at time 783
Warning: TestConstraints found future collision at end of timestep 746
Agent 1 and 2 collide at location 373 at time 771
Warning: TestConstraints found future collision at timestep 747 (will be re-planned)
Agent 1 and 2 collide at location 373 at time 771
Warning: TestConstraints found future collision at end of timestep 747
Agent 1 and 2 collide at location 373 at time 771
Warning: TestConstraints found future collision at timestep 748 (will be re-planned)
Agent 1 and 2 collide at location 373 at time 771
Warning: TestConstraints found future collision at end of timestep 748
Agent 1 and 2 collide at location 373 at time 771
Warning: TestConstraints found future collision at timestep 749 (will be re-planned)
Agent 1 and 2 collide at location 373 at time 771
Warning: TestConstraints found future collision at end of timestep 749
Agent 1 and 2 collide at location 373 at time 771
Warning: TestConstraints found future collision at timestep 750 (will be re-planned)
Agent 1 and 2 collide at location 373 at time 771
Warning: TestConstraints found future collision at end of timestep 750
Agent 1 and 2 collide at location 373 at time 771
Warning: TestConstraints found future collision at timestep 751 (will be re-planned)
Agent 1 and 2 collide at location 373 at time 771
Warning: TestConstraints found future collision at end of timestep 751
Agent 1 and 2 collide at location 373 at time 771
Warning: TestConstraints found future collision at timestep 752 (will be re-planned)
Agent 1 and 2 collide at location 373 at time 771
Warning: TestConstraints found future collision at end of timestep 752
Agent 1 and 2 collide at location 373 at time 771
Warning: TestConstraints found future collision at timestep 753 (will be re-planned)
Agent 1 and 2 collide at location 373 at time 771
Warning: TestConstraints found future collision at end of timestep 753
Agent 6 and 9 collide at edge 684-647 at time 760
Warning: TestConstraints found future collision at timestep 754 (will be re-planned)
Agent 6 and 9 collide at edge 684-647 at time 760
Warning: TestConstraints found future collision at end of timestep 754
Agent 2 and 6 collide at edge 410-373 at time 797
Warning: TestConstraints found future collision at timestep 756 (will be re-planned)
Agent 2 and 6 collide at edge 410-373 at time 797
Warning: TestConstraints found future collision at end of timestep 756
Agent 2 and 6 collide at edge 410-373 at time 797
Warning: TestConstraints found future collision at timestep 757 (will be re-planned)
Agent 2 and 6 collide at edge 410-373 at time 797
Warning: TestConstraints found future collision at end of timestep 757
Agent 2 and 6 collide at edge 410-373 at time 797
Warning: TestConstraints found future collision at timestep 758 (will be re-planned)
Agent 2 and 6 collide at edge 410-373 at time 797
Warning: TestConstraints found future collision at end of timestep 758
Agent 2 and 6 collide at edge 410-373 at time 797
Warning: TestConstraints found future collision at timestep 759 (will be re-planned)
Agent 2 and 6 collide at edge 410-373 at time 797
Warning: TestConstraints found future collision at end of timestep 759
Agent 2 and 6 collide at edge 410-373 at time 797
Warning: TestConstraints found future collision at timestep 760 (will be re-planned)
Agent 2 and 6 collide at edge 410-373 at time 797
Warning: TestConstraints found future collision at end of timestep 760
Agent 2 and 6 collide at edge 410-373 at time 797
Warning: TestConstraints found future collision at timestep 761 (will be re-planned)
Agent 2 and 6 collide at edge 410-373 at time 797
Warning: TestConstraints found future collision at end of timestep 761
Agent 2 and 6 collide at edge 410-373 at time 797
Warning: TestConstraints found future collision at timestep 762 (will be re-planned)
Agent 2 and 6 collide at edge 410-373 at time 797
Warning: TestConstraints found future collision at end of timestep 762
Agent 2 and 6 collide at edge 410-373 at time 797
Warning: TestConstraints found future collision at timestep 763 (will be re-planned)
Agent 2 and 6 collide at edge 410-373 at time 797
Warning: TestConstraints found future collision at end of timestep 763
Agent 2 and 6 collide at edge 410-373 at time 797
Warning: TestConstraints found future collision at timestep 764 (will be re-planned)
Agent 2 and 6 collide at edge 410-373 at time 797
Warning: TestConstraints found future collision at end of timestep 764
Agent 2 and 6 collide at edge 410-373 at time 797
Warning: TestConstraints found future collision at timestep 765 (will be re-planned)
Agent 2 and 6 collide at edge 410-373 at time 797
Warning: TestConstraints found future collision at end of timestep 765
Agent 2 and 6 collide at edge 410-373 at time 797
Warning: TestConstraints found future collision at timestep 766 (will be re-planned)
Agent 2 and 6 collide at edge 410-373 at time 797
Warning: TestConstraints found future collision at end of timestep 766
Agent 2 and 6 collide at edge 410-373 at time 797
Warning: TestConstraints found future collision at timestep 767 (will be re-planned)
Agent 2 and 6 collide at edge 410-373 at time 797
Warning: TestConstraints found future collision at end of timestep 767
Agent 2 and 6 collide at edge 410-373 at time 797
Warning: TestConstraints found future collision at timestep 768 (will be re-planned)
Agent 2 and 6 collide at edge 410-373 at time 797
Warning: TestConstraints found future collision at end of timestep 768
Agent 2 and 6 collide at edge 410-373 at time 797
Warning: TestConstraints found future collision at timestep 769 (will be re-planned)
Agent 2 and 6 collide at edge 410-373 at time 797
Warning: TestConstraints found future collision at end of timestep 769
Agent 2 and 6 collide at edge 410-373 at time 797
Warning: TestConstraints found future collision at timestep 770 (will be re-planned)
Agent 2 and 6 collide at edge 410-373 at time 797
Warning: TestConstraints found future collision at end of timestep 770
Agent 2 and 6 collide at edge 410-373 at time 797
Warning: TestConstraints found future collision at timestep 771 (will be re-planned)
Agent 2 and 6 collide at edge 410-373 at time 797
Warning: TestConstraints found future collision at end of timestep 771
Agent 2 and 6 collide at edge 410-373 at time 797
Warning: TestConstraints found future collision at timestep 772 (will be re-planned)
Agent 2 and 6 collide at edge 410-373 at time 797
Warning: TestConstraints found future collision at end of timestep 772
Agent 2 and 6 collide at edge 410-373 at time 797
Warning: TestConstraints found future collision at timestep 773 (will be re-planned)
Agent 2 and 6 collide at edge 410-373 at time 797
Warning: TestConstraints found future collision at end of timestep 773
Agent 2 and 6 collide at location 225 at time 806
Warning: TestConstraints found future collision at timestep 774 (will be re-planned)
Agent 2 and 6 collide at location 225 at time 806
Warning: TestConstraints found future collision at end of timestep 774
Agent 2 and 6 collide at location 225 at time 806
Warning: TestConstraints found future collision at timestep 775 (will be re-planned)
Agent 2 and 6 collide at location 225 at time 806
Warning: TestConstraints found future collision at end of timestep 775
Agent 2 and 6 collide at location 225 at time 806
Warning: TestConstraints found future collision at timestep 776 (will be re-planned)
Agent 2 and 6 collide at location 225 at time 806
Warning: TestConstraints found future collision at end of timestep 776
Agent 2 and 6 collide at location 521 at time 817
Warning: TestConstraints found future collision at timestep 778 (will be re-planned)
Agent 2 and 6 collide at location 521 at time 817
Warning: TestConstraints found future collision at end of timestep 778
Agent 2 and 6 collide at location 521 at time 817
Warning: TestConstraints found future collision at timestep 779 (will be re-planned)
Agent 2 and 6 collide at location 521 at time 817
Warning: TestConstraints found future collision at end of timestep 779
Agent 2 and 6 collide at location 521 at time 817
Warning: TestConstraints found future collision at timestep 780 (will be re-planned)
Agent 2 and 6 collide at location 521 at time 817
Warning: TestConstraints found future collision at end of timestep 780
Agent 2 and 6 collide at location 521 at time 817
Warning: TestConstraints found future collision at timestep 781 (will be re-planned)
Agent 2 and 6 collide at location 521 at time 817
Warning: TestConstraints found future collision at end of timestep 781
Agent 2 and 6 collide at location 521 at time 817
Warning: TestConstraints found future collision at timestep 782 (will be re-planned)
Agent 2 and 6 collide at location 521 at time 817
Warning: TestConstraints found future collision at end of timestep 782
Agent 2 and 6 collide at location 521 at time 817
Warning: TestConstraints found future collision at timestep 783 (will be re-planned)
Agent 2 and 6 collide at location 521 at time 817
Warning: TestConstraints found future collision at end of timestep 783
Agent 2 and 6 collide at location 521 at time 817
Warning: TestConstraints found future collision at timestep 784 (will be re-planned)
Agent 2 and 6 collide at location 521 at time 817
Warning: TestConstraints found future collision at end of timestep 784
Agent 2 and 6 collide at location 521 at time 817
Warning: TestConstraints found future collision at timestep 785 (will be re-planned)
Agent 2 and 6 collide at location 521 at time 817
Warning: TestConstraints found future collision at end of timestep 785
Agent 2 and 6 collide at location 521 at time 817
Warning: TestConstraints found future collision at timestep 786 (will be re-planned)
Agent 2 and 6 collide at location 521 at time 817
Warning: TestConstraints found future collision at end of timestep 786
Agent 2 and 6 collide at location 521 at time 817
Warning: TestConstraints found future collision at timestep 787 (will be re-planned)
Agent 2 and 6 collide at location 521 at time 817
Warning: TestConstraints found future collision at end of timestep 787
Agent 2 and 6 collide at location 521 at time 817
Warning: TestConstraints found future collision at timestep 788 (will be re-planned)
Agent 2 and 6 collide at location 521 at time 817
Warning: TestConstraints found future collision at end of timestep 788
Agent 2 and 6 collide at location 521 at time 817
Warning: TestConstraints found future collision at timestep 789 (will be re-planned)
Agent 2 and 6 collide at location 521 at time 817
Warning: TestConstraints found future collision at end of timestep 789
Agent 6 and 7 collide at edge 533-532 at time 803
Warning: TestConstraints found future collision at timestep 790 (will be re-planned)
Agent 6 and 7 collide at edge 533-532 at time 803
Warning: TestConstraints found future collision at end of timestep 790
Agent 6 and 7 collide at edge 533-532 at time 803
Warning: TestConstraints found future collision at timestep 791 (will be re-planned)
Agent 6 and 7 collide at edge 533-532 at time 803
Warning: TestConstraints found future collision at end of timestep 791
Agent 6 and 7 collide at edge 533-532 at time 803
Warning: TestConstraints found future collision at timestep 792 (will be re-planned)
Agent 6 and 7 collide at edge 533-532 at time 803
Warning: TestConstraints found future collision at end of timestep 792
Agent 6 and 7 collide at edge 533-532 at time 803
Warning: TestConstraints found future collision at timestep 793 (will be re-planned)
Agent 6 and 7 collide at edge 533-532 at time 803
Warning: TestConstraints found future collision at end of timestep 793
Agent 6 and 7 collide at edge 533-532 at time 803
Warning: TestConstraints found future collision at timestep 794 (will be re-planned)
Agent 6 and 7 collide at edge 533-532 at time 803
Warning: TestConstraints found future collision at end of timestep 794
Agent 3 and 4 collide at location 366 at time 841
Warning: TestConstraints found future collision at timestep 795 (will be re-planned)
Agent 3 and 4 collide at location 366 at time 841
Warning: TestConstraints found future collision at end of timestep 795
Agent 3 and 4 collide at location 366 at time 841
Warning: TestConstraints found future collision at timestep 796 (will be re-planned)
Agent 3 and 4 collide at location 366 at time 841
Warning: TestConstraints found future collision at end of timestep 796
Agent 3 and 4 collide at location 366 at time 841
Warning: TestConstraints found future collision at timestep 797 (will be re-planned)
Agent 3 and 4 collide at location 366 at time 841
Warning: TestConstraints found future collision at end of timestep 797
Agent 0 and 1 collide at location 216 at time 844
Warning: TestConstraints found future collision at timestep 798 (will be re-planned)
Agent 0 and 1 collide at location 216 at time 844
Warning: TestConstraints found future collision at end of timestep 798
Agent 0 and 1 collide at location 216 at time 844
Warning: TestConstraints found future collision at timestep 799 (will be re-planned)
Agent 0 and 1 collide at location 216 at time 844
Warning: TestConstraints found future collision at end of timestep 799
Agent 0 and 1 collide at location 216 at time 844
Warning: TestConstraints found future collision at timestep 800 (will be re-planned)
Agent 0 and 1 collide at location 216 at time 844
Warning: TestConstraints found future collision at end of timestep 800
Agent 0 and 1 collide at location 216 at time 844
Warning: TestConstraints found future collision at timestep 801 (will be re-planned)
Agent 0 and 1 collide at location 216 at time 844
Warning: TestConstraints found future collision at end of timestep 801
Agent 0 and 1 collide at location 216 at time 844
Warning: TestConstraints found future collision at timestep 802 (will be re-planned)
Agent 0 and 1 collide at location 216 at time 844
Warning: TestConstraints found future collision at end of timestep 802
Agent 0 and 1 collide at location 216 at time 844
Warning: TestConstraints found future collision at timestep 803 (will be re-planned)
Agent 0 and 1 collide at location 216 at time 844
Warning: TestConstraints found future collision at end of timestep 803
Agent 0 and 1 collide at location 216 at time 844
Warning: TestConstraints found future collision at timestep 804 (will be re-planned)
Agent 0 and 1 collide at location 216 at time 844
Warning: TestConstraints found future collision at end of timestep 804
Agent 0 and 1 collide at location 216 at time 844
Warning: TestConstraints found future collision at timestep 805 (will be re-planned)
Agent 0 and 1 collide at location 216 at time 844
Warning: TestConstraints found future collision at end of timestep 805
Agent 0 and 9 collide at location 399 at time 837
Warning: TestConstraints found future collision at timestep 806 (will be re-planned)
Agent 0 and 9 collide at location 399 at time 837
Warning: TestConstraints found future collision at end of timestep 806
Agent 0 and 9 collide at location 399 at time 837
Warning: TestConstraints found future collision at timestep 807 (will be re-planned)
Agent 0 and 9 collide at location 399 at time 837
Warning: TestConstraints found future collision at end of timestep 807
Agent 0 and 9 collide at location 399 at time 837
Warning: TestConstraints found future collision at timestep 808 (will be re-planned)
Agent 0 and 9 collide at location 399 at time 837
Warning: TestConstraints found future collision at end of timestep 808
Agent 0 and 9 collide at location 399 at time 837
Warning: TestConstraints found future collision at timestep 809 (will be re-planned)
Agent 0 and 9 collide at location 399 at time 837
Warning: TestConstraints found future collision at end of timestep 809
Agent 0 and 9 collide at location 399 at time 837
Warning: TestConstraints found future collision at timestep 810 (will be re-planned)
Agent 0 and 9 collide at location 399 at time 837
Warning: TestConstraints found future collision at end of timestep 810
Agent 0 and 9 collide at location 399 at time 837
Warning: TestConstraints found future collision at timestep 811 (will be re-planned)
Agent 0 and 9 collide at location 399 at time 837
Warning: TestConstraints found future collision at end of timestep 811
Agent 0 and 9 collide at location 399 at time 837
Warning: TestConstraints found future collision at timestep 812 (will be re-planned)
Agent 0 and 9 collide at location 399 at time 837
Warning: TestConstraints found future collision at end of timestep 812
Agent 0 and 9 collide at location 399 at time 837
Warning: TestConstraints found future collision at timestep 813 (will be re-planned)
Agent 0 and 9 collide at location 399 at time 837
Warning: TestConstraints found future collision at end of timestep 813
Agent 0 and 9 collide at location 399 at time 837
Warning: TestConstraints found future collision at timestep 814 (will be re-planned)
Agent 0 and 9 collide at location 399 at time 837
Warning: TestConstraints found future collision at end of timestep 814
Agent 0 and 9 collide at location 399 at time 837
Warning: TestConstraints found future collision at timestep 815 (will be re-planned)
Agent 0 and 9 collide at location 399 at time 837
Warning: TestConstraints found future collision at end of timestep 815
Agent 0 and 9 collide at location 399 at time 837
Warning: TestConstraints found future collision at timestep 816 (will be re-planned)
Agent 0 and 9 collide at location 399 at time 837
Warning: TestConstraints found future collision at end of timestep 816
Agent 0 and 9 collide at location 399 at time 837
Warning: TestConstraints found future collision at timestep 817 (will be re-planned)
Agent 0 and 9 collide at location 399 at time 837
Warning: TestConstraints found future collision at end of timestep 817
Agent 0 and 9 collide at location 399 at time 837
Warning: TestConstraints found future collision at timestep 818 (will be re-planned)
Agent 0 and 9 collide at location 399 at time 837
Warning: TestConstraints found future collision at end of timestep 818
Agent 0 and 9 collide at location 399 at time 837
Warning: TestConstraints found future collision at timestep 819 (will be re-planned)
Agent 0 and 9 collide at location 399 at time 837
Warning: TestConstraints found future collision at end of timestep 819
Agent 0 and 9 collide at location 399 at time 837
Warning: TestConstraints found future collision at timestep 820 (will be re-planned)
Agent 0 and 9 collide at location 399 at time 837
Warning: TestConstraints found future collision at end of timestep 820
Agent 0 and 9 collide at location 399 at time 837
Warning: TestConstraints found future collision at timestep 821 (will be re-planned)
Agent 0 and 9 collide at location 399 at time 837
Warning: TestConstraints found future collision at end of timestep 821
Agent 0 and 9 collide at location 399 at time 837
Warning: TestConstraints found future collision at timestep 822 (will be re-planned)
Agent 0 and 9 collide at location 399 at time 837
Warning: TestConstraints found future collision at end of timestep 822
Agent 2 and 6 collide at location 225 at time 862
Warning: TestConstraints found future collision at timestep 823 (will be re-planned)
Agent 2 and 6 collide at location 225 at time 862
Warning: TestConstraints found future collision at end of timestep 823
Agent 2 and 6 collide at location 225 at time 862
Warning: TestConstraints found future collision at timestep 824 (will be re-planned)
Agent 2 and 6 collide at location 225 at time 862
Warning: TestConstraints found future collision at end of timestep 824
Agent 2 and 6 collide at location 225 at time 862
Warning: TestConstraints found future collision at timestep 825 (will be re-planned)
Agent 2 and 6 collide at location 225 at time 862
Warning: TestConstraints found future collision at end of timestep 825
Agent 2 and 6 collide at location 225 at time 862
Warning: TestConstraints found future collision at timestep 826 (will be re-planned)
Agent 2 and 6 collide at location 225 at time 862
Warning: TestConstraints found future collision at end of timestep 826
Agent 0 and 1 collide at location 216 at time 890
Warning: TestConstraints found future collision at timestep 827 (will be re-planned)
Agent 0 and 1 collide at location 216 at time 890
Warning: TestConstraints found future collision at end of timestep 827
Agent 0 and 1 collide at location 216 at time 890
Warning: TestConstraints found future collision at timestep 828 (will be re-planned)
Agent 0 and 1 collide at location 216 at time 890
Warning: TestConstraints found future collision at end of timestep 828
Agent 0 and 1 collide at location 216 at time 890
Warning: TestConstraints found future collision at timestep 829 (will be re-planned)
Agent 0 and 1 collide at location 216 at time 890
Warning: TestConstraints found future collision at end of timestep 829
Agent 0 and 1 collide at location 216 at time 890
Warning: TestConstraints found future collision at timestep 830 (will be re-planned)
Agent 0 and 1 collide at location 216 at time 890
Warning: TestConstraints found future collision at end of timestep 830
Agent 0 and 1 collide at location 216 at time 890
Warning: TestConstraints found future collision at timestep 831 (will be re-planned)
Agent 0 and 1 collide at location 216 at time 890
Warning: TestConstraints found future collision at end of timestep 831
Agent 0 and 1 collide at location 216 at time 890
Warning: TestConstraints found future collision at timestep 832 (will be re-planned)
Agent 0 and 1 collide at location 216 at time 890
Warning: TestConstraints found future collision at end of timestep 832
Agent 0 and 1 collide at location 216 at time 890
Warning: TestConstraints found future collision at timestep 833 (will be re-planned)
Agent 0 and 1 collide at location 216 at time 890
Warning: TestConstraints found future collision at end of timestep 833
Agent 0 and 1 collide at location 216 at time 890
Warning: TestConstraints found future collision at timestep 834 (will be re-planned)
Agent 0 and 1 collide at location 216 at time 890
Warning: TestConstraints found future collision at end of timestep 834
Agent 0 and 1 collide at location 216 at time 890
Warning: TestConstraints found future collision at timestep 835 (will be re-planned)
Agent 0 and 1 collide at location 216 at time 890
Warning: TestConstraints found future collision at end of timestep 835
Agent 0 and 1 collide at location 216 at time 890
Warning: TestConstraints found future collision at timestep 836 (will be re-planned)
Agent 0 and 1 collide at location 216 at time 890
Warning: TestConstraints found future collision at end of timestep 836
Agent 0 and 1 collide at location 216 at time 890
Warning: TestConstraints found future collision at timestep 837 (will be re-planned)
Agent 0 and 1 collide at location 216 at time 890
Warning: TestConstraints found future collision at end of timestep 837
Agent 0 and 1 collide at location 216 at time 890
Warning: TestConstraints found future collision at timestep 838 (will be re-planned)
Agent 0 and 1 collide at location 216 at time 890
Warning: TestConstraints found future collision at end of timestep 838
Agent 0 and 1 collide at location 216 at time 890
Warning: TestConstraints found future collision at timestep 839 (will be re-planned)
Agent 0 and 1 collide at location 216 at time 890
Warning: TestConstraints found future collision at end of timestep 839
Agent 0 and 1 collide at location 216 at time 890
Warning: TestConstraints found future collision at timestep 840 (will be re-planned)
Agent 0 and 1 collide at location 216 at time 890
Warning: TestConstraints found future collision at end of timestep 840
Agent 0 and 8 collide at edge 749-750 at time 854
Warning: TestConstraints found future collision at timestep 841 (will be re-planned)
Agent 0 and 8 collide at edge 749-750 at time 854
Warning: TestConstraints found future collision at end of timestep 841
Agent 0 and 8 collide at edge 749-750 at time 854
Warning: TestConstraints found future collision at timestep 842 (will be re-planned)
Agent 0 and 8 collide at edge 749-750 at time 854
Warning: TestConstraints found future collision at end of timestep 842
Agent 0 and 8 collide at edge 749-750 at time 854
Warning: TestConstraints found future collision at timestep 843 (will be re-planned)
Agent 0 and 8 collide at edge 749-750 at time 854
Warning: TestConstraints found future collision at end of timestep 843
Agent 0 and 8 collide at edge 749-750 at time 854
Warning: TestConstraints found future collision at timestep 844 (will be re-planned)
Agent 0 and 8 collide at edge 749-750 at time 854
Warning: TestConstraints found future collision at end of timestep 844
Agent 0 and 8 collide at edge 749-750 at time 854
Warning: TestConstraints found future collision at timestep 845 (will be re-planned)
Agent 0 and 8 collide at edge 749-750 at time 854
Warning: TestConstraints found future collision at end of timestep 845
Agent 0 and 8 collide at edge 749-750 at time 854
Warning: TestConstraints found future collision at timestep 846 (will be re-planned)
Agent 0 and 8 collide at edge 749-750 at time 854
Warning: TestConstraints found future collision at end of timestep 846
Agent 0 and 8 collide at edge 749-750 at time 854
Warning: TestConstraints found future collision at timestep 847 (will be re-planned)
Agent 0 and 8 collide at edge 749-750 at time 854
Warning: TestConstraints found future collision at end of timestep 847
Agent 0 and 8 collide at edge 749-750 at time 854
Warning: TestConstraints found future collision at timestep 848 (will be re-planned)
Agent 0 and 8 collide at edge 749-750 at time 854
Warning: TestConstraints found future collision at end of timestep 848
Agent 0 and 8 collide at edge 749-750 at time 854
Warning: TestConstraints found future collision at timestep 849 (will be re-planned)
Agent 0 and 8 collide at edge 749-750 at time 854
Warning: TestConstraints found future collision at end of timestep 849
Agent 2 and 6 collide at location 521 at time 899
Warning: TestConstraints found future collision at timestep 850 (will be re-planned)
Agent 2 and 6 collide at location 521 at time 899
Warning: TestConstraints found future collision at end of timestep 850
Agent 2 and 6 collide at location 521 at time 899
Warning: TestConstraints found future collision at timestep 851 (will be re-planned)
Agent 2 and 6 collide at location 521 at time 899
Warning: TestConstraints found future collision at end of timestep 851
Agent 2 and 6 collide at location 521 at time 899
Warning: TestConstraints found future collision at timestep 852 (will be re-planned)
Agent 2 and 6 collide at location 521 at time 899
Warning: TestConstraints found future collision at end of timestep 852
Agent 2 and 6 collide at location 521 at time 899
Warning: TestConstraints found future collision at timestep 853 (will be re-planned)
Agent 2 and 6 collide at location 521 at time 899
Warning: TestConstraints found future collision at end of timestep 853
Agent 2 and 6 collide at location 521 at time 899
Warning: TestConstraints found future collision at timestep 854 (will be re-planned)
Agent 2 and 6 collide at location 521 at time 899
Warning: TestConstraints found future collision at end of timestep 854
Agent 2 and 6 collide at location 521 at time 899
Warning: TestConstraints found future collision at timestep 855 (will be re-planned)
Agent 2 and 6 collide at location 521 at time 899
Warning: TestConstraints found future collision at end of timestep 855
Agent 2 and 6 collide at location 521 at time 899
Warning: TestConstraints found future collision at timestep 856 (will be re-planned)
Agent 2 and 6 collide at location 521 at time 899
Warning: TestConstraints found future collision at end of timestep 856
Agent 2 and 6 collide at location 521 at time 899
Warning: TestConstraints found future collision at timestep 857 (will be re-planned)
Agent 2 and 6 collide at location 521 at time 899
Warning: TestConstraints found future collision at end of timestep 857
Agent 2 and 6 collide at location 521 at time 899
Warning: TestConstraints found future collision at timestep 858 (will be re-planned)
Agent 2 and 6 collide at location 521 at time 899
Warning: TestConstraints found future collision at end of timestep 858
Agent 2 and 6 collide at location 521 at time 899
Warning: TestConstraints found future collision at timestep 859 (will be re-planned)
Agent 2 and 6 collide at location 521 at time 899
Warning: TestConstraints found future collision at end of timestep 859
Agent 2 and 6 collide at location 521 at time 899
Warning: TestConstraints found future collision at timestep 860 (will be re-planned)
Agent 2 and 6 collide at location 521 at time 899
Warning: TestConstraints found future collision at end of timestep 860
Agent 2 and 6 collide at location 521 at time 899
Warning: TestConstraints found future collision at timestep 861 (will be re-planned)
Agent 2 and 6 collide at location 521 at time 899
Warning: TestConstraints found future collision at end of timestep 861
Agent 2 and 6 collide at location 521 at time 899
Warning: TestConstraints found future collision at timestep 862 (will be re-planned)
Agent 2 and 6 collide at location 521 at time 899
Warning: TestConstraints found future collision at end of timestep 862
Agent 2 and 6 collide at location 521 at time 899
Warning: TestConstraints found future collision at timestep 863 (will be re-planned)
Agent 2 and 6 collide at location 521 at time 899
Warning: TestConstraints found future collision at end of timestep 863
Agent 2 and 4 collide at edge 538-537 at time 883
Warning: TestConstraints found future collision at timestep 864 (will be re-planned)
Agent 2 and 4 collide at edge 538-537 at time 883
Warning: TestConstraints found future collision at end of timestep 864
Agent 2 and 6 collide at location 521 at time 899
Warning: TestConstraints found future collision at timestep 865 (will be re-planned)
Agent 2 and 6 collide at location 521 at time 899
Warning: TestConstraints found future collision at end of timestep 865
Agent 2 and 6 collide at location 521 at time 899
Warning: TestConstraints found future collision at timestep 866 (will be re-planned)
Agent 2 and 6 collide at location 521 at time 899
Warning: TestConstraints found future collision at end of timestep 866
Agent 2 and 6 collide at location 521 at time 899
Warning: TestConstraints found future collision at timestep 867 (will be re-planned)
Agent 2 and 6 collide at location 521 at time 899
Warning: TestConstraints found future collision at end of timestep 867
Agent 2 and 6 collide at location 521 at time 899
Warning: TestConstraints found future collision at timestep 868 (will be re-planned)
Agent 2 and 6 collide at location 521 at time 899
Warning: TestConstraints found future collision at end of timestep 868
Agent 2 and 6 collide at location 521 at time 899
Warning: TestConstraints found future collision at timestep 869 (will be re-planned)
Agent 2 and 6 collide at location 521 at time 899
Warning: TestConstraints found future collision at end of timestep 869
Agent 2 and 6 collide at location 521 at time 899
Warning: TestConstraints found future collision at timestep 870 (will be re-planned)
Agent 2 and 6 collide at location 521 at time 899
Warning: TestConstraints found future collision at end of timestep 870
Agent 2 and 6 collide at location 521 at time 899
Warning: TestConstraints found future collision at timestep 871 (will be re-planned)
Agent 2 and 6 collide at location 521 at time 899
Warning: TestConstraints found future collision at end of timestep 871
Agent 1 and 2 collide at location 693 at time 879
Warning: TestConstraints found future collision at timestep 872 (will be re-planned)
Agent 1 and 2 collide at location 693 at time 879
Warning: TestConstraints found future collision at end of timestep 872
Agent 1 and 2 collide at location 693 at time 879
Warning: TestConstraints found future collision at timestep 873 (will be re-planned)
Agent 1 and 2 collide at location 693 at time 879
Warning: TestConstraints found future collision at end of timestep 873
Agent 1 and 2 collide at location 693 at time 879
Warning: TestConstraints found future collision at timestep 874 (will be re-planned)
Agent 1 and 2 collide at location 693 at time 879
Warning: TestConstraints found future collision at end of timestep 874
Agent 1 and 2 collide at location 693 at time 879
Warning: TestConstraints found future collision at timestep 875 (will be re-planned)
Agent 1 and 2 collide at location 693 at time 879
Warning: TestConstraints found future collision at end of timestep 875
Agent 4 and 7 collide at location 551 at time 916
Warning: TestConstraints found future collision at timestep 876 (will be re-planned)
Agent 4 and 7 collide at location 551 at time 916
Warning: TestConstraints found future collision at end of timestep 876
Agent 4 and 7 collide at location 551 at time 916
Warning: TestConstraints found future collision at timestep 877 (will be re-planned)
Agent 4 and 7 collide at location 551 at time 916
Warning: TestConstraints found future collision at end of timestep 877
Agent 4 and 7 collide at location 551 at time 916
Warning: TestConstraints found future collision at timestep 878 (will be re-planned)
Agent 4 and 7 collide at location 551 at time 916
Warning: TestConstraints found future collision at end of timestep 878
Agent 2 and 7 collide at location 499 at time 893
Warning: TestConstraints found future collision at timestep 879 (will be re-planned)
Agent 2 and 7 collide at location 499 at time 893
Warning: TestConstraints found future collision at end of timestep 879
Agent 2 and 7 collide at location 499 at time 893
Warning: TestConstraints found future collision at timestep 880 (will be re-planned)
Agent 2 and 7 collide at location 499 at time 893
Warning: TestConstraints found future collision at end of timestep 880
Agent 2 and 8 collide at location 314 at time 898
Warning: TestConstraints found future collision at timestep 881 (will be re-planned)
Agent 2 and 8 collide at location 314 at time 898
Warning: TestConstraints found future collision at end of timestep 881
Agent 2 and 8 collide at location 314 at time 898
Warning: TestConstraints found future collision at timestep 882 (will be re-planned)
Agent 2 and 8 collide at location 314 at time 898
Warning: TestConstraints found future collision at end of timestep 882
Agent 2 and 8 collide at location 314 at time 898
Warning: TestConstraints found future collision at timestep 883 (will be re-planned)
Agent 2 and 8 collide at location 314 at time 898
Warning: TestConstraints found future collision at end of timestep 883
Agent 2 and 8 collide at location 314 at time 898
Warning: TestConstraints found future collision at timestep 884 (will be re-planned)
Agent 2 and 8 collide at location 314 at time 898
Warning: TestConstraints found future collision at end of timestep 884
Agent 2 and 8 collide at location 314 at time 898
Warning: TestConstraints found future collision at timestep 885 (will be re-planned)
Agent 2 and 8 collide at location 314 at time 898
Warning: TestConstraints found future collision at end of timestep 885
Agent 2 and 8 collide at location 314 at time 898
Warning: TestConstraints found future collision at timestep 886 (will be re-planned)
Agent 2 and 8 collide at location 314 at time 898
Warning: TestConstraints found future collision at end of timestep 886
Agent 2 and 8 collide at location 314 at time 898
Warning: TestConstraints found future collision at timestep 887 (will be re-planned)
Agent 2 and 8 collide at location 314 at time 898
Warning: TestConstraints found future collision at end of timestep 887
Agent 2 and 8 collide at location 314 at time 898
Warning: TestConstraints found future collision at timestep 888 (will be re-planned)
Agent 2 and 8 collide at location 314 at time 898
Warning: TestConstraints found future collision at end of timestep 888
Agent 2 and 6 collide at location 225 at time 946
Warning: TestConstraints found future collision at timestep 889 (will be re-planned)
Agent 2 and 6 collide at location 225 at time 946
Warning: TestConstraints found future collision at end of timestep 889
Agent 2 and 6 collide at location 225 at time 946
Warning: TestConstraints found future collision at timestep 890 (will be re-planned)
Agent 2 and 6 collide at location 225 at time 946
Warning: TestConstraints found future collision at end of timestep 890
Agent 2 and 6 collide at location 225 at time 946
Warning: TestConstraints found future collision at timestep 891 (will be re-planned)
Agent 2 and 6 collide at location 225 at time 946
Warning: TestConstraints found future collision at end of timestep 891
Agent 2 and 6 collide at location 225 at time 946
Warning: TestConstraints found future collision at timestep 892 (will be re-planned)
Agent 2 and 6 collide at location 225 at time 946
Warning: TestConstraints found future collision at end of timestep 892
Agent 2 and 6 collide at location 225 at time 946
Warning: TestConstraints found future collision at timestep 893 (will be re-planned)
Agent 2 and 6 collide at location 225 at time 946
Warning: TestConstraints found future collision at end of timestep 893
Agent 2 and 6 collide at location 225 at time 946
Warning: TestConstraints found future collision at timestep 894 (will be re-planned)
Agent 2 and 6 collide at location 225 at time 946
Warning: TestConstraints found future collision at end of timestep 894
Agent 2 and 6 collide at location 225 at time 946
Warning: TestConstraints found future collision at timestep 895 (will be re-planned)
Agent 2 and 6 collide at location 225 at time 946
Warning: TestConstraints found future collision at end of timestep 895
Agent 2 and 6 collide at location 225 at time 946
Warning: TestConstraints found future collision at timestep 896 (will be re-planned)
Agent 2 and 6 collide at location 225 at time 946
Warning: TestConstraints found future collision at end of timestep 896
Agent 2 and 6 collide at location 225 at time 946
Warning: TestConstraints found future collision at timestep 897 (will be re-planned)
Agent 2 and 6 collide at location 225 at time 946
Warning: TestConstraints found future collision at end of timestep 897
Agent 0 and 1 collide at location 216 at time 952
Warning: TestConstraints found future collision at timestep 898 (will be re-planned)
Agent 0 and 1 collide at location 216 at time 952
Warning: TestConstraints found future collision at end of timestep 898
Agent 2 and 6 collide at location 225 at time 946
Warning: TestConstraints found future collision at timestep 899 (will be re-planned)
Agent 2 and 6 collide at location 225 at time 946
Warning: TestConstraints found future collision at end of timestep 899
Agent 0 and 1 collide at location 216 at time 952
Warning: TestConstraints found future collision at timestep 900 (will be re-planned)
Agent 0 and 1 collide at location 216 at time 952
Warning: TestConstraints found future collision at end of timestep 900
Agent 0 and 1 collide at location 216 at time 952
Warning: TestConstraints found future collision at timestep 901 (will be re-planned)
Agent 0 and 1 collide at location 216 at time 952
Warning: TestConstraints found future collision at end of timestep 901
Agent 0 and 1 collide at location 216 at time 952
Warning: TestConstraints found future collision at timestep 902 (will be re-planned)
Agent 0 and 1 collide at location 216 at time 952
Warning: TestConstraints found future collision at end of timestep 902
Agent 0 and 1 collide at location 216 at time 952
Warning: TestConstraints found future collision at timestep 903 (will be re-planned)
Agent 0 and 1 collide at location 216 at time 952
Warning: TestConstraints found future collision at end of timestep 903
Agent 0 and 1 collide at location 216 at time 952
Warning: TestConstraints found future collision at timestep 904 (will be re-planned)
Agent 0 and 1 collide at location 216 at time 952
Warning: TestConstraints found future collision at end of timestep 904
Agent 0 and 1 collide at location 216 at time 952
Warning: TestConstraints found future collision at timestep 905 (will be re-planned)
Agent 0 and 1 collide at location 216 at time 952
Warning: TestConstraints found future collision at end of timestep 905
Agent 0 and 1 collide at location 216 at time 952
Warning: TestConstraints found future collision at timestep 906 (will be re-planned)
Agent 0 and 1 collide at location 216 at time 952
Warning: TestConstraints found future collision at end of timestep 906
Agent 0 and 1 collide at location 216 at time 952
Warning: TestConstraints found future collision at timestep 907 (will be re-planned)
Agent 0 and 1 collide at location 216 at time 952
Warning: TestConstraints found future collision at end of timestep 907
Agent 0 and 1 collide at location 216 at time 952
Warning: TestConstraints found future collision at timestep 908 (will be re-planned)
Agent 0 and 1 collide at location 216 at time 952
Warning: TestConstraints found future collision at end of timestep 908
Agent 0 and 1 collide at location 216 at time 952
Warning: TestConstraints found future collision at timestep 909 (will be re-planned)
Agent 0 and 1 collide at location 216 at time 952
Warning: TestConstraints found future collision at end of timestep 909
Agent 0 and 1 collide at location 216 at time 952
Warning: TestConstraints found future collision at timestep 910 (will be re-planned)
Agent 0 and 1 collide at location 216 at time 952
Warning: TestConstraints found future collision at end of timestep 910
Agent 0 and 1 collide at location 216 at time 952
Warning: TestConstraints found future collision at timestep 911 (will be re-planned)
Agent 0 and 1 collide at location 216 at time 952
Warning: TestConstraints found future collision at end of timestep 911
Agent 0 and 1 collide at location 216 at time 952
Warning: TestConstraints found future collision at timestep 912 (will be re-planned)
Agent 0 and 1 collide at location 216 at time 952
Warning: TestConstraints found future collision at end of timestep 912
Agent 0 and 1 collide at location 216 at time 952
Warning: TestConstraints found future collision at timestep 913 (will be re-planned)
Agent 0 and 1 collide at location 216 at time 952
Warning: TestConstraints found future collision at end of timestep 913
Agent 0 and 1 collide at location 216 at time 952
Warning: TestConstraints found future collision at timestep 914 (will be re-planned)
Agent 0 and 1 collide at location 216 at time 952
Warning: TestConstraints found future collision at end of timestep 914
Agent 0 and 1 collide at location 216 at time 952
Warning: TestConstraints found future collision at timestep 915 (will be re-planned)
Agent 0 and 1 collide at location 216 at time 952
Warning: TestConstraints found future collision at end of timestep 915
Agent 0 and 1 collide at location 216 at time 952
Warning: TestConstraints found future collision at timestep 916 (will be re-planned)
Agent 0 and 1 collide at location 216 at time 952
Warning: TestConstraints found future collision at end of timestep 916
Agent 0 and 1 collide at location 216 at time 952
Warning: TestConstraints found future collision at timestep 917 (will be re-planned)
Agent 0 and 1 collide at location 216 at time 952
Warning: TestConstraints found future collision at end of timestep 917
Agent 0 and 1 collide at location 216 at time 952
Warning: TestConstraints found future collision at timestep 918 (will be re-planned)
Agent 0 and 1 collide at location 216 at time 952
Warning: TestConstraints found future collision at end of timestep 918
Agent 0 and 1 collide at location 216 at time 952
Warning: TestConstraints found future collision at timestep 919 (will be re-planned)
Agent 0 and 1 collide at location 216 at time 952
Warning: TestConstraints found future collision at end of timestep 919
Agent 0 and 1 collide at location 216 at time 952
Warning: TestConstraints found future collision at timestep 920 (will be re-planned)
Agent 0 and 1 collide at location 216 at time 952
Warning: TestConstraints found future collision at end of timestep 920
Agent 0 and 1 collide at location 216 at time 952
Warning: TestConstraints found future collision at timestep 921 (will be re-planned)
Agent 0 and 1 collide at location 216 at time 952
Warning: TestConstraints found future collision at end of timestep 921
Agent 0 and 1 collide at location 216 at time 952
Warning: TestConstraints found future collision at timestep 922 (will be re-planned)
Agent 0 and 1 collide at location 216 at time 952
Warning: TestConstraints found future collision at end of timestep 922
Agent 0 and 1 collide at location 216 at time 952
Warning: TestConstraints found future collision at timestep 923 (will be re-planned)
Agent 0 and 1 collide at location 216 at time 952
Warning: TestConstraints found future collision at end of timestep 923
Agent 0 and 1 collide at location 216 at time 952
Warning: TestConstraints found future collision at timestep 924 (will be re-planned)
Agent 0 and 1 collide at location 216 at time 952
Warning: TestConstraints found future collision at end of timestep 924
Agent 0 and 1 collide at location 216 at time 952
Warning: TestConstraints found future collision at timestep 925 (will be re-planned)
Agent 0 and 1 collide at location 216 at time 952
Warning: TestConstraints found future collision at end of timestep 925
Agent 0 and 1 collide at location 216 at time 952
Warning: TestConstraints found future collision at timestep 926 (will be re-planned)
Agent 0 and 1 collide at location 216 at time 952
Warning: TestConstraints found future collision at end of timestep 926
Agent 2 and 6 collide at location 225 at time 952
Warning: TestConstraints found future collision at timestep 927 (will be re-planned)
Agent 2 and 6 collide at location 225 at time 952
Warning: TestConstraints found future collision at end of timestep 927
Agent 0 and 1 collide at location 216 at time 958
Warning: TestConstraints found future collision at timestep 928 (will be re-planned)
Agent 0 and 1 collide at location 216 at time 958
Warning: TestConstraints found future collision at end of timestep 928
Agent 0 and 1 collide at location 216 at time 958
Warning: TestConstraints found future collision at timestep 929 (will be re-planned)
Agent 0 and 1 collide at location 216 at time 958
Warning: TestConstraints found future collision at end of timestep 929
Agent 0 and 1 collide at location 216 at time 958
Warning: TestConstraints found future collision at timestep 930 (will be re-planned)
Agent 0 and 1 collide at location 216 at time 958
Warning: TestConstraints found future collision at end of timestep 930
Agent 0 and 1 collide at location 216 at time 958
Warning: TestConstraints found future collision at timestep 931 (will be re-planned)
Agent 0 and 1 collide at location 216 at time 958
Warning: TestConstraints found future collision at end of timestep 931
Agent 0 and 1 collide at location 216 at time 958
Warning: TestConstraints found future collision at timestep 932 (will be re-planned)
Agent 0 and 1 collide at location 216 at time 958
Warning: TestConstraints found future collision at end of timestep 932
Agent 0 and 1 collide at location 216 at time 958
Warning: TestConstraints found future collision at timestep 933 (will be re-planned)
Agent 0 and 1 collide at location 216 at time 958
Warning: TestConstraints found future collision at end of timestep 933
Agent 0 and 1 collide at location 216 at time 958
Warning: TestConstraints found future collision at timestep 934 (will be re-planned)
Agent 0 and 1 collide at location 216 at time 958
Warning: TestConstraints found future collision at end of timestep 934
Agent 0 and 1 collide at location 216 at time 958
Warning: TestConstraints found future collision at timestep 935 (will be re-planned)
Agent 0 and 1 collide at location 216 at time 958
Warning: TestConstraints found future collision at end of timestep 935
Agent 0 and 1 collide at location 216 at time 958
Warning: TestConstraints found future collision at timestep 936 (will be re-planned)
Agent 0 and 1 collide at location 216 at time 958
Warning: TestConstraints found future collision at end of timestep 936
Agent 0 and 1 collide at location 216 at time 958
Warning: TestConstraints found future collision at timestep 937 (will be re-planned)
Agent 0 and 1 collide at location 216 at time 958
Warning: TestConstraints found future collision at end of timestep 937
Agent 0 and 1 collide at location 216 at time 968
Warning: TestConstraints found future collision at timestep 944 (will be re-planned)
Agent 0 and 1 collide at location 216 at time 968
Warning: TestConstraints found future collision at end of timestep 944
Agent 0 and 1 collide at location 216 at time 968
Warning: TestConstraints found future collision at timestep 945 (will be re-planned)
Agent 0 and 1 collide at location 216 at time 968
Warning: TestConstraints found future collision at end of timestep 945
Agent 0 and 1 collide at location 216 at time 968
Warning: TestConstraints found future collision at timestep 946 (will be re-planned)
Agent 0 and 1 collide at location 216 at time 968
Warning: TestConstraints found future collision at end of timestep 946
Agent 3 and 4 collide at location 366 at time 983
Warning: TestConstraints found future collision at timestep 948 (will be re-planned)
Agent 3 and 4 collide at location 366 at time 983
Warning: TestConstraints found future collision at end of timestep 948
Agent 3 and 4 collide at location 366 at time 983
Warning: TestConstraints found future collision at timestep 949 (will be re-planned)
Agent 3 and 4 collide at location 366 at time 983
Warning: TestConstraints found future collision at end of timestep 949
Agent 3 and 4 collide at location 366 at time 983
Warning: TestConstraints found future collision at timestep 950 (will be re-planned)
Agent 3 and 4 collide at location 366 at time 983
Warning: TestConstraints found future collision at end of timestep 950
Agent 3 and 4 collide at location 366 at time 983
Warning: TestConstraints found future collision at timestep 951 (will be re-planned)
Agent 3 and 4 collide at location 366 at time 983
Warning: TestConstraints found future collision at end of timestep 951
Agent 0 and 1 collide at location 216 at time 1002
Warning: TestConstraints found future collision at timestep 952 (will be re-planned)
Agent 0 and 1 collide at location 216 at time 1002
Warning: TestConstraints found future collision at end of timestep 952
Agent 0 and 1 collide at location 216 at time 1002
Warning: TestConstraints found future collision at timestep 953 (will be re-planned)
Agent 0 and 1 collide at location 216 at time 1002
Warning: TestConstraints found future collision at end of timestep 953
Agent 0 and 1 collide at location 216 at time 1002
Warning: TestConstraints found future collision at timestep 954 (will be re-planned)
Agent 0 and 1 collide at location 216 at time 1002
Warning: TestConstraints found future collision at end of timestep 954
Agent 3 and 4 collide at location 366 at time 983
Warning: TestConstraints found future collision at timestep 955 (will be re-planned)
Agent 3 and 4 collide at location 366 at time 983
Warning: TestConstraints found future collision at end of timestep 955
Agent 3 and 4 collide at location 366 at time 983
Warning: TestConstraints found future collision at timestep 956 (will be re-planned)
Agent 3 and 4 collide at location 366 at time 983
Warning: TestConstraints found future collision at end of timestep 956
Agent 4 and 8 collide at location 366 at time 990
Warning: TestConstraints found future collision at timestep 957 (will be re-planned)
Agent 4 and 8 collide at location 366 at time 990
Warning: TestConstraints found future collision at end of timestep 957
Agent 4 and 8 collide at location 366 at time 990
Warning: TestConstraints found future collision at timestep 958 (will be re-planned)
Agent 4 and 8 collide at location 366 at time 990
Warning: TestConstraints found future collision at end of timestep 958
Agent 4 and 8 collide at location 366 at time 990
Warning: TestConstraints found future collision at timestep 959 (will be re-planned)
Agent 4 and 8 collide at location 366 at time 990
Warning: TestConstraints found future collision at end of timestep 959
Agent 4 and 8 collide at location 366 at time 990
Warning: TestConstraints found future collision at timestep 960 (will be re-planned)
Agent 4 and 8 collide at location 366 at time 990
Warning: TestConstraints found future collision at end of timestep 960
Agent 7 and 9 collide at edge 462-499 at time 982
Warning: TestConstraints found future collision at timestep 966 (will be re-planned)
Agent 7 and 9 collide at edge 462-499 at time 982
Warning: TestConstraints found future collision at end of timestep 966
Agent 7 and 9 collide at edge 462-499 at time 982
Warning: TestConstraints found future collision at timestep 967 (will be re-planned)
Agent 7 and 9 collide at edge 462-499 at time 982
Warning: TestConstraints found future collision at end of timestep 967
Agent 3 and 4 collide at location 366 at time 997
Warning: TestConstraints found future collision at timestep 968 (will be re-planned)
Agent 3 and 4 collide at location 366 at time 997
Warning: TestConstraints found future collision at end of timestep 968
Agent 3 and 4 collide at location 366 at time 997
Warning: TestConstraints found future collision at timestep 969 (will be re-planned)
Agent 3 and 4 collide at location 366 at time 997
Warning: TestConstraints found future collision at end of timestep 969
Agent 3 and 4 collide at location 366 at time 997
Warning: TestConstraints found future collision at timestep 970 (will be re-planned)
Agent 3 and 4 collide at location 366 at time 997
Warning: TestConstraints found future collision at end of timestep 970
Agent 0 and 1 collide at location 216 at time 1016
Warning: TestConstraints found future collision at timestep 971 (will be re-planned)
Agent 0 and 1 collide at location 216 at time 1016
Warning: TestConstraints found future collision at end of timestep 971
Agent 0 and 1 collide at location 216 at time 1016
Warning: TestConstraints found future collision at timestep 972 (will be re-planned)
Agent 0 and 1 collide at location 216 at time 1016
Warning: TestConstraints found future collision at end of timestep 972
Agent 0 and 1 collide at location 216 at time 1016
Warning: TestConstraints found future collision at timestep 973 (will be re-planned)
Agent 0 and 1 collide at location 216 at time 1016
Warning: TestConstraints found future collision at end of timestep 973
Agent 0 and 1 collide at location 216 at time 1016
Warning: TestConstraints found future collision at timestep 974 (will be re-planned)
Agent 0 and 1 collide at location 216 at time 1016
Warning: TestConstraints found future collision at end of timestep 974
Agent 0 and 1 collide at location 216 at time 1016
Warning: TestConstraints found future collision at timestep 975 (will be re-planned)
Agent 0 and 1 collide at location 216 at time 1016
Warning: TestConstraints found future collision at end of timestep 975
Agent 0 and 1 collide at location 216 at time 1016
Warning: TestConstraints found future collision at timestep 976 (will be re-planned)
Agent 0 and 1 collide at location 216 at time 1016
Warning: TestConstraints found future collision at end of timestep 976
Agent 0 and 1 collide at location 216 at time 1016
Warning: TestConstraints found future collision at timestep 977 (will be re-planned)
Agent 0 and 1 collide at location 216 at time 1016
Warning: TestConstraints found future collision at end of timestep 977
Agent 0 and 1 collide at location 216 at time 1016
Warning: TestConstraints found future collision at timestep 978 (will be re-planned)
Agent 0 and 1 collide at location 216 at time 1016
Warning: TestConstraints found future collision at end of timestep 978
Agent 0 and 1 collide at location 216 at time 1016
Warning: TestConstraints found future collision at timestep 979 (will be re-planned)
Agent 0 and 1 collide at location 216 at time 1016
Warning: TestConstraints found future collision at end of timestep 979
Agent 0 and 1 collide at location 216 at time 1016
Warning: TestConstraints found future collision at timestep 980 (will be re-planned)
Agent 0 and 1 collide at location 216 at time 1016
Warning: TestConstraints found future collision at end of timestep 980
Agent 2 and 6 collide at location 521 at time 1009
Warning: TestConstraints found future collision at timestep 981 (will be re-planned)
Agent 2 and 6 collide at location 521 at time 1009
Warning: TestConstraints found future collision at end of timestep 981
Agent 2 and 6 collide at location 521 at time 1009
Warning: TestConstraints found future collision at timestep 982 (will be re-planned)
Agent 2 and 6 collide at location 521 at time 1009
Warning: TestConstraints found future collision at end of timestep 982
Agent 2 and 6 collide at location 521 at time 1009
Warning: TestConstraints found future collision at timestep 983 (will be re-planned)
Agent 2 and 6 collide at location 521 at time 1009
Warning: TestConstraints found future collision at end of timestep 983
Agent 2 and 6 collide at location 521 at time 1009
Warning: TestConstraints found future collision at timestep 984 (will be re-planned)
Agent 2 and 6 collide at location 521 at time 1009
Warning: TestConstraints found future collision at end of timestep 984
Agent 5 and 8 collide at location 663 at time 1029
Warning: TestConstraints found future collision at timestep 985 (will be re-planned)
Agent 5 and 8 collide at location 663 at time 1029
Warning: TestConstraints found future collision at end of timestep 985
Agent 5 and 8 collide at location 663 at time 1029
Warning: TestConstraints found future collision at timestep 986 (will be re-planned)
Agent 5 and 8 collide at location 663 at time 1029
Warning: TestConstraints found future collision at end of timestep 986
Agent 5 and 8 collide at location 663 at time 1029
Warning: TestConstraints found future collision at timestep 987 (will be re-planned)
Agent 5 and 8 collide at location 663 at time 1029
Warning: TestConstraints found future collision at end of timestep 987
Agent 5 and 8 collide at location 663 at time 1029
Warning: TestConstraints found future collision at timestep 988 (will be re-planned)
Agent 5 and 8 collide at location 663 at time 1029
Warning: TestConstraints found future collision at end of timestep 988
Agent 2 and 6 collide at location 521 at time 1019
Warning: TestConstraints found future collision at timestep 989 (will be re-planned)
Agent 2 and 6 collide at location 521 at time 1019
Warning: TestConstraints found future collision at end of timestep 989
Agent 2 and 6 collide at location 521 at time 1019
Warning: TestConstraints found future collision at timestep 990 (will be re-planned)
Agent 2 and 6 collide at location 521 at time 1019
Warning: TestConstraints found future collision at end of timestep 990
Agent 2 and 6 collide at location 521 at time 1019
Warning: TestConstraints found future collision at timestep 991 (will be re-planned)
Agent 2 and 6 collide at location 521 at time 1019
Warning: TestConstraints found future collision at end of timestep 991
Agent 2 and 6 collide at location 521 at time 1019
Warning: TestConstraints found future collision at timestep 992 (will be re-planned)
Agent 2 and 6 collide at location 521 at time 1019
Warning: TestConstraints found future collision at end of timestep 992
Agent 2 and 6 collide at location 521 at time 1019
Warning: TestConstraints found future collision at timestep 993 (will be re-planned)
Agent 2 and 6 collide at location 521 at time 1019
Warning: TestConstraints found future collision at end of timestep 993
Agent 2 and 6 collide at location 521 at time 1019
Warning: TestConstraints found future collision at timestep 994 (will be re-planned)
Agent 2 and 6 collide at location 521 at time 1019
Warning: TestConstraints found future collision at end of timestep 994
Agent 2 and 6 collide at location 521 at time 1019
Warning: TestConstraints found future collision at timestep 995 (will be re-planned)
Agent 2 and 6 collide at location 521 at time 1019
Warning: TestConstraints found future collision at end of timestep 995
Agent 2 and 6 collide at location 521 at time 1019
Warning: TestConstraints found future collision at timestep 996 (will be re-planned)
Agent 2 and 6 collide at location 521 at time 1019
Warning: TestConstraints found future collision at end of timestep 996
Agent 2 and 6 collide at location 521 at time 1019
Warning: TestConstraints found future collision at timestep 997 (will be re-planned)
Agent 2 and 6 collide at location 521 at time 1019
Warning: TestConstraints found future collision at end of timestep 997
Agent 2 and 6 collide at location 521 at time 1019
Warning: TestConstraints found future collision at timestep 998 (will be re-planned)
Agent 2 and 6 collide at location 521 at time 1019
Warning: TestConstraints found future collision at end of timestep 998
Agent 2 and 6 collide at location 521 at time 1019
Warning: TestConstraints found future collision at timestep 999 (will be re-planned)
Agent 2 and 6 collide at location 521 at time 1019
Warning: TestConstraints found future collision at end of timestep 999
Agent 2 and 6 collide at location 521 at time 1019
Warning: TestConstraints found future collision at timestep 1000 (will be re-planned)
Agent 2 and 6 collide at location 521 at time 1019
Warning: TestConstraints found future collision at end of timestep 1000
Agent 2 and 3 collide at location 225 at time 1032
Warning: TestConstraints found future collision at timestep 1001 (will be re-planned)
Agent 2 and 3 collide at location 225 at time 1032
Warning: TestConstraints found future collision at end of timestep 1001
Agent 2 and 3 collide at location 225 at time 1032
Warning: TestConstraints found future collision at timestep 1002 (will be re-planned)
Agent 2 and 3 collide at location 225 at time 1032
Warning: TestConstraints found future collision at end of timestep 1002
Agent 2 and 3 collide at location 225 at time 1032
Warning: TestConstraints found future collision at timestep 1003 (will be re-planned)
Agent 2 and 3 collide at location 225 at time 1032
Warning: TestConstraints found future collision at end of timestep 1003
Agent 2 and 3 collide at location 225 at time 1032
Warning: TestConstraints found future collision at timestep 1004 (will be re-planned)
Agent 2 and 3 collide at location 225 at time 1032
Warning: TestConstraints found future collision at end of timestep 1004
Agent 2 and 3 collide at location 225 at time 1032
Warning: TestConstraints found future collision at timestep 1005 (will be re-planned)
Agent 2 and 3 collide at location 225 at time 1032
Warning: TestConstraints found future collision at end of timestep 1005
Agent 2 and 3 collide at location 225 at time 1032
Warning: TestConstraints found future collision at timestep 1006 (will be re-planned)
Agent 2 and 3 collide at location 225 at time 1032
Warning: TestConstraints found future collision at end of timestep 1006
Agent 2 and 3 collide at location 225 at time 1032
Warning: TestConstraints found future collision at timestep 1007 (will be re-planned)
Agent 2 and 3 collide at location 225 at time 1032
Warning: TestConstraints found future collision at end of timestep 1007
Agent 2 and 3 collide at location 225 at time 1032
Warning: TestConstraints found future collision at timestep 1008 (will be re-planned)
Agent 2 and 3 collide at location 225 at time 1032
Warning: TestConstraints found future collision at end of timestep 1008
Agent 2 and 3 collide at location 225 at time 1032
Warning: TestConstraints found future collision at timestep 1009 (will be re-planned)
Agent 2 and 3 collide at location 225 at time 1032
Warning: TestConstraints found future collision at end of timestep 1009
Agent 2 and 3 collide at location 225 at time 1032
Warning: TestConstraints found future collision at timestep 1010 (will be re-planned)
Agent 2 and 3 collide at location 225 at time 1032
Warning: TestConstraints found future collision at end of timestep 1010
Agent 2 and 3 collide at location 225 at time 1032
Warning: TestConstraints found future collision at timestep 1011 (will be re-planned)
Agent 2 and 3 collide at location 225 at time 1032
Warning: TestConstraints found future collision at end of timestep 1011
Agent 2 and 3 collide at location 225 at time 1032
Warning: TestConstraints found future collision at timestep 1012 (will be re-planned)
Agent 2 and 3 collide at location 225 at time 1032
Warning: TestConstraints found future collision at end of timestep 1012
Agent 0 and 1 collide at location 216 at time 1055
Warning: TestConstraints found future collision at timestep 1013 (will be re-planned)
Agent 0 and 1 collide at location 216 at time 1055
Warning: TestConstraints found future collision at end of timestep 1013
Agent 0 and 1 collide at location 216 at time 1055
Warning: TestConstraints found future collision at timestep 1014 (will be re-planned)
Agent 0 and 1 collide at location 216 at time 1055
Warning: TestConstraints found future collision at end of timestep 1014
Agent 0 and 1 collide at location 216 at time 1055
Warning: TestConstraints found future collision at timestep 1015 (will be re-planned)
Agent 0 and 1 collide at location 216 at time 1055
Warning: TestConstraints found future collision at end of timestep 1015
Agent 0 and 1 collide at location 216 at time 1055
Warning: TestConstraints found future collision at timestep 1016 (will be re-planned)
Agent 0 and 1 collide at location 216 at time 1055
Warning: TestConstraints found future collision at end of timestep 1016
Agent 0 and 1 collide at location 216 at time 1055
Warning: TestConstraints found future collision at timestep 1017 (will be re-planned)
Agent 0 and 1 collide at location 216 at time 1055
Warning: TestConstraints found future collision at end of timestep 1017
Agent 0 and 1 collide at location 216 at time 1055
Warning: TestConstraints found future collision at timestep 1018 (will be re-planned)
Agent 0 and 1 collide at location 216 at time 1055
Warning: TestConstraints found future collision at end of timestep 1018
Agent 0 and 1 collide at location 216 at time 1055
Warning: TestConstraints found future collision at timestep 1019 (will be re-planned)
Agent 0 and 1 collide at location 216 at time 1055
Warning: TestConstraints found future collision at end of timestep 1019
Agent 0 and 1 collide at location 216 at time 1055
Warning: TestConstraints found future collision at timestep 1020 (will be re-planned)
Agent 0 and 1 collide at location 216 at time 1055
Warning: TestConstraints found future collision at end of timestep 1020
Agent 0 and 1 collide at location 216 at time 1055
Warning: TestConstraints found future collision at timestep 1021 (will be re-planned)
Agent 0 and 1 collide at location 216 at time 1055
Warning: TestConstraints found future collision at end of timestep 1021
Agent 0 and 1 collide at location 216 at time 1055
Warning: TestConstraints found future collision at timestep 1022 (will be re-planned)
Agent 0 and 1 collide at location 216 at time 1055
Warning: TestConstraints found future collision at end of timestep 1022
Agent 0 and 1 collide at location 216 at time 1055
Warning: TestConstraints found future collision at timestep 1023 (will be re-planned)
Agent 0 and 1 collide at location 216 at time 1055
Warning: TestConstraints found future collision at end of timestep 1023
Agent 0 and 1 collide at location 216 at time 1055
Warning: TestConstraints found future collision at timestep 1024 (will be re-planned)
Agent 0 and 1 collide at location 216 at time 1055
Warning: TestConstraints found future collision at end of timestep 1024
Agent 0 and 1 collide at location 216 at time 1055
Warning: TestConstraints found future collision at timestep 1025 (will be re-planned)
Agent 0 and 1 collide at location 216 at time 1055
Warning: TestConstraints found future collision at end of timestep 1025
Agent 0 and 1 collide at location 216 at time 1055
Warning: TestConstraints found future collision at timestep 1026 (will be re-planned)
Agent 0 and 1 collide at location 216 at time 1055
Warning: TestConstraints found future collision at end of timestep 1026
Agent 0 and 1 collide at location 216 at time 1055
Warning: TestConstraints found future collision at timestep 1027 (will be re-planned)
Agent 0 and 1 collide at location 216 at time 1055
Warning: TestConstraints found future collision at end of timestep 1027
Agent 0 and 1 collide at location 216 at time 1055
Warning: TestConstraints found future collision at timestep 1028 (will be re-planned)
Agent 0 and 1 collide at location 216 at time 1055
Warning: TestConstraints found future collision at end of timestep 1028
Agent 0 and 1 collide at location 216 at time 1055
Warning: TestConstraints found future collision at timestep 1029 (will be re-planned)
Agent 0 and 1 collide at location 216 at time 1055
Warning: TestConstraints found future collision at end of timestep 1029
Agent 0 and 1 collide at location 216 at time 1055
Warning: TestConstraints found future collision at timestep 1030 (will be re-planned)
Agent 0 and 1 collide at location 216 at time 1055
Warning: TestConstraints found future collision at end of timestep 1030
Agent 0 and 1 collide at location 216 at time 1055
Warning: TestConstraints found future collision at timestep 1031 (will be re-planned)
Agent 0 and 1 collide at location 216 at time 1055
Warning: TestConstraints found future collision at end of timestep 1031
Agent 0 and 1 collide at location 216 at time 1055
Warning: TestConstraints found future collision at timestep 1032 (will be re-planned)
Agent 0 and 1 collide at location 216 at time 1055
Warning: TestConstraints found future collision at end of timestep 1032
Agent 0 and 1 collide at location 216 at time 1055
Warning: TestConstraints found future collision at timestep 1033 (will be re-planned)
Agent 0 and 1 collide at location 216 at time 1055
Warning: TestConstraints found future collision at end of timestep 1033
Agent 0 and 1 collide at location 216 at time 1055
Warning: TestConstraints found future collision at timestep 1034 (will be re-planned)
Agent 0 and 1 collide at location 216 at time 1055
Warning: TestConstraints found future collision at end of timestep 1034
Agent 0 and 1 collide at location 216 at time 1055
Warning: TestConstraints found future collision at timestep 1035 (will be re-planned)
Agent 0 and 1 collide at location 216 at time 1055
Warning: TestConstraints found future collision at end of timestep 1035
Agent 0 and 1 collide at location 216 at time 1055
Warning: TestConstraints found future collision at timestep 1036 (will be re-planned)
Agent 0 and 1 collide at location 216 at time 1055
Warning: TestConstraints found future collision at end of timestep 1036
Agent 0 and 1 collide at location 216 at time 1055
Warning: TestConstraints found future collision at timestep 1037 (will be re-planned)
Agent 0 and 1 collide at location 216 at time 1055
Warning: TestConstraints found future collision at end of timestep 1037
